configuration,sample_id,status,first_failure_reason,first_failure_step,max_next_ellipsoid_value,max_simulator_difference
none__box_1.0,1,success,success,,0.4389543187146696,0.0
none__box_1.0,2,success,success,,0.6195917293155588,0.0
none__box_1.0,3,success,success,,0.13609130840313807,0.0
none__box_1.0,4,success,success,,0.6475773824933001,0.0
none__box_1.0,5,success,success,,0.22941628189795832,0.0
none__box_1.0,6,success,success,,0.4116656017028589,0.0
none__box_1.0,7,success,success,,0.220960651314654,0.0
none__box_1.0,8,success,success,,0.5904374613312596,0.0
none__box_1.0,9,success,success,,0.4216902443001216,0.0
none__box_1.0,10,success,success,,0.16638279617966079,0.0
none__box_1.0,11,success,success,,0.649681292081604,0.0
none__box_1.0,12,success,success,,0.7561734513933083,0.0
none__box_1.0,13,success,success,,0.6636101292488694,0.0
none__box_1.0,14,success,success,,0.44118893221540656,0.0
none__box_1.0,15,success,success,,0.7109963167887223,0.0
none__box_1.0,16,success,success,,0.3505315943736453,0.0
none__box_1.0,17,success,success,,0.18306158544059375,0.0
none__box_1.0,18,success,success,,0.4776223537702689,0.0
none__box_1.0,19,success,success,,0.4278750742124305,0.0
none__box_1.0,20,success,success,,0.3578663103331725,0.0
none__box_1.0,21,success,success,,0.7893725917451562,0.0
none__box_1.0,22,success,success,,0.5569357672774489,0.0
none__box_1.0,23,success,success,,0.267732538926282,0.0
none__box_1.0,24,success,success,,0.619780432596401,0.0
none__box_1.0,25,success,success,,0.6065548067960352,0.0
none__box_1.0,26,success,success,,0.37200170495193174,0.0
none__box_1.0,27,success,success,,0.532324383127754,0.0
none__box_1.0,28,success,success,,0.6136883743763792,0.0
none__box_1.0,29,success,success,,0.5666002538120668,0.0
none__box_1.0,30,success,success,,0.40178855922121043,0.0
none__box_1.0,31,success,success,,0.06831950895604025,0.0
none__box_1.0,32,success,success,,0.48736672049761787,0.0
none__box_1.0,33,success,success,,0.6731140658833056,0.0
none__box_1.0,34,success,success,,0.29049145568653667,0.0
none__box_1.0,35,success,success,,0.5443217407068537,0.0
none__box_1.0,36,success,success,,0.7069444800541836,0.0
none__box_1.0,37,success,success,,0.5186897379436819,0.0
none__box_1.0,38,success,success,,0.5945567554699815,0.0
none__box_1.0,39,success,success,,0.7116739731877418,0.0
none__box_1.0,40,success,success,,0.14180851887534185,0.0
none__box_1.0,41,success,success,,0.5724284983473205,0.0
none__box_1.0,42,success,success,,0.08182555611795626,0.0
none__box_1.0,43,success,success,,0.36722239944136087,0.0
none__box_1.0,44,success,success,,0.6896073968609912,0.0
none__box_1.0,45,success,success,,0.7626060966495434,0.0
none__box_1.0,46,success,success,,0.5403409318875811,0.0
none__box_1.0,47,success,success,,0.5187903793444887,0.0
none__box_1.0,48,success,success,,0.7389981705977761,0.0
none__box_1.0,49,success,success,,0.09624852462662603,0.0
none__box_1.0,50,success,success,,0.5473664814943547,0.0
none__box_1.0,51,success,success,,0.19250897164875272,0.0
none__box_1.0,52,success,success,,0.12537643443122143,0.0
none__box_1.0,53,success,success,,0.49543925965107305,0.0
none__box_1.0,54,success,success,,0.6036424557679367,0.0
none__box_1.0,55,success,success,,0.6395406322067654,0.0
none__box_1.0,56,success,success,,0.19573774965221502,0.0
none__box_1.0,57,success,success,,0.6759760463203144,0.0
none__box_1.0,58,success,success,,0.495586802728383,0.0
none__box_1.0,59,success,success,,0.22178095173853088,0.0
none__box_1.0,60,success,success,,0.4773033369047827,0.0
none__box_1.0,61,success,success,,0.343017597526543,0.0
none__box_1.0,62,success,success,,0.6299214725913018,0.0
none__box_1.0,63,success,success,,0.21333544277889344,0.0
none__box_1.0,64,success,success,,0.5157443674322167,0.0
none__box_1.0,65,success,success,,0.6844808632127376,0.0
none__box_1.0,66,success,success,,0.5959022686375144,0.0
none__box_1.0,67,success,success,,0.7000185536986657,0.0
none__box_1.0,68,success,success,,0.4752247421946031,0.0
none__box_1.0,69,success,success,,0.4999317829118266,0.0
none__box_1.0,70,success,success,,0.707324943804546,0.0
none__box_1.0,71,success,success,,0.6995230318251842,0.0
none__box_1.0,72,success,success,,0.7732862155053969,0.0
none__box_1.0,73,success,success,,0.23035020343436796,0.0
none__box_1.0,74,success,success,,0.4304334026458807,0.0
none__box_1.0,75,success,success,,0.5509431598630543,0.0
none__box_1.0,76,success,success,,0.45217433426119624,0.0
none__box_1.0,77,success,success,,0.6382476893973335,0.0
none__box_1.0,78,success,success,,0.650997317596175,0.0
none__box_1.0,79,success,success,,0.08630693350676898,0.0
none__box_1.0,80,success,success,,0.5488084417914527,0.0
none__box_1.0,81,success,success,,0.07536402774348079,0.0
none__box_1.0,82,success,success,,0.37720999107203235,0.0
none__box_1.0,83,success,success,,0.5322637688651557,0.0
none__box_1.0,84,success,success,,0.5551593139197901,0.0
none__box_1.0,85,success,success,,0.5237955894956883,0.0
none__box_1.0,86,success,success,,0.6997451163649903,0.0
none__box_1.0,87,success,success,,0.42139822855596676,0.0
none__box_1.0,88,success,success,,0.6988756054284925,0.0
none__box_1.0,89,success,success,,0.4546082267600965,0.0
none__box_1.0,90,success,success,,0.6327718654981752,0.0
none__box_1.0,91,success,success,,0.5639138479943593,0.0
none__box_1.0,92,success,success,,0.6760896235129239,0.0
none__box_1.0,93,success,success,,0.5607754450303704,0.0
none__box_1.0,94,success,success,,0.38634966683981486,0.0
none__box_1.0,95,success,success,,0.6072753302511236,0.0
none__box_1.0,96,success,success,,0.3349393043362192,0.0
none__box_1.0,97,success,success,,0.40434586314003074,0.0
none__box_1.0,98,success,success,,0.18360486244659258,0.0
none__box_1.0,99,success,success,,0.8001719673708919,0.0
none__box_1.0,100,success,success,,0.2765725552570642,0.0
none__box_1.0,101,success,success,,0.537679307817442,0.0
none__box_1.0,102,success,success,,0.2033380159311231,0.0
none__box_1.0,103,success,success,,0.29089124041960185,0.0
none__box_1.0,104,success,success,,0.28691873032447107,0.0
none__box_1.0,105,success,success,,0.14546599401579896,0.0
none__box_1.0,106,success,success,,0.478791748371992,0.0
none__box_1.0,107,success,success,,0.7688928676290626,0.0
none__box_1.0,108,success,success,,0.24895626385713315,0.0
none__box_1.0,109,success,success,,0.7099311510550824,0.0
none__box_1.0,110,success,success,,0.6968409288321578,0.0
none__box_1.0,111,success,success,,0.39989205198858707,0.0
none__box_1.0,112,success,success,,0.29684449411263913,0.0
none__box_1.0,113,success,success,,0.7127206720840162,0.0
none__box_1.0,114,success,success,,0.4929166796579625,0.0
none__box_1.0,115,success,success,,0.3973295556725348,0.0
none__box_1.0,116,success,success,,0.7193601888360345,0.0
none__box_1.0,117,success,success,,0.2402499694761115,0.0
none__box_1.0,118,success,success,,0.5193766606895607,0.0
none__box_1.0,119,success,success,,0.08945484289703423,0.0
none__box_1.0,120,success,success,,0.1659677858618597,0.0
none__box_1.0,121,success,success,,0.6495408543273244,0.0
none__box_1.0,122,success,success,,0.20755140800023422,0.0
none__box_1.0,123,success,success,,0.3983960029502768,0.0
none__box_1.0,124,success,success,,0.5558810527499621,0.0
none__box_1.0,125,success,success,,0.33200342544248085,0.0
none__box_1.0,126,success,success,,0.5201828023849161,0.0
none__box_1.0,127,success,success,,0.449797610958481,0.0
none__box_1.0,128,success,success,,0.4100748741101594,0.0
none__box_1.0,129,success,success,,0.626730385363368,0.0
none__box_1.0,130,success,success,,0.29217396338916224,0.0
none__box_1.0,131,success,success,,0.4546477542157993,0.0
none__box_1.0,132,success,success,,0.5297179801278195,0.0
none__box_1.0,133,success,success,,0.7480211714874174,0.0
none__box_1.0,134,success,success,,0.39754433038368586,0.0
none__box_1.0,135,success,success,,0.5415129278284633,0.0
none__box_1.0,136,success,success,,0.45121949009730244,0.0
none__box_1.0,137,success,success,,0.21443980021879472,0.0
none__box_1.0,138,success,success,,0.7302711386093014,0.0
none__box_1.0,139,success,success,,0.44722255278114514,0.0
none__box_1.0,140,success,success,,0.7324447403502252,0.0
none__box_1.0,141,success,success,,0.6098342833967187,0.0
none__box_1.0,142,success,success,,0.607912446556163,0.0
none__box_1.0,143,success,success,,0.40362990901441953,0.0
none__box_1.0,144,success,success,,0.41615860419844647,0.0
none__box_1.0,145,success,success,,0.640820968866671,0.0
none__box_1.0,146,success,success,,0.524994567904742,0.0
none__box_1.0,147,success,success,,0.6628103003257264,0.0
none__box_1.0,148,success,success,,0.6197589485801909,0.0
none__box_1.0,149,success,success,,0.6574411635825578,0.0
none__box_1.0,150,success,success,,0.3849205562189616,0.0
none__box_1.0,151,success,success,,0.28345445100719124,0.0
none__box_1.0,152,success,success,,0.6837623352779051,0.0
none__box_1.0,153,success,success,,0.7258161950110478,0.0
none__box_1.0,154,success,success,,0.20324411555426516,0.0
none__box_1.0,155,success,success,,0.7363593102011526,0.0
none__box_1.0,156,success,success,,0.5017325246297368,0.0
none__box_1.0,157,success,success,,0.6381075999146258,0.0
none__box_1.0,158,success,success,,0.2704129846613642,0.0
none__box_1.0,159,success,success,,0.6107309401277856,0.0
none__box_1.0,160,success,success,,0.4599598754968507,0.0
none__box_1.0,161,success,success,,0.6198591790691234,0.0
none__box_1.0,162,success,success,,0.6592612429092978,0.0
none__box_1.0,163,success,success,,0.5939332643565707,0.0
none__box_1.0,164,success,success,,0.5344504762013573,0.0
none__box_1.0,165,success,success,,0.6684842504055792,0.0
none__box_1.0,166,success,success,,0.7047256142148765,0.0
none__box_1.0,167,success,success,,0.6787350290150667,0.0
none__box_1.0,168,success,success,,0.7393912482620646,0.0
none__box_1.0,169,success,success,,0.6162327136630457,0.0
none__box_1.0,170,success,success,,0.697683992621585,0.0
none__box_1.0,171,success,success,,0.5941915835201423,0.0
none__box_1.0,172,success,success,,0.6917707942070781,0.0
none__box_1.0,173,success,success,,0.11801974886780772,0.0
none__box_1.0,174,success,success,,0.2940689473080987,0.0
none__box_1.0,175,success,success,,0.6470332484267088,0.0
none__box_1.0,176,success,success,,0.4299437200244972,0.0
none__box_1.0,177,success,success,,0.20035066188458733,0.0
none__box_1.0,178,success,success,,0.7352007705998576,0.0
none__box_1.0,179,success,success,,0.4831115692265212,0.0
none__box_1.0,180,success,success,,0.5082589947182555,0.0
none__box_1.0,181,success,success,,0.5616768494915902,0.0
none__box_1.0,182,success,success,,0.4992807349932159,0.0
none__box_1.0,183,success,success,,0.34530152839158956,0.0
none__box_1.0,184,success,success,,0.1908341490550136,0.0
none__box_1.0,185,success,success,,0.2717491860821724,0.0
none__box_1.0,186,success,success,,0.03911765577374695,0.0
none__box_1.0,187,success,success,,0.505922634177098,0.0
none__box_1.0,188,success,success,,0.4669198397402042,0.0
none__box_1.0,189,success,success,,0.26621632934275274,0.0
none__box_1.0,190,success,success,,0.42065012259882084,0.0
none__box_1.0,191,success,success,,0.33453472525407396,0.0
none__box_1.0,192,success,success,,0.6385780658689775,0.0
none__box_1.0,193,success,success,,0.5673501922172055,0.0
none__box_1.0,194,success,success,,0.5887725663366297,0.0
none__box_1.0,195,success,success,,0.6046174045290502,0.0
none__box_1.0,196,success,success,,0.18241416991555331,0.0
none__box_1.0,197,success,success,,0.6320506295593095,0.0
none__box_1.0,198,success,success,,0.7852048623150709,0.0
none__box_1.0,199,success,success,,0.20856791338704522,0.0
none__box_1.0,200,success,success,,0.5659478643922023,0.0
none__box_1.0,201,success,success,,0.2655739162422453,0.0
none__box_1.0,202,success,success,,0.5441435876889326,0.0
none__box_1.0,203,success,success,,0.5748386902521274,0.0
none__box_1.0,204,success,success,,0.45703391925246367,0.0
none__box_1.0,205,success,success,,0.6875008075677543,0.0
none__box_1.0,206,success,success,,0.6716312730348234,0.0
none__box_1.0,207,success,success,,0.3743329820332,0.0
none__box_1.0,208,success,success,,0.11533102376094492,0.0
none__box_1.0,209,success,success,,0.784118645742787,0.0
none__box_1.0,210,success,success,,0.32755559974211224,0.0
none__box_1.0,211,success,success,,0.607579168461684,0.0
none__box_1.0,212,success,success,,0.6038015771269292,0.0
none__box_1.0,213,success,success,,0.5009699525427573,0.0
none__box_1.0,214,success,success,,0.7443759298093557,0.0
none__box_1.0,215,success,success,,0.780246483128376,0.0
none__box_1.0,216,success,success,,0.3249564134047009,0.0
none__box_1.0,217,success,success,,0.5948678155930316,0.0
none__box_1.0,218,success,success,,0.4034169626473206,0.0
none__box_1.0,219,success,success,,0.4567149569148935,0.0
none__box_1.0,220,success,success,,0.6028780353490557,0.0
none__box_1.0,221,success,success,,0.14782552901429907,0.0
none__box_1.0,222,success,success,,0.5453384869474668,0.0
none__box_1.0,223,success,success,,0.26630391594918706,0.0
none__box_1.0,224,success,success,,0.7173127705626907,0.0
none__box_1.0,225,success,success,,0.5398068335711337,0.0
none__box_1.0,226,success,success,,0.4252142248051651,0.0
none__box_1.0,227,success,success,,0.11315928520131492,0.0
none__box_1.0,228,success,success,,0.6157478892932747,0.0
none__box_1.0,229,success,success,,0.30061812438145774,0.0
none__box_1.0,230,success,success,,0.1647925891193869,0.0
none__box_1.0,231,success,success,,0.4742010480660581,0.0
none__box_1.0,232,success,success,,0.7814319479001188,0.0
none__box_1.0,233,success,success,,0.3394043418780307,0.0
none__box_1.0,234,success,success,,0.09328589494516813,0.0
none__box_1.0,235,success,success,,0.4856736479864394,0.0
none__box_1.0,236,success,success,,0.07329519882290647,0.0
none__box_1.0,237,success,success,,0.7136036205731153,0.0
none__box_1.0,238,success,success,,0.4620717881974134,0.0
none__box_1.0,239,success,success,,0.39404056374314533,0.0
none__box_1.0,240,success,success,,0.4209650555326526,0.0
none__box_1.0,241,success,success,,0.6087777585115732,0.0
none__box_1.0,242,success,success,,0.29152446085864625,0.0
none__box_1.0,243,success,success,,0.5632756818092675,0.0
none__box_1.0,244,success,success,,0.604846215853313,0.0
none__box_1.0,245,success,success,,0.11732323674149177,0.0
none__box_1.0,246,success,success,,0.7683920546435324,0.0
none__box_1.0,247,success,success,,0.6387917573985912,0.0
none__box_1.0,248,success,success,,0.4229217626283202,0.0
none__box_1.0,249,success,success,,0.4342767298840843,0.0
none__box_1.0,250,success,success,,0.6339958796330278,0.0
none__box_1.0,251,success,success,,0.24755945982415745,0.0
none__box_1.0,252,success,success,,0.36131073214764264,0.0
none__box_1.0,253,success,success,,0.7611514623379924,0.0
none__box_1.0,254,success,success,,0.4239829857235819,0.0
none__box_1.0,255,success,success,,0.638898650141098,0.0
none__box_1.0,256,success,success,,0.16850464094043932,0.0
none__box_1.0,257,success,success,,0.6829825498506503,0.0
none__box_1.0,258,success,success,,0.5003096066326103,0.0
none__box_1.0,259,success,success,,0.11986460598900679,0.0
none__box_1.0,260,success,success,,0.635737370930188,0.0
none__box_1.0,261,success,success,,0.3598741182250487,0.0
none__box_1.0,262,success,success,,0.5919579436054174,0.0
none__box_1.0,263,success,success,,0.5706727840541174,0.0
none__box_1.0,264,success,success,,0.5694151107829847,0.0
none__box_1.0,265,success,success,,0.24528343122206586,0.0
none__box_1.0,266,success,success,,0.5415994064473739,0.0
none__box_1.0,267,success,success,,0.37401825151936186,0.0
none__box_1.0,268,success,success,,0.5636225205478309,0.0
none__box_1.0,269,success,success,,0.5740019387454125,0.0
none__box_1.0,270,success,success,,0.30967355802734703,0.0
none__box_1.0,271,success,success,,0.7621601685234342,0.0
none__box_1.0,272,success,success,,0.6262257089125067,0.0
none__box_1.0,273,success,success,,0.5391141170717264,0.0
none__box_1.0,274,success,success,,0.43818199465782537,0.0
none__box_1.0,275,success,success,,0.17837518595204643,0.0
none__box_1.0,276,success,success,,0.670027486160653,0.0
none__box_1.0,277,success,success,,0.6428601200666506,0.0
none__box_1.0,278,success,success,,0.5626695577616327,0.0
none__box_1.0,279,success,success,,0.1087655512755657,0.0
none__box_1.0,280,success,success,,0.48521936281617006,0.0
none__box_1.0,281,success,success,,0.497004826240245,0.0
none__box_1.0,282,success,success,,0.5421072195246828,0.0
none__box_1.0,283,success,success,,0.4231421292673285,0.0
none__box_1.0,284,success,success,,0.410300625747715,0.0
none__box_1.0,285,success,success,,0.7898497860538816,0.0
none__box_1.0,286,success,success,,0.15214387131073903,0.0
none__box_1.0,287,success,success,,0.5518010341057893,0.0
none__box_1.0,288,success,success,,0.696292760075574,0.0
none__box_1.0,289,success,success,,0.5683011091086296,0.0
none__box_1.0,290,success,success,,0.5076778024536515,0.0
none__box_1.0,291,success,success,,0.6162241033262527,0.0
none__box_1.0,292,success,success,,0.7037287278942022,0.0
none__box_1.0,293,success,success,,0.3661849884171915,0.0
none__box_1.0,294,success,success,,0.7199032645686609,0.0
none__box_1.0,295,success,success,,0.3274045884471991,0.0
none__box_1.0,296,success,success,,0.1833213740831826,0.0
none__box_1.0,297,success,success,,0.5847457946374173,0.0
none__box_1.0,298,success,success,,0.8244697737910484,0.0
none__box_1.0,299,success,success,,0.10361431954123557,0.0
none__box_1.0,300,success,success,,0.5652413350643959,0.0
none__box_1.0,301,success,success,,0.7969464988113284,0.0
none__box_1.0,302,success,success,,0.437827077071097,0.0
none__box_1.0,303,success,success,,0.6333430578042131,0.0
none__box_1.0,304,success,success,,0.763376800005465,0.0
none__box_1.0,305,success,success,,0.45315244317207426,0.0
none__box_1.0,306,success,success,,0.5178722457047498,0.0
none__box_1.0,307,success,success,,0.5467500179930552,0.0
none__box_1.0,308,success,success,,0.42362187228764686,0.0
none__box_1.0,309,success,success,,0.3015800673528666,0.0
none__box_1.0,310,success,success,,0.5309748157708558,0.0
none__box_1.0,311,success,success,,0.7371399045308836,0.0
none__box_1.0,312,success,success,,0.5555138240325537,0.0
none__box_1.0,313,success,success,,0.7736754959098919,0.0
none__box_1.0,314,success,success,,0.26148627451447737,0.0
none__box_1.0,315,success,success,,0.6889050282437917,0.0
none__box_1.0,316,success,success,,0.6593899980272369,0.0
none__box_1.0,317,success,success,,0.23653152127625204,0.0
none__box_1.0,318,success,success,,0.4051115621064071,0.0
none__box_1.0,319,success,success,,0.4645068343142672,0.0
none__box_1.0,320,success,success,,0.5258976524106009,0.0
none__box_1.0,321,success,success,,0.46018198324639414,0.0
none__box_1.0,322,success,success,,0.5653667197483496,0.0
none__box_1.0,323,success,success,,0.46531599836024773,0.0
none__box_1.0,324,success,success,,0.5649698700156994,0.0
none__box_1.0,325,success,success,,0.43735287877287654,0.0
none__box_1.0,326,success,success,,0.6336621858218974,0.0
none__box_1.0,327,success,success,,0.4499268887364309,0.0
none__box_1.0,328,success,success,,0.5230559094965297,0.0
none__box_1.0,329,success,success,,0.6692316251203532,0.0
none__box_1.0,330,success,success,,0.45412245200216367,0.0
none__box_1.0,331,success,success,,0.4234456932820983,0.0
none__box_1.0,332,success,success,,0.5397233499834476,0.0
none__box_1.0,333,success,success,,0.3914976663768083,0.0
none__box_1.0,334,success,success,,0.45547119714481454,0.0
none__box_1.0,335,success,success,,0.47873619453116645,0.0
none__box_1.0,336,success,success,,0.6903396250119171,0.0
none__box_1.0,337,success,success,,0.46932754925545705,0.0
none__box_1.0,338,success,success,,0.724258364113918,0.0
none__box_1.0,339,success,success,,0.14908907448377443,0.0
none__box_1.0,340,success,success,,0.45171149333470273,0.0
none__box_1.0,341,success,success,,0.36275036436787456,0.0
none__box_1.0,342,success,success,,0.543440168177747,0.0
none__box_1.0,343,success,success,,0.7134719823417258,0.0
none__box_1.0,344,success,success,,0.23506402388569989,0.0
none__box_1.0,345,success,success,,0.353451354317445,0.0
none__box_1.0,346,success,success,,0.590773972370234,0.0
none__box_1.0,347,success,success,,0.7188149722761172,0.0
none__box_1.0,348,success,success,,0.7353319051282641,0.0
none__box_1.0,349,success,success,,0.3873206832601777,0.0
none__box_1.0,350,success,success,,0.21013533774094262,0.0
none__box_1.0,351,success,success,,0.6049025325912214,0.0
none__box_1.0,352,success,success,,0.6699193345861393,0.0
none__box_1.0,353,success,success,,0.41036262105847077,0.0
none__box_1.0,354,success,success,,0.5931459437927468,0.0
none__box_1.0,355,success,success,,0.6590440399148445,0.0
none__box_1.0,356,success,success,,0.25842543044068134,0.0
none__box_1.0,357,success,success,,0.7027166845647994,0.0
none__box_1.0,358,success,success,,0.3998786776768706,0.0
none__box_1.0,359,success,success,,0.17596744366279454,0.0
none__box_1.0,360,success,success,,0.43762483324844365,0.0
none__box_1.0,361,success,success,,0.5990037079253718,0.0
none__box_1.0,362,success,success,,0.7302073312650199,0.0
none__box_1.0,363,success,success,,0.12826719746637733,0.0
none__box_1.0,364,success,success,,0.5722407202743496,0.0
none__box_1.0,365,success,success,,0.456039794069296,0.0
none__box_1.0,366,success,success,,0.6132162105971227,0.0
none__box_1.0,367,success,success,,0.3659542224934167,0.0
none__box_1.0,368,success,success,,0.6827108437380723,0.0
none__box_1.0,369,success,success,,0.3786028848259541,0.0
none__box_1.0,370,success,success,,0.49958210001987324,0.0
none__box_1.0,371,success,success,,0.7312372009430335,0.0
none__box_1.0,372,success,success,,0.3687855533366496,0.0
none__box_1.0,373,success,success,,0.22498134167070807,0.0
none__box_1.0,374,success,success,,0.6419869953490833,0.0
none__box_1.0,375,success,success,,0.694355456286251,0.0
none__box_1.0,376,success,success,,0.1477466651352298,0.0
none__box_1.0,377,success,success,,0.6278890727798736,0.0
none__box_1.0,378,success,success,,0.17931996296499703,0.0
none__box_1.0,379,success,success,,0.676454590326739,0.0
none__box_1.0,380,success,success,,0.5536499619035422,0.0
none__box_1.0,381,success,success,,0.7680542428350339,0.0
none__box_1.0,382,success,success,,0.5854367754588372,0.0
none__box_1.0,383,success,success,,0.4852035713083758,0.0
none__box_1.0,384,success,success,,0.545383395815821,0.0
none__box_1.0,385,success,success,,0.7099664629121052,0.0
none__box_1.0,386,success,success,,0.6909620232619403,0.0
none__box_1.0,387,success,success,,0.7018416777400867,0.0
none__box_1.0,388,success,success,,0.5128467521389588,0.0
none__box_1.0,389,success,success,,0.675399712376626,0.0
none__box_1.0,390,success,success,,0.08688755822209715,0.0
none__box_1.0,391,success,success,,0.4825737781821896,0.0
none__box_1.0,392,success,success,,0.6091480702744547,0.0
none__box_1.0,393,success,success,,0.025400587304980522,0.0
none__box_1.0,394,success,success,,0.6042253970988649,0.0
none__box_1.0,395,success,success,,0.5335223024505915,0.0
none__box_1.0,396,success,success,,0.5396036213721669,0.0
none__box_1.0,397,success,success,,0.44155742102702583,0.0
none__box_1.0,398,success,success,,0.6692332091546273,0.0
none__box_1.0,399,success,success,,0.625146704198854,0.0
none__box_1.0,400,success,success,,0.4739931380118059,0.0
none__box_1.0,401,success,success,,0.5755626369050152,0.0
none__box_1.0,402,success,success,,0.5627826243853882,0.0
none__box_1.0,403,success,success,,0.4434271794285597,0.0
none__box_1.0,404,success,success,,0.5239737215891663,0.0
none__box_1.0,405,success,success,,0.6141865522526392,0.0
none__box_1.0,406,success,success,,0.6766032586280721,0.0
none__box_1.0,407,success,success,,0.7262233201056492,0.0
none__box_1.0,408,success,success,,0.403217518404788,0.0
none__box_1.0,409,success,success,,0.6366758577339227,0.0
none__box_1.0,410,success,success,,0.44746554260283333,0.0
none__box_1.0,411,success,success,,0.5909104826819929,0.0
none__box_1.0,412,success,success,,0.7049822651492755,0.0
none__box_1.0,413,success,success,,0.43574626610949874,0.0
none__box_1.0,414,success,success,,0.35319485029190356,0.0
none__box_1.0,415,success,success,,0.668994665322483,0.0
none__box_1.0,416,success,success,,0.36749999644657716,0.0
none__box_1.0,417,success,success,,0.5457880987430277,0.0
none__box_1.0,418,success,success,,0.6278339758051041,0.0
none__box_1.0,419,success,success,,0.3865968137729048,0.0
none__box_1.0,420,success,success,,0.5448677947317953,0.0
none__box_1.0,421,success,success,,0.6479796675822471,0.0
none__box_1.0,422,success,success,,0.7365748154640319,0.0
none__box_1.0,423,success,success,,0.16918178979729614,0.0
none__box_1.0,424,success,success,,0.6902322430783716,0.0
none__box_1.0,425,success,success,,0.6383540508964215,0.0
none__box_1.0,426,success,success,,0.3963060058185477,0.0
none__box_1.0,427,success,success,,0.1528779900029284,0.0
none__box_1.0,428,success,success,,0.7053752033238068,0.0
none__box_1.0,429,success,success,,0.36379470295843935,0.0
none__box_1.0,430,success,success,,0.5776489475391545,0.0
none__box_1.0,431,success,success,,0.6968563108378717,0.0
none__box_1.0,432,success,success,,0.20088329669248453,0.0
none__box_1.0,433,success,success,,0.25202579573196365,0.0
none__box_1.0,434,success,success,,0.43764687514053235,0.0
none__box_1.0,435,success,success,,0.6380176924752526,0.0
none__box_1.0,436,success,success,,0.5144581002525823,0.0
none__box_1.0,437,success,success,,0.675309202573863,0.0
none__box_1.0,438,success,success,,0.35363573538603194,0.0
none__box_1.0,439,success,success,,0.6606735384962876,0.0
none__box_1.0,440,success,success,,0.6183400206424101,0.0
none__box_1.0,441,success,success,,0.5394745689942302,0.0
none__box_1.0,442,success,success,,0.6087735890551168,0.0
none__box_1.0,443,success,success,,0.7507785533477498,0.0
none__box_1.0,444,success,success,,0.5204454231874871,0.0
none__box_1.0,445,success,success,,0.36941020399512187,0.0
none__box_1.0,446,success,success,,0.5475942731743553,0.0
none__box_1.0,447,success,success,,0.5750723939785021,0.0
none__box_1.0,448,success,success,,0.4273371583161688,0.0
none__box_1.0,449,success,success,,0.7784314879581847,0.0
none__box_1.0,450,success,success,,0.7369650094784418,0.0
none__box_1.0,451,success,success,,0.35362554307503097,0.0
none__box_1.0,452,success,success,,0.5930280599764086,0.0
none__box_1.0,453,success,success,,0.7982434245562056,0.0
none__box_1.0,454,success,success,,0.6116934347289735,0.0
none__box_1.0,455,success,success,,0.6408609916903969,0.0
none__box_1.0,456,success,success,,0.3009681627551508,0.0
none__box_1.0,457,success,success,,0.16055923860691515,0.0
none__box_1.0,458,success,success,,0.47176136205959485,0.0
none__box_1.0,459,success,success,,0.17050172573312178,0.0
none__box_1.0,460,success,success,,0.6846975620782398,0.0
none__box_1.0,461,success,success,,0.8025825022309656,0.0
none__box_1.0,462,success,success,,0.6537575838619105,0.0
none__box_1.0,463,success,success,,0.6245354868011921,0.0
none__box_1.0,464,success,success,,0.2131326782763469,0.0
none__box_1.0,465,success,success,,0.5305242342070486,0.0
none__box_1.0,466,success,success,,0.32976252521186566,0.0
none__box_1.0,467,success,success,,0.45440198335756204,0.0
none__box_1.0,468,success,success,,0.6264380720132376,0.0
none__box_1.0,469,success,success,,0.4246252588945535,0.0
none__box_1.0,470,success,success,,0.6592516301089956,0.0
none__box_1.0,471,success,success,,0.46110925204708253,0.0
none__box_1.0,472,success,success,,0.6869602786760124,0.0
none__box_1.0,473,success,success,,0.43248846248872774,0.0
none__box_1.0,474,success,success,,0.6515763810519923,0.0
none__box_1.0,475,success,success,,0.7536928957492912,0.0
none__box_1.0,476,success,success,,0.1582234434476496,0.0
none__box_1.0,477,success,success,,0.5508319816882632,0.0
none__box_1.0,478,success,success,,0.14959042558381713,0.0
none__box_1.0,479,success,success,,0.3898809862818241,0.0
none__box_1.0,480,success,success,,0.6308635045021825,0.0
none__box_1.0,481,success,success,,0.35587000248697953,0.0
none__box_1.0,482,success,success,,0.2894318885741891,0.0
none__box_1.0,483,success,success,,0.6792587289782306,0.0
none__box_1.0,484,success,success,,0.5686770465471216,0.0
none__box_1.0,485,success,success,,0.37043352925544576,0.0
none__box_1.0,486,success,success,,0.6155099405985311,0.0
none__box_1.0,487,success,success,,0.29288458340867035,0.0
none__box_1.0,488,success,success,,0.21716756208046256,0.0
none__box_1.0,489,success,success,,0.7068001548699905,0.0
none__box_1.0,490,success,success,,0.2894780074136151,0.0
none__box_1.0,491,success,success,,0.7182906718996438,0.0
none__box_1.0,492,success,success,,0.20079443291656554,0.0
none__box_1.0,493,success,success,,0.6581977681729182,0.0
none__box_1.0,494,success,success,,0.6900792990179734,0.0
none__box_1.0,495,success,success,,0.6350540156910043,0.0
none__box_1.0,496,success,success,,0.20411964634546614,0.0
none__box_1.0,497,success,success,,0.4812317901967704,0.0
none__box_1.0,498,success,success,,0.7746834736330293,0.0
none__box_1.0,499,success,success,,0.5462477022959036,0.0
none__box_1.0,500,success,success,,0.46001958278190574,0.0
none__box_1.0,501,success,success,,0.3905529580269928,0.0
none__box_1.0,502,success,success,,0.28399197244052177,0.0
none__box_1.0,503,success,success,,0.4908681064907282,0.0
none__box_1.0,504,success,success,,0.5100776451850311,0.0
none__box_1.0,505,success,success,,0.26168989270962345,0.0
none__box_1.0,506,success,success,,0.5944727595127162,0.0
none__box_1.0,507,success,success,,0.39228253015733777,0.0
none__box_1.0,508,success,success,,0.556498061522428,0.0
none__box_1.0,509,success,success,,0.3245966736801263,0.0
none__box_1.0,510,success,success,,0.05035447868923755,0.0
none__box_1.0,511,success,success,,0.34145204545371666,0.0
none__box_1.0,512,success,success,,0.4612045770248818,0.0
none__box_1.0,513,success,success,,0.692537524839343,0.0
none__box_1.0,514,success,success,,0.5411767710643625,0.0
none__box_1.0,515,success,success,,0.5029238501786341,0.0
none__box_1.0,516,success,success,,0.41378837069371616,0.0
none__box_1.0,517,success,success,,0.5500253019837753,0.0
none__box_1.0,518,success,success,,0.6213190807684794,0.0
none__box_1.0,519,success,success,,0.7435489512278455,0.0
none__box_1.0,520,success,success,,0.5444753534217911,0.0
none__box_1.0,521,success,success,,0.6577214870591547,0.0
none__box_1.0,522,success,success,,0.3328346132460168,0.0
none__box_1.0,523,success,success,,0.6690393550079218,0.0
none__box_1.0,524,success,success,,0.13003546863495952,0.0
none__box_1.0,525,success,success,,0.4217164741996861,0.0
none__box_1.0,526,success,success,,0.4761093011792432,0.0
none__box_1.0,527,success,success,,0.17717814713550484,0.0
none__box_1.0,528,success,success,,0.5619644183196669,0.0
none__box_1.0,529,success,success,,0.7041719745696776,0.0
none__box_1.0,530,success,success,,0.5286990654709892,0.0
none__box_1.0,531,success,success,,0.6043331176873574,0.0
none__box_1.0,532,success,success,,0.334967234450106,0.0
none__box_1.0,533,success,success,,0.38541681463203636,0.0
none__box_1.0,534,success,success,,0.34887542382304093,0.0
none__box_1.0,535,success,success,,0.6687914144867074,0.0
none__box_1.0,536,success,success,,0.6916268857733239,0.0
none__box_1.0,537,success,success,,0.15451157990799685,0.0
none__box_1.0,538,success,success,,0.7285032388068761,0.0
none__box_1.0,539,success,success,,0.5969978191168563,0.0
none__box_1.0,540,success,success,,0.42272657153660553,0.0
none__box_1.0,541,success,success,,0.3574719627014458,0.0
none__box_1.0,542,success,success,,0.5926737729824809,0.0
none__box_1.0,543,success,success,,0.33006131619212564,0.0
none__box_1.0,544,success,success,,0.597198469490704,0.0
none__box_1.0,545,success,success,,0.7052496129509496,0.0
none__box_1.0,546,success,success,,0.5826755735841243,0.0
none__box_1.0,547,success,success,,0.22694641402608076,0.0
none__box_1.0,548,success,success,,0.5393355655933609,0.0
none__box_1.0,549,success,success,,0.7840875279969208,0.0
none__box_1.0,550,success,success,,0.5021032041574174,0.0
none__box_1.0,551,success,success,,0.4090181764983286,0.0
none__box_1.0,552,success,success,,0.6559564282679151,0.0
none__box_1.0,553,success,success,,0.49099730063246616,0.0
none__box_1.0,554,success,success,,0.5533964296650282,0.0
none__box_1.0,555,success,success,,0.17692543434267666,0.0
none__box_1.0,556,success,success,,0.7203560761821919,0.0
none__box_1.0,557,success,success,,0.3441272481476896,0.0
none__box_1.0,558,success,success,,0.13899927660223355,0.0
none__box_1.0,559,success,success,,0.24569741159085987,0.0
none__box_1.0,560,success,success,,0.6557213914588668,0.0
none__box_1.0,561,success,success,,0.37886273582740765,0.0
none__box_1.0,562,success,success,,0.5999282758574461,0.0
none__box_1.0,563,success,success,,0.6963358883712045,0.0
none__box_1.0,564,success,success,,0.4097390592589886,0.0
none__box_1.0,565,success,success,,0.697802715145448,0.0
none__box_1.0,566,success,success,,0.5997887810953132,0.0
none__box_1.0,567,success,success,,0.4725981723832638,0.0
none__box_1.0,568,success,success,,0.5400204532374349,0.0
none__box_1.0,569,success,success,,0.5176748142554466,0.0
none__box_1.0,570,success,success,,0.5929404000772361,0.0
none__box_1.0,571,success,success,,0.7303916738174825,0.0
none__box_1.0,572,success,success,,0.27596961067415315,0.0
none__box_1.0,573,success,success,,0.6833485666496798,0.0
none__box_1.0,574,success,success,,0.3732310743250491,0.0
none__box_1.0,575,success,success,,0.6380794032527899,0.0
none__box_1.0,576,success,success,,0.4900403403056224,0.0
none__box_1.0,577,success,success,,0.6368967633883466,0.0
none__box_1.0,578,success,success,,0.5938236831100027,0.0
none__box_1.0,579,success,success,,0.40306528298612526,0.0
none__box_1.0,580,success,success,,0.6771226947419129,0.0
none__box_1.0,581,success,success,,0.6519844584576063,0.0
none__box_1.0,582,success,success,,0.6194621349733599,0.0
none__box_1.0,583,success,success,,0.7395399010745249,0.0
none__box_1.0,584,success,success,,0.7190049941933148,0.0
none__box_1.0,585,success,success,,0.229314675967328,0.0
none__box_1.0,586,success,success,,0.6634508666557548,0.0
none__box_1.0,587,success,success,,0.43343205508307414,0.0
none__box_1.0,588,success,success,,0.41062555709145065,0.0
none__box_1.0,589,success,success,,0.5856451572242946,0.0
none__box_1.0,590,success,success,,0.4232307449570696,0.0
none__box_1.0,591,success,success,,0.529776763613865,0.0
none__box_1.0,592,success,success,,0.6614194200562217,0.0
none__box_1.0,593,success,success,,0.2218369997460348,0.0
none__box_1.0,594,success,success,,0.7295197915192994,0.0
none__box_1.0,595,success,success,,0.7707299513950374,0.0
none__box_1.0,596,success,success,,0.5651190376501758,0.0
none__box_1.0,597,success,success,,0.1932014636306401,0.0
none__box_1.0,598,success,success,,0.5069298550080282,0.0
none__box_1.0,599,success,success,,0.6690703950733186,0.0
none__box_1.0,600,success,success,,0.49570587483464645,0.0
none__box_1.0,601,success,success,,0.6015694019255357,0.0
none__box_1.0,602,success,success,,0.4861131669745501,0.0
none__box_1.0,603,success,success,,0.3923366784273783,0.0
none__box_1.0,604,success,success,,0.4944298226219242,0.0
none__box_1.0,605,success,success,,0.38440331424759244,0.0
none__box_1.0,606,success,success,,0.5782595285861732,0.0
none__box_1.0,607,success,success,,0.5129016553639323,0.0
none__box_1.0,608,success,success,,0.7957771249177522,0.0
none__box_1.0,609,success,success,,0.47414233432162634,0.0
none__box_1.0,610,success,success,,0.6413080462317103,0.0
none__box_1.0,611,success,success,,0.7356127459153197,0.0
none__box_1.0,612,success,success,,0.339290002359396,0.0
none__box_1.0,613,success,success,,0.7516434689488918,0.0
none__box_1.0,614,success,success,,0.647168584528103,0.0
none__box_1.0,615,success,success,,0.2309123320601122,0.0
none__box_1.0,616,success,success,,0.5551536075743856,0.0
none__box_1.0,617,success,success,,0.7423908574662008,0.0
none__box_1.0,618,success,success,,0.2051164632555679,0.0
none__box_1.0,619,success,success,,0.5194591709390957,0.0
none__box_1.0,620,success,success,,0.09020459188125834,0.0
none__box_1.0,621,success,success,,0.6390797659339531,0.0
none__box_1.0,622,success,success,,0.2347964641640004,0.0
none__box_1.0,623,success,success,,0.2536988001957418,0.0
none__box_1.0,624,success,success,,0.406684133470724,0.0
none__box_1.0,625,success,success,,0.6529739202419305,0.0
none__box_1.0,626,success,success,,0.7285260463708209,0.0
none__box_1.0,627,success,success,,0.5548945519702828,0.0
none__box_1.0,628,success,success,,0.6017406178266567,0.0
none__box_1.0,629,success,success,,0.5179142080950188,0.0
none__box_1.0,630,success,success,,0.3977230150300566,0.0
none__box_1.0,631,success,success,,0.6710420738963466,0.0
none__box_1.0,632,success,success,,0.662732774068458,0.0
none__box_1.0,633,success,success,,0.6129232597198373,0.0
none__box_1.0,634,success,success,,0.31497046735004686,0.0
none__box_1.0,635,success,success,,0.6477647948471859,0.0
none__box_1.0,636,success,success,,0.5364342365428499,0.0
none__box_1.0,637,success,success,,0.5836280244907873,0.0
none__box_1.0,638,success,success,,0.5805487662525534,0.0
none__box_1.0,639,success,success,,0.030008008356917845,0.0
none__box_1.0,640,success,success,,0.3894296341429051,0.0
none__box_1.0,641,success,success,,0.6436261772056098,0.0
none__box_1.0,642,success,success,,0.3829797132342992,0.0
none__box_1.0,643,success,success,,0.3963067173370957,0.0
none__box_1.0,644,success,success,,0.56827310614662,0.0
none__box_1.0,645,success,success,,0.6851262439937986,0.0
none__box_1.0,646,success,success,,0.33432682523530777,0.0
none__box_1.0,647,success,success,,0.5038735644583988,0.0
none__box_1.0,648,success,success,,0.40545118745846054,0.0
none__box_1.0,649,success,success,,0.682130041392816,0.0
none__box_1.0,650,success,success,,0.5424421263227514,0.0
none__box_1.0,651,success,success,,0.6403987871990702,0.0
none__box_1.0,652,success,success,,0.5902681822162261,0.0
none__box_1.0,653,success,success,,0.8037655669204558,0.0
none__box_1.0,654,success,success,,0.7561627063510588,0.0
none__box_1.0,655,success,success,,0.33893764657932995,0.0
none__box_1.0,656,success,success,,0.43784987949983045,0.0
none__box_1.0,657,success,success,,0.2653819789004559,0.0
none__box_1.0,658,success,success,,0.633915555302318,0.0
none__box_1.0,659,success,success,,0.42599532505515186,0.0
none__box_1.0,660,success,success,,0.5124701303220429,0.0
none__box_1.0,661,success,success,,0.8064185230274641,0.0
none__box_1.0,662,success,success,,0.46598414196285926,0.0
none__box_1.0,663,success,success,,0.4823582668284635,0.0
none__box_1.0,664,success,success,,0.6011545385285362,0.0
none__box_1.0,665,success,success,,0.10841272098970184,0.0
none__box_1.0,666,success,success,,0.5248374639316823,0.0
none__box_1.0,667,success,success,,0.4342038714117392,0.0
none__box_1.0,668,success,success,,0.4007151855792856,0.0
none__box_1.0,669,success,success,,0.20178885489423146,0.0
none__box_1.0,670,success,success,,0.5767879599840888,0.0
none__box_1.0,671,success,success,,0.5134964942020334,0.0
none__box_1.0,672,success,success,,0.5394571208865003,0.0
none__box_1.0,673,success,success,,0.6479100863965763,0.0
none__box_1.0,674,success,success,,0.7078959839529575,0.0
none__box_1.0,675,success,success,,0.538604935569352,0.0
none__box_1.0,676,success,success,,0.6252457311136708,0.0
none__box_1.0,677,success,success,,0.6308287325261905,0.0
none__box_1.0,678,success,success,,0.7234367524020157,0.0
none__box_1.0,679,success,success,,0.506714682219858,0.0
none__box_1.0,680,success,success,,0.6796105694456991,0.0
none__box_1.0,681,success,success,,0.6663315512271465,0.0
none__box_1.0,682,success,success,,0.564898037383448,0.0
none__box_1.0,683,success,success,,0.689546217603421,0.0
none__box_1.0,684,success,success,,0.3367000470912945,0.0
none__box_1.0,685,success,success,,0.564279564908902,0.0
none__box_1.0,686,success,success,,0.19547983672443167,0.0
none__box_1.0,687,success,success,,0.6350301204612363,0.0
none__box_1.0,688,success,success,,0.1435665779010592,0.0
none__box_1.0,689,success,success,,0.7055174000085778,0.0
none__box_1.0,690,success,success,,0.657164102201684,0.0
none__box_1.0,691,success,success,,0.41284164646401456,0.0
none__box_1.0,692,success,success,,0.22581838748641708,0.0
none__box_1.0,693,success,success,,0.4843741342871492,0.0
none__box_1.0,694,success,success,,0.6405204435653995,0.0
none__box_1.0,695,success,success,,0.16494585540400136,0.0
none__box_1.0,696,success,success,,0.5405750032462091,0.0
none__box_1.0,697,success,success,,0.4219634724776633,0.0
none__box_1.0,698,success,success,,0.6511011681328028,0.0
none__box_1.0,699,success,success,,0.6618189173879634,0.0
none__box_1.0,700,success,success,,0.7073344245884697,0.0
none__box_1.0,701,success,success,,0.34025664656655885,0.0
none__box_1.0,702,success,success,,0.2533517784745726,0.0
none__box_1.0,703,success,success,,0.35039692047453147,0.0
none__box_1.0,704,success,success,,0.6094884896413191,0.0
none__box_1.0,705,success,success,,0.47653507569963494,0.0
none__box_1.0,706,success,success,,0.7524648913265919,0.0
none__box_1.0,707,success,success,,0.2300067359017743,0.0
none__box_1.0,708,success,success,,0.5157747748197888,0.0
none__box_1.0,709,success,success,,0.1996276112788437,0.0
none__box_1.0,710,success,success,,0.30905331727424173,0.0
none__box_1.0,711,success,success,,0.42553953989886717,0.0
none__box_1.0,712,success,success,,0.4033850723973258,0.0
none__box_1.0,713,success,success,,0.6792547577687813,0.0
none__box_1.0,714,success,success,,0.7346646534409627,0.0
none__box_1.0,715,success,success,,0.272679666893509,0.0
none__box_1.0,716,success,success,,0.7771490897359523,0.0
none__box_1.0,717,success,success,,0.6251941895509472,0.0
none__box_1.0,718,success,success,,0.6826257090664202,0.0
none__box_1.0,719,success,success,,0.5601570133162274,0.0
none__box_1.0,720,success,success,,0.4882553650310588,0.0
none__box_1.0,721,success,success,,0.67984775654342,0.0
none__box_1.0,722,success,success,,0.6403928230510706,0.0
none__box_1.0,723,success,success,,0.42562947979893195,0.0
none__box_1.0,724,success,success,,0.7539996783116735,0.0
none__box_1.0,725,success,success,,0.2880383216557776,0.0
none__box_1.0,726,success,success,,0.6093605579931957,0.0
none__box_1.0,727,success,success,,0.4671590153352455,0.0
none__box_1.0,728,success,success,,0.7298779623006197,0.0
none__box_1.0,729,success,success,,0.6616561085906996,0.0
none__box_1.0,730,success,success,,0.6081641485446609,0.0
none__box_1.0,731,success,success,,0.2705975638098406,0.0
none__box_1.0,732,success,success,,0.6517710698608192,0.0
none__box_1.0,733,success,success,,0.6506223406946277,0.0
none__box_1.0,734,success,success,,0.3558529060097785,0.0
none__box_1.0,735,success,success,,0.15069396741136784,0.0
none__box_1.0,736,success,success,,0.5433706119311761,0.0
none__box_1.0,737,success,success,,0.6268326486813832,0.0
none__box_1.0,738,success,success,,0.5919681458990328,0.0
none__box_1.0,739,success,success,,0.5362664693693275,0.0
none__box_1.0,740,success,success,,0.424806011995531,0.0
none__box_1.0,741,success,success,,0.4019561821680297,0.0
none__box_1.0,742,success,success,,0.7373354595032289,0.0
none__box_1.0,743,success,success,,0.45713423692772565,0.0
none__box_1.0,744,success,success,,0.4223805917090468,0.0
none__box_1.0,745,success,success,,0.7546607163150691,0.0
none__box_1.0,746,success,success,,0.6698751737558977,0.0
none__box_1.0,747,success,success,,0.28955067141652013,0.0
none__box_1.0,748,success,success,,0.6207145286125678,0.0
none__box_1.0,749,success,success,,0.5858159240879837,0.0
none__box_1.0,750,success,success,,0.6142085041451032,0.0
none__box_1.0,751,success,success,,0.5222172609497655,0.0
none__box_1.0,752,success,success,,0.1709354343010471,0.0
none__box_1.0,753,success,success,,0.6773142856146068,0.0
none__box_1.0,754,success,success,,0.6662843285765266,0.0
none__box_1.0,755,success,success,,0.6219963757358961,0.0
none__box_1.0,756,success,success,,0.6276699515761169,0.0
none__box_1.0,757,success,success,,0.5684615187069798,0.0
none__box_1.0,758,success,success,,0.5967207885396186,0.0
none__box_1.0,759,success,success,,0.6277272177593561,0.0
none__box_1.0,760,success,success,,0.6232892276836355,0.0
none__box_1.0,761,success,success,,0.6764596280689137,0.0
none__box_1.0,762,success,success,,0.22351364701852924,0.0
none__box_1.0,763,success,success,,0.6615722337775445,0.0
none__box_1.0,764,success,success,,0.2824706292424572,0.0
none__box_1.0,765,success,success,,0.49452254223111713,0.0
none__box_1.0,766,success,success,,0.5584149026272786,0.0
none__box_1.0,767,success,success,,0.2613390573252965,0.0
none__box_1.0,768,success,success,,0.34231079820224297,0.0
none__box_1.0,769,success,success,,0.5720373039008078,0.0
none__box_1.0,770,success,success,,0.46275083717913257,0.0
none__box_1.0,771,success,success,,0.39848584313728524,0.0
none__box_1.0,772,success,success,,0.7118093311645846,0.0
none__box_1.0,773,success,success,,0.16527639053444826,0.0
none__box_1.0,774,success,success,,0.5039303387340431,0.0
none__box_1.0,775,success,success,,0.6238478523192413,0.0
none__box_1.0,776,success,success,,0.5996484427911327,0.0
none__box_1.0,777,success,success,,0.3573503273383674,0.0
none__box_1.0,778,success,success,,0.33676587004588815,0.0
none__box_1.0,779,success,success,,0.44060248648103756,0.0
none__box_1.0,780,success,success,,0.7854831555274542,0.0
none__box_1.0,781,success,success,,0.5035769965983117,0.0
none__box_1.0,782,success,success,,0.5239826255499725,0.0
none__box_1.0,783,success,success,,0.25339005188074554,0.0
none__box_1.0,784,success,success,,0.7033256769213272,0.0
none__box_1.0,785,success,success,,0.31664245860985224,0.0
none__box_1.0,786,success,success,,0.6115085016411688,0.0
none__box_1.0,787,success,success,,0.6538659230325102,0.0
none__box_1.0,788,success,success,,0.16888402629492233,0.0
none__box_1.0,789,success,success,,0.7673719647391387,0.0
none__box_1.0,790,success,success,,0.383799837717717,0.0
none__box_1.0,791,success,success,,0.6667537409442111,0.0
none__box_1.0,792,success,success,,0.5187364096304705,0.0
none__box_1.0,793,success,success,,0.6187333045451934,0.0
none__box_1.0,794,success,success,,0.40672098503783943,0.0
none__box_1.0,795,success,success,,0.7686190389655454,0.0
none__box_1.0,796,success,success,,0.5239432920534228,0.0
none__box_1.0,797,success,success,,0.5845871651400049,0.0
none__box_1.0,798,success,success,,0.4589540144731148,0.0
none__box_1.0,799,success,success,,0.7022371687929716,0.0
none__box_1.0,800,success,success,,0.5525780383114413,0.0
none__box_1.0,801,success,success,,0.009726387464286246,0.0
none__box_1.0,802,success,success,,0.3101405257271885,0.0
none__box_1.0,803,success,success,,0.34109965674541237,0.0
none__box_1.0,804,success,success,,0.5453367449200515,0.0
none__box_1.0,805,success,success,,0.7692691233752238,0.0
none__box_1.0,806,success,success,,0.3492745007540218,0.0
none__box_1.0,807,success,success,,0.2446376218040561,0.0
none__box_1.0,808,success,success,,0.37809082371767416,0.0
none__box_1.0,809,success,success,,0.525449329398777,0.0
none__box_1.0,810,success,success,,0.30008297755775665,0.0
none__box_1.0,811,success,success,,0.6522286428795585,0.0
none__box_1.0,812,success,success,,0.731634584375461,0.0
none__box_1.0,813,success,success,,0.7086744381786615,0.0
none__box_1.0,814,success,success,,0.5127536044444366,0.0
none__box_1.0,815,success,success,,0.3906722639303942,0.0
none__box_1.0,816,success,success,,0.4120833636739172,0.0
none__box_1.0,817,success,success,,0.36984987220857174,0.0
none__box_1.0,818,success,success,,0.6173413692352957,0.0
none__box_1.0,819,success,success,,0.638342474303775,0.0
none__box_1.0,820,success,success,,0.1532799583215325,0.0
none__box_1.0,821,success,success,,0.39301671781056097,0.0
none__box_1.0,822,success,success,,0.4081527511645432,0.0
none__box_1.0,823,success,success,,0.5622448268284338,0.0
none__box_1.0,824,success,success,,0.6617080715091895,0.0
none__box_1.0,825,success,success,,0.02145037758639888,0.0
none__box_1.0,826,success,success,,0.5472632855811504,0.0
none__box_1.0,827,success,success,,0.4071335329182925,0.0
none__box_1.0,828,success,success,,0.4166069713558564,0.0
none__box_1.0,829,success,success,,0.28830809785836775,0.0
none__box_1.0,830,success,success,,0.44986873748628653,0.0
none__box_1.0,831,success,success,,0.46742577214953007,0.0
none__box_1.0,832,success,success,,0.6826852061165085,0.0
none__box_1.0,833,success,success,,0.7129362937653725,0.0
none__box_1.0,834,success,success,,0.5170361096361329,0.0
none__box_1.0,835,success,success,,0.5580353567821947,0.0
none__box_1.0,836,success,success,,0.46634020728765524,0.0
none__box_1.0,837,success,success,,0.3031287397585111,0.0
none__box_1.0,838,success,success,,0.2568496015930082,0.0
none__box_1.0,839,success,success,,0.7593390394331705,0.0
none__box_1.0,840,success,success,,0.5888703148591887,0.0
none__box_1.0,841,success,success,,0.354900230672029,0.0
none__box_1.0,842,success,success,,0.4668160237542219,0.0
none__box_1.0,843,success,success,,0.1411036010186019,0.0
none__box_1.0,844,success,success,,0.19149432986882825,0.0
none__box_1.0,845,success,success,,0.6429872631436088,0.0
none__box_1.0,846,success,success,,0.615465578094043,0.0
none__box_1.0,847,success,success,,0.6116064050193087,0.0
none__box_1.0,848,success,success,,0.6494606689140917,0.0
none__box_1.0,849,success,success,,0.3407777609524068,0.0
none__box_1.0,850,success,success,,0.5224549780577296,0.0
none__box_1.0,851,success,success,,0.6528852562659697,0.0
none__box_1.0,852,success,success,,0.6586494700184387,0.0
none__box_1.0,853,success,success,,0.5387035139971963,0.0
none__box_1.0,854,success,success,,0.6647714941679446,0.0
none__box_1.0,855,success,success,,0.2481361244800928,0.0
none__box_1.0,856,success,success,,0.5074719537014568,0.0
none__box_1.0,857,success,success,,0.4634137745568523,0.0
none__box_1.0,858,success,success,,0.34327668322151916,0.0
none__box_1.0,859,success,success,,0.7417700181438024,0.0
none__box_1.0,860,success,success,,0.6361510839199306,0.0
none__box_1.0,861,success,success,,0.554764839315779,0.0
none__box_1.0,862,success,success,,0.4576986954595572,0.0
none__box_1.0,863,success,success,,0.8079660260728154,0.0
none__box_1.0,864,success,success,,0.6012636415952526,0.0
none__box_1.0,865,success,success,,0.3559018612235341,0.0
none__box_1.0,866,success,success,,0.2123045841362261,0.0
none__box_1.0,867,success,success,,0.6290477580277192,0.0
none__box_1.0,868,success,success,,0.6923364652068577,0.0
none__box_1.0,869,success,success,,0.7007858934293199,0.0
none__box_1.0,870,success,success,,0.2653480452227881,0.0
none__box_1.0,871,success,success,,0.3733148762383948,0.0
none__box_1.0,872,success,success,,0.6476923737869883,0.0
none__box_1.0,873,success,success,,0.6608818520047363,0.0
none__box_1.0,874,success,success,,0.7289329465176234,0.0
none__box_1.0,875,success,success,,0.6379674123288068,0.0
none__box_1.0,876,success,success,,0.3866635849713054,0.0
none__box_1.0,877,success,success,,0.6961980737104455,0.0
none__box_1.0,878,success,success,,0.46640931496377513,0.0
none__box_1.0,879,success,success,,0.3194824644651436,0.0
none__box_1.0,880,success,success,,0.5955584979245552,0.0
none__box_1.0,881,success,success,,0.49167321157040644,0.0
none__box_1.0,882,success,success,,0.5659138140024491,0.0
none__box_1.0,883,success,success,,0.3304940598814949,0.0
none__box_1.0,884,success,success,,0.5703542208171895,0.0
none__box_1.0,885,success,success,,0.6611041201699717,0.0
none__box_1.0,886,success,success,,0.5893548448897468,0.0
none__box_1.0,887,success,success,,0.4674060984439965,0.0
none__box_1.0,888,success,success,,0.48406816176672324,0.0
none__box_1.0,889,success,success,,0.35607964234209266,0.0
none__box_1.0,890,success,success,,0.30893035206036845,0.0
none__box_1.0,891,success,success,,0.5375829585598628,0.0
none__box_1.0,892,success,success,,0.37788338729948706,0.0
none__box_1.0,893,success,success,,0.5287938026093193,0.0
none__box_1.0,894,success,success,,0.5473598448931363,0.0
none__box_1.0,895,success,success,,0.6761397226937074,0.0
none__box_1.0,896,success,success,,0.28285472478092755,0.0
none__box_1.0,897,success,success,,0.716700726116477,0.0
none__box_1.0,898,success,success,,0.48545710689923505,0.0
none__box_1.0,899,success,success,,0.2949543292901563,0.0
none__box_1.0,900,success,success,,0.6329140996410636,0.0
none__box_1.0,901,success,success,,0.6940133679100896,0.0
none__box_1.0,902,success,success,,0.19439129990816365,0.0
none__box_1.0,903,success,success,,0.6803546128723605,0.0
none__box_1.0,904,success,success,,0.2688151640911513,0.0
none__box_1.0,905,success,success,,0.052436587137874524,0.0
none__box_1.0,906,success,success,,0.19638467102400856,0.0
none__box_1.0,907,success,success,,0.6126441548194835,0.0
none__box_1.0,908,success,success,,0.688459743955275,0.0
none__box_1.0,909,success,success,,0.7290645187408977,0.0
none__box_1.0,910,success,success,,0.2792788878427395,0.0
none__box_1.0,911,success,success,,0.6551499680076034,0.0
none__box_1.0,912,success,success,,0.29483628613060686,0.0
none__box_1.0,913,success,success,,0.6824995364907169,0.0
none__box_1.0,914,success,success,,0.6390624723414384,0.0
none__box_1.0,915,success,success,,0.3570808830158048,0.0
none__box_1.0,916,success,success,,0.14699062071891814,0.0
none__box_1.0,917,success,success,,0.1815598795313202,0.0
none__box_1.0,918,success,success,,0.4116229944510841,0.0
none__box_1.0,919,success,success,,0.3613928707326915,0.0
none__box_1.0,920,success,success,,0.7011330793161383,0.0
none__box_1.0,921,success,success,,0.7347732655776289,0.0
none__box_1.0,922,success,success,,0.6205361612087528,0.0
none__box_1.0,923,success,success,,0.720916518874648,0.0
none__box_1.0,924,success,success,,0.24721174943760932,0.0
none__box_1.0,925,success,success,,0.6158658112400849,0.0
none__box_1.0,926,success,success,,0.612241133117634,0.0
none__box_1.0,927,success,success,,0.32045052857532175,0.0
none__box_1.0,928,success,success,,0.3970839713016021,0.0
none__box_1.0,929,success,success,,0.5421934166164211,0.0
none__box_1.0,930,success,success,,0.5747271814646158,0.0
none__box_1.0,931,success,success,,0.3602203058004797,0.0
none__box_1.0,932,success,success,,0.46691285067947347,0.0
none__box_1.0,933,success,success,,0.24162251070947266,0.0
none__box_1.0,934,success,success,,0.2502430381262071,0.0
none__box_1.0,935,success,success,,0.30248600774624534,0.0
none__box_1.0,936,success,success,,0.011894275873579845,0.0
none__box_1.0,937,success,success,,0.14212289341989442,0.0
none__box_1.0,938,success,success,,0.5450617521380812,0.0
none__box_1.0,939,success,success,,0.7075565366535861,0.0
none__box_1.0,940,success,success,,0.3754647250289028,0.0
none__box_1.0,941,success,success,,0.45488169744596424,0.0
none__box_1.0,942,success,success,,0.6593360861039496,0.0
none__box_1.0,943,success,success,,0.7551183721169701,0.0
none__box_1.0,944,success,success,,0.5346549142755141,0.0
none__box_1.0,945,success,success,,0.6869646188893158,0.0
none__box_1.0,946,success,success,,0.48212062885184037,0.0
none__box_1.0,947,success,success,,0.6997613572910136,0.0
none__box_1.0,948,success,success,,0.3926130646435497,0.0
none__box_1.0,949,success,success,,0.6479582443591938,0.0
none__box_1.0,950,success,success,,0.5987807848611152,0.0
none__box_1.0,951,success,success,,0.6195708081437113,0.0
none__box_1.0,952,success,success,,0.5693452663769376,0.0
none__box_1.0,953,success,success,,0.13089949616273278,0.0
none__box_1.0,954,success,success,,0.5397694963422895,0.0
none__box_1.0,955,success,success,,0.5852345631766744,0.0
none__box_1.0,956,success,success,,0.1870633572196034,0.0
none__box_1.0,957,success,success,,0.6893029122825879,0.0
none__box_1.0,958,success,success,,0.5595398973491309,0.0
none__box_1.0,959,success,success,,0.7201484632220936,0.0
none__box_1.0,960,success,success,,0.43408317488825626,0.0
none__box_1.0,961,success,success,,0.3487047167537741,0.0
none__box_1.0,962,success,success,,0.05492976004515707,0.0
none__box_1.0,963,success,success,,0.4625830209900019,0.0
none__box_1.0,964,success,success,,0.4704716405122935,0.0
none__box_1.0,965,success,success,,0.5811682742871064,0.0
none__box_1.0,966,success,success,,0.2855069775867978,0.0
none__box_1.0,967,success,success,,0.12868689692401727,0.0
none__box_1.0,968,success,success,,0.6057821880263349,0.0
none__box_1.0,969,success,success,,0.06428543161297331,0.0
none__box_1.0,970,success,success,,0.5527940880615096,0.0
none__box_1.0,971,success,success,,0.6819413478817573,0.0
none__box_1.0,972,success,success,,0.6095950811538551,0.0
none__box_1.0,973,success,success,,0.46769777262608814,0.0
none__box_1.0,974,success,success,,0.7617957712123123,0.0
none__box_1.0,975,success,success,,0.4217910056843587,0.0
none__box_1.0,976,success,success,,0.7220399873462975,0.0
none__box_1.0,977,success,success,,0.733834420192045,0.0
none__box_1.0,978,success,success,,0.5552043533422899,0.0
none__box_1.0,979,success,success,,0.4354208845765922,0.0
none__box_1.0,980,success,success,,0.10178591550430291,0.0
none__box_1.0,981,success,success,,0.695451369369136,0.0
none__box_1.0,982,success,success,,0.40980452857636146,0.0
none__box_1.0,983,success,success,,0.5994798744444503,0.0
none__box_1.0,984,success,success,,0.5808888943347567,0.0
none__box_1.0,985,success,success,,0.5751105658963537,0.0
none__box_1.0,986,success,success,,0.5320438924144202,0.0
none__box_1.0,987,success,success,,0.2783333033559503,0.0
none__box_1.0,988,success,success,,0.5781598182789085,0.0
none__box_1.0,989,success,success,,0.7127836866053248,0.0
none__box_1.0,990,success,success,,0.4216368615328454,0.0
none__box_1.0,991,success,success,,0.49096777329253416,0.0
none__box_1.0,992,success,success,,0.5547719680913206,0.0
none__box_1.0,993,success,success,,0.6347576188153855,0.0
none__box_1.0,994,success,success,,0.4543195458162807,0.0
none__box_1.0,995,success,success,,0.5851541896305152,0.0
none__box_1.0,996,success,success,,0.7240822443625945,0.0
none__box_1.0,997,success,success,,0.6453156412065125,0.0
none__box_1.0,998,success,success,,0.39172117436710985,0.0
none__box_1.0,999,success,success,,0.5889313594319717,0.0
none__box_1.0,1000,success,success,,0.6333346307474368,0.0
none__box_2.0,1,success,success,,0.5447310148901096,0.0
none__box_2.0,2,success,success,,0.5851617220223267,0.0
none__box_2.0,3,success,success,,0.1658790663101939,0.0
none__box_2.0,4,success,success,,0.43951572128652905,0.0
none__box_2.0,5,success,success,,0.28077622148681936,0.0
none__box_2.0,6,success,success,,0.6151113209489616,0.0
none__box_2.0,7,success,success,,0.11545425977793429,0.0
none__box_2.0,8,success,success,,0.38892721337517844,0.0
none__box_2.0,9,success,success,,0.2520700333164934,0.0
none__box_2.0,10,success,success,,0.6312218694746903,0.0
none__box_2.0,11,success,success,,0.6109234208331673,0.0
none__box_2.0,12,success,success,,0.7217872152853861,0.0
none__box_2.0,13,success,success,,0.7441353017325565,0.0
none__box_2.0,14,success,success,,0.4428747948449967,0.0
none__box_2.0,15,success,success,,0.07858614162890387,0.0
none__box_2.0,16,success,success,,0.47459629265765846,0.0
none__box_2.0,17,success,success,,0.5968766022602918,0.0
none__box_2.0,18,success,success,,0.39599895413750014,0.0
none__box_2.0,19,success,success,,0.5908932673586463,0.0
none__box_2.0,20,success,success,,0.7070091570696542,0.0
none__box_2.0,21,success,success,,0.5388760004879439,0.0
none__box_2.0,22,success,success,,0.5610555897039787,0.0
none__box_2.0,23,success,success,,0.33206876849387207,0.0
none__box_2.0,24,success,success,,0.48589531825837473,0.0
none__box_2.0,25,success,success,,0.5992477177221183,0.0
none__box_2.0,26,success,success,,0.07318610145700397,0.0
none__box_2.0,27,success,success,,0.38550346509473965,0.0
none__box_2.0,28,success,success,,0.6906370999685129,0.0
none__box_2.0,29,success,success,,0.4563707507423438,0.0
none__box_2.0,30,success,success,,0.43855860969728094,0.0
none__box_2.0,31,success,success,,0.7728058844566303,0.0
none__box_2.0,32,success,success,,0.4665983269486786,0.0
none__box_2.0,33,success,success,,0.636157502420649,0.0
none__box_2.0,34,success,success,,0.6912282179558892,0.0
none__box_2.0,35,success,success,,0.6189498145632808,0.0
none__box_2.0,36,success,success,,0.5953165476070518,0.0
none__box_2.0,37,success,success,,0.17313987219102683,0.0
none__box_2.0,38,success,success,,0.5748550661438023,0.0
none__box_2.0,39,success,success,,0.7215494204686843,0.0
none__box_2.0,40,success,success,,0.2537170180334505,0.0
none__box_2.0,41,success,success,,0.6178714646330196,0.0
none__box_2.0,42,success,success,,0.5688124671999734,0.0
none__box_2.0,43,success,success,,0.559219169293775,0.0
none__box_2.0,44,success,success,,0.547480570045904,0.0
none__box_2.0,45,success,success,,0.06688533509740294,0.0
none__box_2.0,46,success,success,,0.6485177180699837,0.0
none__box_2.0,47,success,success,,0.3258708160002766,0.0
none__box_2.0,48,success,success,,0.4978269433054737,0.0
none__box_2.0,49,success,success,,0.36814074099341,0.0
none__box_2.0,50,success,success,,0.16922240396409066,0.0
none__box_2.0,51,success,success,,0.4083918007090314,0.0
none__box_2.0,52,success,success,,0.715703307230452,0.0
none__box_2.0,53,success,success,,0.6423723087857979,0.0
none__box_2.0,54,success,success,,0.6319689434702892,0.0
none__box_2.0,55,success,success,,0.7320947311128727,0.0
none__box_2.0,56,success,success,,0.6986100529507524,0.0
none__box_2.0,57,success,success,,0.1483483407611037,0.0
none__box_2.0,58,success,success,,0.7203593668490234,0.0
none__box_2.0,59,success,success,,0.6034663983590636,0.0
none__box_2.0,60,success,success,,0.3206875498021446,0.0
none__box_2.0,61,success,success,,0.5412065512969384,0.0
none__box_2.0,62,success,success,,0.3014882454076058,0.0
none__box_2.0,63,success,success,,0.6931185293894767,0.0
none__box_2.0,64,success,success,,0.33661407102391017,0.0
none__box_2.0,65,success,success,,0.4501978542834536,0.0
none__box_2.0,66,success,success,,0.7396572672070406,0.0
none__box_2.0,67,success,success,,0.6891918140652845,0.0
none__box_2.0,68,success,success,,0.3945425262124105,0.0
none__box_2.0,69,success,success,,0.7442268631648536,0.0
none__box_2.0,70,success,success,,0.7431476408904293,0.0
none__box_2.0,71,success,success,,0.5472810998982433,0.0
none__box_2.0,72,success,success,,0.5145175401308114,0.0
none__box_2.0,73,success,success,,0.7717272430113954,0.0
none__box_2.0,74,success,success,,0.7836544400491229,0.0
none__box_2.0,75,success,success,,0.7585486673831129,0.0
none__box_2.0,76,success,success,,0.2862010401084749,0.0
none__box_2.0,77,success,success,,0.8134538358858177,0.0
none__box_2.0,78,success,success,,0.29448658083816087,0.0
none__box_2.0,79,success,success,,0.4835229555555765,0.0
none__box_2.0,80,success,success,,0.2891625582317168,0.0
none__box_2.0,81,success,success,,0.7754019851352548,0.0
none__box_2.0,82,success,success,,0.4474085609445552,0.0
none__box_2.0,83,success,success,,0.7583303673059458,0.0
none__box_2.0,84,success,success,,0.5681823251393192,0.0
none__box_2.0,85,success,success,,0.4959664280652244,0.0
none__box_2.0,86,success,success,,0.5846255956366738,0.0
none__box_2.0,87,success,success,,0.4692743177188902,0.0
none__box_2.0,88,success,success,,0.5489946516889408,0.0
none__box_2.0,89,success,success,,0.2596038331044097,0.0
none__box_2.0,90,success,success,,0.6948921613545107,0.0
none__box_2.0,91,success,success,,0.3876294431446997,0.0
none__box_2.0,92,success,success,,0.6881995107553884,0.0
none__box_2.0,93,success,success,,0.572034345412775,0.0
none__box_2.0,94,success,success,,0.4352103107343527,0.0
none__box_2.0,95,success,success,,0.6057620701438795,0.0
none__box_2.0,96,success,success,,0.2778242358600663,0.0
none__box_2.0,97,success,success,,0.27212033187811646,0.0
none__box_2.0,98,success,success,,0.4741482340115904,0.0
none__box_2.0,99,success,success,,0.6681098196862417,0.0
none__box_2.0,100,success,success,,0.6477869033039536,0.0
none__box_2.0,101,success,success,,0.547997799154607,0.0
none__box_2.0,102,success,success,,0.6385545107759536,0.0
none__box_2.0,103,success,success,,0.3903537397580683,0.0
none__box_2.0,104,success,success,,0.6169800964511524,0.0
none__box_2.0,105,success,success,,0.5441796653175884,0.0
none__box_2.0,106,success,success,,0.12102595322298415,0.0
none__box_2.0,107,success,success,,0.6038148454826823,0.0
none__box_2.0,108,success,success,,0.6422921156203258,0.0
none__box_2.0,109,success,success,,0.37954969242198233,0.0
none__box_2.0,110,success,success,,0.6072777114848545,0.0
none__box_2.0,111,success,success,,0.7751862301947711,0.0
none__box_2.0,112,success,success,,0.7090272737728156,0.0
none__box_2.0,113,success,success,,0.7413748646525533,0.0
none__box_2.0,114,success,success,,0.3400237430551201,0.0
none__box_2.0,115,success,success,,0.6284701643373342,0.0
none__box_2.0,116,success,success,,0.5740426226017614,0.0
none__box_2.0,117,success,success,,0.3903168571976507,0.0
none__box_2.0,118,success,success,,0.7519323074199004,0.0
none__box_2.0,119,success,success,,0.44132369210838096,0.0
none__box_2.0,120,success,success,,0.6475410212820729,0.0
none__box_2.0,121,success,success,,0.6929343126348027,0.0
none__box_2.0,122,success,success,,0.6685034517850157,0.0
none__box_2.0,123,success,success,,0.748176461021364,0.0
none__box_2.0,124,success,success,,0.7458781497543433,0.0
none__box_2.0,125,success,success,,0.40797131921744656,0.0
none__box_2.0,126,success,success,,0.5248238842752163,0.0
none__box_2.0,127,success,success,,0.5806325262561778,0.0
none__box_2.0,128,success,success,,0.27522356351500443,0.0
none__box_2.0,129,success,success,,0.48642631040139683,0.0
none__box_2.0,130,success,success,,0.7019528591406429,0.0
none__box_2.0,131,success,success,,0.6299024808480627,0.0
none__box_2.0,132,success,success,,0.6618235628145064,0.0
none__box_2.0,133,success,success,,0.5011546492194114,0.0
none__box_2.0,134,success,success,,0.4585107244323271,0.0
none__box_2.0,135,success,success,,0.6645915489468839,0.0
none__box_2.0,136,success,success,,0.46170920838119067,0.0
none__box_2.0,137,success,success,,0.7706291133447971,0.0
none__box_2.0,138,success,success,,0.5422740691631331,0.0
none__box_2.0,139,success,success,,0.6237966476367159,0.0
none__box_2.0,140,success,success,,0.34375423822405693,0.0
none__box_2.0,141,success,success,,0.31340945721211644,0.0
none__box_2.0,142,success,success,,0.4910548556013846,0.0
none__box_2.0,143,success,success,,0.5385409398454711,0.0
none__box_2.0,144,success,success,,0.08181247740938812,0.0
none__box_2.0,145,success,success,,0.4667569769318459,0.0
none__box_2.0,146,success,success,,0.40081030316215954,0.0
none__box_2.0,147,success,success,,0.06853716464419451,0.0
none__box_2.0,148,success,success,,0.5189354022757231,0.0
none__box_2.0,149,success,success,,0.8134966357735449,0.0
none__box_2.0,150,success,success,,0.307129494529468,0.0
none__box_2.0,151,success,success,,0.4590904220453172,0.0
none__box_2.0,152,success,success,,0.6232336437891403,0.0
none__box_2.0,153,success,success,,0.5929564133619916,0.0
none__box_2.0,154,success,success,,0.22589804209935038,0.0
none__box_2.0,155,success,success,,0.34710909471179185,0.0
none__box_2.0,156,success,success,,0.48718338878295175,0.0
none__box_2.0,157,success,success,,0.48388978791628967,0.0
none__box_2.0,158,success,success,,0.7234175204540024,0.0
none__box_2.0,159,success,success,,0.21156218235572752,0.0
none__box_2.0,160,success,success,,0.5248602297702722,0.0
none__box_2.0,161,success,success,,0.1497339902060721,0.0
none__box_2.0,162,success,success,,0.06438991594262906,0.0
none__box_2.0,163,success,success,,0.6031588686498166,0.0
none__box_2.0,164,success,success,,0.6692492523466507,0.0
none__box_2.0,165,success,success,,0.6569750306499339,0.0
none__box_2.0,166,success,success,,0.3708427359843066,0.0
none__box_2.0,167,success,success,,0.7262165258717019,0.0
none__box_2.0,168,success,success,,0.5877931099479609,0.0
none__box_2.0,169,success,success,,0.67864529407034,0.0
none__box_2.0,170,success,success,,0.3303855392601693,0.0
none__box_2.0,171,success,success,,0.14975749920565906,0.0
none__box_2.0,172,success,success,,0.3476132446985864,0.0
none__box_2.0,173,success,success,,0.05370654894973669,0.0
none__box_2.0,174,success,success,,0.29603994954627466,0.0
none__box_2.0,175,success,success,,0.641221397694415,0.0
none__box_2.0,176,success,success,,0.20728157222473076,0.0
none__box_2.0,177,success,success,,0.5031733335429365,0.0
none__box_2.0,178,success,success,,0.6691212756649227,0.0
none__box_2.0,179,success,success,,0.59014918836648,0.0
none__box_2.0,180,success,success,,0.5961238755354168,0.0
none__box_2.0,181,success,success,,0.7192929066794838,0.0
none__box_2.0,182,success,success,,0.5333349841208224,0.0
none__box_2.0,183,success,success,,0.7234414690617851,0.0
none__box_2.0,184,success,success,,0.273483148525409,0.0
none__box_2.0,185,success,success,,0.4611209921511731,0.0
none__box_2.0,186,success,success,,0.667501427166092,0.0
none__box_2.0,187,success,success,,0.6669074903456593,0.0
none__box_2.0,188,success,success,,0.7828400573997799,0.0
none__box_2.0,189,success,success,,0.393800191074808,0.0
none__box_2.0,190,success,success,,0.5071748268557381,0.0
none__box_2.0,191,success,success,,0.3690019112804435,0.0
none__box_2.0,192,success,success,,0.5878603276023694,0.0
none__box_2.0,193,success,success,,0.7003840741524346,0.0
none__box_2.0,194,success,success,,0.5749905789221035,0.0
none__box_2.0,195,success,success,,0.6894351565624744,0.0
none__box_2.0,196,success,success,,0.6819898011119496,0.0
none__box_2.0,197,success,success,,0.512355704163343,0.0
none__box_2.0,198,success,success,,0.05343887292941012,0.0
none__box_2.0,199,success,success,,0.5273883396821408,0.0
none__box_2.0,200,success,success,,0.3683551106558236,0.0
none__box_2.0,201,success,success,,0.4488688749478644,0.0
none__box_2.0,202,success,success,,0.21976289251880327,0.0
none__box_2.0,203,success,success,,0.22418935164938844,0.0
none__box_2.0,204,success,success,,0.6071594807453845,0.0
none__box_2.0,205,success,success,,0.6030641735851325,0.0
none__box_2.0,206,success,success,,0.5251320342825715,0.0
none__box_2.0,207,success,success,,0.7392257253713937,0.0
none__box_2.0,208,success,success,,0.26346416847612086,0.0
none__box_2.0,209,success,success,,0.16319913330670166,0.0
none__box_2.0,210,success,success,,0.6324504339321779,0.0
none__box_2.0,211,success,success,,0.6577487323458093,0.0
none__box_2.0,212,success,success,,0.35148958081985493,0.0
none__box_2.0,213,success,success,,0.287060572864536,0.0
none__box_2.0,214,success,success,,0.42924865670344187,0.0
none__box_2.0,215,success,success,,0.3776527499794686,0.0
none__box_2.0,216,success,success,,0.511613228893559,0.0
none__box_2.0,217,success,success,,0.6080440153795554,0.0
none__box_2.0,218,success,success,,0.5181460724769074,0.0
none__box_2.0,219,success,success,,0.5955562727788968,0.0
none__box_2.0,220,success,success,,0.6322701840230894,0.0
none__box_2.0,221,success,success,,0.4020085092663737,0.0
none__box_2.0,222,success,success,,0.36734047229188255,0.0
none__box_2.0,223,success,success,,0.20644126164416124,0.0
none__box_2.0,224,success,success,,0.582685808817355,0.0
none__box_2.0,225,success,success,,0.22071986284174527,0.0
none__box_2.0,226,success,success,,0.5740170057285683,0.0
none__box_2.0,227,success,success,,0.6437151988889958,0.0
none__box_2.0,228,success,success,,0.6215597725232143,0.0
none__box_2.0,229,success,success,,0.33214218197323564,0.0
none__box_2.0,230,success,success,,0.590587134564598,0.0
none__box_2.0,231,success,success,,0.5826237985904821,0.0
none__box_2.0,232,success,success,,0.6865356438019579,0.0
none__box_2.0,233,success,success,,0.16464101758444943,0.0
none__box_2.0,234,success,success,,0.4870588721509007,0.0
none__box_2.0,235,success,success,,0.4526721202155687,0.0
none__box_2.0,236,success,success,,0.5158198955975861,0.0
none__box_2.0,237,success,success,,0.44223799161570954,0.0
none__box_2.0,238,success,success,,0.7090758036734774,0.0
none__box_2.0,239,success,success,,0.6160720228688263,0.0
none__box_2.0,240,success,success,,0.6643115114723603,0.0
none__box_2.0,241,success,success,,0.550967752113352,0.0
none__box_2.0,242,success,success,,0.4317747729705625,0.0
none__box_2.0,243,success,success,,0.5165466019160254,0.0
none__box_2.0,244,success,success,,0.5652752102107309,0.0
none__box_2.0,245,success,success,,0.2991914153677265,0.0
none__box_2.0,246,success,success,,0.42108697379665583,0.0
none__box_2.0,247,success,success,,0.4758649287671194,0.0
none__box_2.0,248,success,success,,0.35658859302164836,0.0
none__box_2.0,249,success,success,,0.5019480177533714,0.0
none__box_2.0,250,success,success,,0.6042192541905108,0.0
none__box_2.0,251,success,success,,0.6164844463187373,0.0
none__box_2.0,252,success,success,,0.4927861170433822,0.0
none__box_2.0,253,success,success,,0.3618236180739226,0.0
none__box_2.0,254,success,success,,0.4827647679559733,0.0
none__box_2.0,255,success,success,,0.5212782344009584,0.0
none__box_2.0,256,success,success,,0.795062327006794,0.0
none__box_2.0,257,success,success,,0.25203842773127827,0.0
none__box_2.0,258,success,success,,0.6819006770149142,0.0
none__box_2.0,259,success,success,,0.6328324156823434,0.0
none__box_2.0,260,success,success,,0.5839883254189288,0.0
none__box_2.0,261,success,success,,0.42592532821260953,0.0
none__box_2.0,262,success,success,,0.5365532611183176,0.0
none__box_2.0,263,success,success,,0.3181998500922051,0.0
none__box_2.0,264,success,success,,0.20303166660525718,0.0
none__box_2.0,265,success,success,,0.1963749632972566,0.0
none__box_2.0,266,success,success,,0.40383804401093026,0.0
none__box_2.0,267,success,success,,0.5093537792154088,0.0
none__box_2.0,268,success,success,,0.12195135646681632,0.0
none__box_2.0,269,success,success,,0.5550777358337959,0.0
none__box_2.0,270,success,success,,0.5651023087989085,0.0
none__box_2.0,271,success,success,,0.1668752698395329,0.0
none__box_2.0,272,success,success,,0.7513538835322725,0.0
none__box_2.0,273,success,success,,0.3303243123263818,0.0
none__box_2.0,274,success,success,,0.41100013510825156,0.0
none__box_2.0,275,success,success,,0.2583476581103026,0.0
none__box_2.0,276,success,success,,0.623594284542619,0.0
none__box_2.0,277,success,success,,0.3996956210452659,0.0
none__box_2.0,278,success,success,,0.4714719541829883,0.0
none__box_2.0,279,success,success,,0.44220844912430524,0.0
none__box_2.0,280,success,success,,0.6996489338171166,0.0
none__box_2.0,281,success,success,,0.3040309731038333,0.0
none__box_2.0,282,success,success,,0.1645281135048579,0.0
none__box_2.0,283,success,success,,0.44688992810744327,0.0
none__box_2.0,284,success,success,,0.6253869419975382,0.0
none__box_2.0,285,success,success,,0.7046182323166558,0.0
none__box_2.0,286,success,success,,0.614848700401238,0.0
none__box_2.0,287,success,success,,0.33866028543921495,0.0
none__box_2.0,288,success,success,,0.4178119432432485,0.0
none__box_2.0,289,success,success,,0.5252849678264774,0.0
none__box_2.0,290,success,success,,0.22447460131290925,0.0
none__box_2.0,291,success,success,,0.711511402312387,0.0
none__box_2.0,292,success,success,,0.598197824418909,0.0
none__box_2.0,293,success,success,,0.39675255764846473,0.0
none__box_2.0,294,success,success,,0.3706420980561118,0.0
none__box_2.0,295,success,success,,0.7828287801727831,0.0
none__box_2.0,296,success,success,,0.31608071721071107,0.0
none__box_2.0,297,success,success,,0.79026137604612,0.0
none__box_2.0,298,success,success,,0.4088376539229123,0.0
none__box_2.0,299,success,success,,0.39656245178549576,0.0
none__box_2.0,300,success,success,,0.801916351617439,0.0
none__box_2.0,301,success,success,,0.5999234360708311,0.0
none__box_2.0,302,success,success,,0.34355124932234626,0.0
none__box_2.0,303,success,success,,0.6690452916314257,0.0
none__box_2.0,304,success,success,,0.7412170705275942,0.0
none__box_2.0,305,success,success,,0.45734672656790687,0.0
none__box_2.0,306,success,success,,0.7036484246323801,0.0
none__box_2.0,307,success,success,,0.361731872397993,0.0
none__box_2.0,308,success,success,,0.4065652383662514,0.0
none__box_2.0,309,success,success,,0.6549999660654006,0.0
none__box_2.0,310,success,success,,0.2566106659711524,0.0
none__box_2.0,311,success,success,,0.5530030968278353,0.0
none__box_2.0,312,success,success,,0.7335556261488061,0.0
none__box_2.0,313,success,success,,0.21856645398807276,0.0
none__box_2.0,314,success,success,,0.7514161616647542,0.0
none__box_2.0,315,success,success,,0.6398119256580864,0.0
none__box_2.0,316,success,success,,0.6566495406667935,0.0
none__box_2.0,317,success,success,,0.34886758376655996,0.0
none__box_2.0,318,success,success,,0.031532121009444344,0.0
none__box_2.0,319,success,success,,0.5090828914851508,0.0
none__box_2.0,320,success,success,,0.32720657299819855,0.0
none__box_2.0,321,success,success,,0.4921950795061003,0.0
none__box_2.0,322,success,success,,0.6856826893549564,0.0
none__box_2.0,323,success,success,,0.32797068882356456,0.0
none__box_2.0,324,success,success,,0.6268613279368641,0.0
none__box_2.0,325,success,success,,0.6310187127581806,0.0
none__box_2.0,326,success,success,,0.27621190636079335,0.0
none__box_2.0,327,success,success,,0.6611819359633031,0.0
none__box_2.0,328,success,success,,0.7520564269822622,0.0
none__box_2.0,329,success,success,,0.52013206036268,0.0
none__box_2.0,330,success,success,,0.462391924576217,0.0
none__box_2.0,331,success,success,,0.6829419367364045,0.0
none__box_2.0,332,success,success,,0.6108371713503944,0.0
none__box_2.0,333,success,success,,0.599965436096744,0.0
none__box_2.0,334,success,success,,0.7202737330818438,0.0
none__box_2.0,335,success,success,,0.17149423579672818,0.0
none__box_2.0,336,success,success,,0.5005768091038278,0.0
none__box_2.0,337,success,success,,0.5486741152370249,0.0
none__box_2.0,338,success,success,,0.32701491027459473,0.0
none__box_2.0,339,success,success,,0.2719228718324035,0.0
none__box_2.0,340,success,success,,0.7776531351490706,0.0
none__box_2.0,341,success,success,,0.5644065291071987,0.0
none__box_2.0,342,success,success,,0.5610698903946951,0.0
none__box_2.0,343,success,success,,0.32839810549648735,0.0
none__box_2.0,344,success,success,,0.39554125741893026,0.0
none__box_2.0,345,success,success,,0.47285592718773106,0.0
none__box_2.0,346,success,success,,0.57384420255909,0.0
none__box_2.0,347,success,success,,0.41392004216222983,0.0
none__box_2.0,348,success,success,,0.2987244737508023,0.0
none__box_2.0,349,success,success,,0.6904806440937369,0.0
none__box_2.0,350,success,success,,0.4577926941824039,0.0
none__box_2.0,351,success,success,,0.778338316278518,0.0
none__box_2.0,352,success,success,,0.041612564878205374,0.0
none__box_2.0,353,success,success,,0.6133598201894509,0.0
none__box_2.0,354,success,success,,0.7661584617148418,0.0
none__box_2.0,355,success,success,,0.27194072552013593,0.0
none__box_2.0,356,success,success,,0.15736168206816006,0.0
none__box_2.0,357,success,success,,0.6519363752888013,0.0
none__box_2.0,358,success,success,,0.42523511278038717,0.0
none__box_2.0,359,success,success,,0.5085151975412907,0.0
none__box_2.0,360,success,success,,0.4892224442648887,0.0
none__box_2.0,361,success,success,,0.30112655325214044,0.0
none__box_2.0,362,success,success,,0.315279435139726,0.0
none__box_2.0,363,success,success,,0.6051397441352457,0.0
none__box_2.0,364,success,success,,0.31911613039236586,0.0
none__box_2.0,365,success,success,,0.5037416006267443,0.0
none__box_2.0,366,success,success,,0.7338666774733621,0.0
none__box_2.0,367,success,success,,0.4212525522274264,0.0
none__box_2.0,368,success,success,,0.41763575365573785,0.0
none__box_2.0,369,success,success,,0.46100524062351933,0.0
none__box_2.0,370,success,success,,0.365080495964547,0.0
none__box_2.0,371,success,success,,0.35337304741541853,0.0
none__box_2.0,372,success,success,,0.432995933178218,0.0
none__box_2.0,373,success,success,,0.46870000441055215,0.0
none__box_2.0,374,success,success,,0.6336928587152239,0.0
none__box_2.0,375,success,success,,0.8040117832209891,0.0
none__box_2.0,376,success,success,,0.3982921646562644,0.0
none__box_2.0,377,success,success,,0.5327995636262378,0.0
none__box_2.0,378,success,success,,0.5277742198119227,0.0
none__box_2.0,379,success,success,,0.19824895591251573,0.0
none__box_2.0,380,success,success,,0.4890941630751075,0.0
none__box_2.0,381,success,success,,0.26864911011547055,0.0
none__box_2.0,382,success,success,,0.778595110276423,0.0
none__box_2.0,383,success,success,,0.4933250194169471,0.0
none__box_2.0,384,success,success,,0.41074930912586993,0.0
none__box_2.0,385,success,success,,0.12066659406325214,0.0
none__box_2.0,386,success,success,,0.556488544099436,0.0
none__box_2.0,387,success,success,,0.08734152903791272,0.0
none__box_2.0,388,success,success,,0.7229077860040619,0.0
none__box_2.0,389,success,success,,0.6047356550589158,0.0
none__box_2.0,390,success,success,,0.3756871392992397,0.0
none__box_2.0,391,success,success,,0.628402293551859,0.0
none__box_2.0,392,success,success,,0.20262850972037397,0.0
none__box_2.0,393,success,success,,0.2594840489162939,0.0
none__box_2.0,394,success,success,,0.7719442033876561,0.0
none__box_2.0,395,success,success,,0.12083558795505772,0.0
none__box_2.0,396,success,success,,0.11722337675419678,0.0
none__box_2.0,397,success,success,,0.7687207317003134,0.0
none__box_2.0,398,success,success,,0.32915622578869025,0.0
none__box_2.0,399,success,success,,0.28575831189150913,0.0
none__box_2.0,400,success,success,,0.42952861131427184,0.0
none__box_2.0,401,success,success,,0.5485114631250241,0.0
none__box_2.0,402,success,success,,0.2963753883618704,0.0
none__box_2.0,403,success,success,,0.23416714050746718,0.0
none__box_2.0,404,success,success,,0.30474363570690344,0.0
none__box_2.0,405,success,success,,0.3414123155352965,0.0
none__box_2.0,406,success,success,,0.21414670185306617,0.0
none__box_2.0,407,success,success,,0.7608454718587337,0.0
none__box_2.0,408,success,success,,0.6884347199506845,0.0
none__box_2.0,409,success,success,,0.7016270730202432,0.0
none__box_2.0,410,success,success,,0.382343398593522,0.0
none__box_2.0,411,success,success,,0.579764738838448,0.0
none__box_2.0,412,success,success,,0.6991968969174994,0.0
none__box_2.0,413,success,success,,0.7098485323523376,0.0
none__box_2.0,414,success,success,,0.5597057568779662,0.0
none__box_2.0,415,success,success,,0.40550801061244185,0.0
none__box_2.0,416,success,success,,0.4886493557351623,0.0
none__box_2.0,417,success,success,,0.7651692826306423,0.0
none__box_2.0,418,success,success,,0.3197951958818552,0.0
none__box_2.0,419,success,success,,0.6867785930770955,0.0
none__box_2.0,420,success,success,,0.7287526913218165,0.0
none__box_2.0,421,success,success,,0.5037014534787227,0.0
none__box_2.0,422,success,success,,0.5069839280815669,0.0
none__box_2.0,423,success,success,,0.7557824503732862,0.0
none__box_2.0,424,success,success,,0.5420447180995345,0.0
none__box_2.0,425,success,success,,0.5159376240558016,0.0
none__box_2.0,426,success,success,,0.2356632366591571,0.0
none__box_2.0,427,success,success,,0.46135203836440075,0.0
none__box_2.0,428,success,success,,0.6292417632997724,0.0
none__box_2.0,429,success,success,,0.37708238637560554,0.0
none__box_2.0,430,success,success,,0.6822674554997337,0.0
none__box_2.0,431,success,success,,0.4798203162555418,0.0
none__box_2.0,432,success,success,,0.11385733838016596,0.0
none__box_2.0,433,success,success,,0.47233097145273506,0.0
none__box_2.0,434,success,success,,0.4779155833313494,0.0
none__box_2.0,435,success,success,,0.358251933600891,0.0
none__box_2.0,436,success,success,,0.5804409152811754,0.0
none__box_2.0,437,success,success,,0.5979193478323652,0.0
none__box_2.0,438,success,success,,0.5228844840373013,0.0
none__box_2.0,439,success,success,,0.3502484715526098,0.0
none__box_2.0,440,success,success,,0.7609669227246538,0.0
none__box_2.0,441,success,success,,0.500581936317597,0.0
none__box_2.0,442,success,success,,0.04667764754241704,0.0
none__box_2.0,443,success,success,,0.21728685162581177,0.0
none__box_2.0,444,success,success,,0.6320734807974377,0.0
none__box_2.0,445,success,success,,0.4160222802551979,0.0
none__box_2.0,446,success,success,,0.6272556680254151,0.0
none__box_2.0,447,success,success,,0.39175549298888734,0.0
none__box_2.0,448,success,success,,0.45156696677984554,0.0
none__box_2.0,449,success,success,,0.26259459434223276,0.0
none__box_2.0,450,success,success,,0.5614548265817783,0.0
none__box_2.0,451,success,success,,0.5638383995806251,0.0
none__box_2.0,452,success,success,,0.5149866948330003,0.0
none__box_2.0,453,success,success,,0.5076492788614484,0.0
none__box_2.0,454,success,success,,0.5350172144537227,0.0
none__box_2.0,455,success,success,,0.22789207816096316,0.0
none__box_2.0,456,success,success,,0.6232655892701793,0.0
none__box_2.0,457,success,success,,0.4654971223755084,0.0
none__box_2.0,458,success,success,,0.44166539644597225,0.0
none__box_2.0,459,success,success,,0.390870380418199,0.0
none__box_2.0,460,success,success,,0.5125196790725978,0.0
none__box_2.0,461,success,success,,0.6892867057057869,0.0
none__box_2.0,462,success,success,,0.19787667734741043,0.0
none__box_2.0,463,success,success,,0.5566234800921604,0.0
none__box_2.0,464,success,success,,0.34750967373548136,0.0
none__box_2.0,465,success,success,,0.7278103586515131,0.0
none__box_2.0,466,success,success,,0.22299844463425678,0.0
none__box_2.0,467,success,success,,0.44941209729924536,0.0
none__box_2.0,468,success,success,,0.6741466279252525,0.0
none__box_2.0,469,success,success,,0.25168160241684556,0.0
none__box_2.0,470,success,success,,0.708150499748524,0.0
none__box_2.0,471,success,success,,0.4226626791842737,0.0
none__box_2.0,472,success,success,,0.7087562457336499,0.0
none__box_2.0,473,success,success,,0.6610323443165277,0.0
none__box_2.0,474,success,success,,0.5744814506170466,0.0
none__box_2.0,475,success,success,,0.29282295650627177,0.0
none__box_2.0,476,success,success,,0.6080185437120378,0.0
none__box_2.0,477,success,success,,0.476218753699038,0.0
none__box_2.0,478,success,success,,0.6707185473993694,0.0
none__box_2.0,479,success,success,,0.24400132305920189,0.0
none__box_2.0,480,success,success,,0.6575538145762697,0.0
none__box_2.0,481,success,success,,0.7573602952404034,0.0
none__box_2.0,482,success,success,,0.6451431141564997,0.0
none__box_2.0,483,success,success,,0.4905538375740516,0.0
none__box_2.0,484,success,success,,0.4338711062467096,0.0
none__box_2.0,485,success,success,,0.26860417083067095,0.0
none__box_2.0,486,success,success,,0.4810417187974525,0.0
none__box_2.0,487,success,success,,0.09246000028549825,0.0
none__box_2.0,488,success,success,,0.2996253469700093,0.0
none__box_2.0,489,success,success,,0.435835556757183,0.0
none__box_2.0,490,success,success,,0.7070032936984506,0.0
none__box_2.0,491,success,success,,0.7395749807009085,0.0
none__box_2.0,492,success,success,,0.7102886177315729,0.0
none__box_2.0,493,success,success,,0.7933938452221803,0.0
none__box_2.0,494,success,success,,0.5352535246128889,0.0
none__box_2.0,495,success,success,,0.4215373235663268,0.0
none__box_2.0,496,success,success,,0.14386060059546105,0.0
none__box_2.0,497,success,success,,0.6701932762071434,0.0
none__box_2.0,498,success,success,,0.4594291119565684,0.0
none__box_2.0,499,success,success,,0.7143047995455806,0.0
none__box_2.0,500,success,success,,0.6170665947409497,0.0
none__box_2.0,501,success,success,,0.2145753154336398,0.0
none__box_2.0,502,success,success,,0.2077408842330804,0.0
none__box_2.0,503,success,success,,0.46713672188602884,0.0
none__box_2.0,504,success,success,,0.44004706536888616,0.0
none__box_2.0,505,success,success,,0.4360263100878117,0.0
none__box_2.0,506,success,success,,0.5333850860899113,0.0
none__box_2.0,507,success,success,,0.3633041736942443,0.0
none__box_2.0,508,success,success,,0.7291464631659862,0.0
none__box_2.0,509,success,success,,0.7147253456177742,0.0
none__box_2.0,510,success,success,,0.219138179087086,0.0
none__box_2.0,511,success,success,,0.3327079126495258,0.0
none__box_2.0,512,success,success,,0.5640345224711826,0.0
none__box_2.0,513,success,success,,0.5917335099246033,0.0
none__box_2.0,514,success,success,,0.368177898204729,0.0
none__box_2.0,515,success,success,,0.7617322519438485,0.0
none__box_2.0,516,success,success,,0.6052521386067571,0.0
none__box_2.0,517,success,success,,0.5302199032635098,0.0
none__box_2.0,518,success,success,,0.674208202585376,0.0
none__box_2.0,519,success,success,,0.2501203549753923,0.0
none__box_2.0,520,success,success,,0.5899714709975551,0.0
none__box_2.0,521,success,success,,0.42164780583436196,0.0
none__box_2.0,522,success,success,,0.6503909427878865,0.0
none__box_2.0,523,success,success,,0.7658548657575668,0.0
none__box_2.0,524,success,success,,0.4798407737827741,0.0
none__box_2.0,525,success,success,,0.40464998451854134,0.0
none__box_2.0,526,success,success,,0.5235189399903725,0.0
none__box_2.0,527,success,success,,0.5727147161568715,0.0
none__box_2.0,528,success,success,,0.5367917843025423,0.0
none__box_2.0,529,success,success,,0.7996724111276312,0.0
none__box_2.0,530,success,success,,0.685323308877456,0.0
none__box_2.0,531,success,success,,0.5107200587614584,0.0
none__box_2.0,532,success,success,,0.7700638458587241,0.0
none__box_2.0,533,success,success,,0.3856611901236828,0.0
none__box_2.0,534,success,success,,0.6019110429121443,0.0
none__box_2.0,535,success,success,,0.22994624313160944,0.0
none__box_2.0,536,success,success,,0.4202370101351314,0.0
none__box_2.0,537,success,success,,0.5850600117501673,0.0
none__box_2.0,538,success,success,,0.3371130870924888,0.0
none__box_2.0,539,success,success,,0.6388489533057531,0.0
none__box_2.0,540,success,success,,0.1826009196790051,0.0
none__box_2.0,541,success,success,,0.6039800840500689,0.0
none__box_2.0,542,success,success,,0.6482795518763409,0.0
none__box_2.0,543,success,success,,0.5153181361786808,0.0
none__box_2.0,544,success,success,,0.22022970376885168,0.0
none__box_2.0,545,success,success,,0.39914523452431344,0.0
none__box_2.0,546,success,success,,0.5711887667881324,0.0
none__box_2.0,547,success,success,,0.19362469830672732,0.0
none__box_2.0,548,success,success,,0.555082684795889,0.0
none__box_2.0,549,success,success,,0.48172378713563657,0.0
none__box_2.0,550,success,success,,0.4732757124355296,0.0
none__box_2.0,551,success,success,,0.6340532382057901,0.0
none__box_2.0,552,success,success,,0.13016846894757084,0.0
none__box_2.0,553,success,success,,0.6259445172489874,0.0
none__box_2.0,554,success,success,,0.6653618884511634,0.0
none__box_2.0,555,success,success,,0.24306150469169324,0.0
none__box_2.0,556,success,success,,0.5422944155034242,0.0
none__box_2.0,557,success,success,,0.35768400117159516,0.0
none__box_2.0,558,success,success,,0.6036134118520151,0.0
none__box_2.0,559,success,success,,0.6617604244364044,0.0
none__box_2.0,560,success,success,,0.5534715820567471,0.0
none__box_2.0,561,success,success,,0.18264921412839052,0.0
none__box_2.0,562,success,success,,0.4610990202991233,0.0
none__box_2.0,563,success,success,,0.6337987331505589,0.0
none__box_2.0,564,success,success,,0.5168757580211628,0.0
none__box_2.0,565,success,success,,0.6741501306109847,0.0
none__box_2.0,566,success,success,,0.7432397136795066,0.0
none__box_2.0,567,success,success,,0.10208653466470129,0.0
none__box_2.0,568,success,success,,0.2179603518885875,0.0
none__box_2.0,569,success,success,,0.4958104146805281,0.0
none__box_2.0,570,success,success,,0.4230856131065804,0.0
none__box_2.0,571,success,success,,0.35502122964092775,0.0
none__box_2.0,572,success,success,,0.15334790872855622,0.0
none__box_2.0,573,success,success,,0.7118577958817877,0.0
none__box_2.0,574,success,success,,0.6203088351107112,0.0
none__box_2.0,575,success,success,,0.7198930322256907,0.0
none__box_2.0,576,success,success,,0.7395881198608755,0.0
none__box_2.0,577,success,success,,0.596132423380353,0.0
none__box_2.0,578,success,success,,0.4468836405689964,0.0
none__box_2.0,579,success,success,,0.26135614942883295,0.0
none__box_2.0,580,success,success,,0.6056613868330207,0.0
none__box_2.0,581,success,success,,0.27140149009655323,0.0
none__box_2.0,582,success,success,,0.4199347421031897,0.0
none__box_2.0,583,success,success,,0.7673550422438684,0.0
none__box_2.0,584,success,success,,0.37592266165235555,0.0
none__box_2.0,585,success,success,,0.2920483564575033,0.0
none__box_2.0,586,success,success,,0.050602460736448765,0.0
none__box_2.0,587,success,success,,0.5806204976981492,0.0
none__box_2.0,588,success,success,,0.5129523454459346,0.0
none__box_2.0,589,success,success,,0.7425958472565002,0.0
none__box_2.0,590,success,success,,0.23421657578831595,0.0
none__box_2.0,591,success,success,,0.4711317167240555,0.0
none__box_2.0,592,success,success,,0.5931897241718791,0.0
none__box_2.0,593,success,success,,0.3689546348423144,0.0
none__box_2.0,594,success,success,,0.421071966459815,0.0
none__box_2.0,595,success,success,,0.4037320367054529,0.0
none__box_2.0,596,success,success,,0.4818927706417355,0.0
none__box_2.0,597,success,success,,0.28488569631588856,0.0
none__box_2.0,598,success,success,,0.15980475579691855,0.0
none__box_2.0,599,success,success,,0.4415479429528485,0.0
none__box_2.0,600,success,success,,0.4078945754861646,0.0
none__box_2.0,601,success,success,,0.6209338638521296,0.0
none__box_2.0,602,success,success,,0.3361407640254957,0.0
none__box_2.0,603,success,success,,0.4970196631664284,0.0
none__box_2.0,604,success,success,,0.1581477295087678,0.0
none__box_2.0,605,success,success,,0.37770869575444543,0.0
none__box_2.0,606,success,success,,0.4668747211364527,0.0
none__box_2.0,607,success,success,,0.6908130585286931,0.0
none__box_2.0,608,success,success,,0.4638164108565951,0.0
none__box_2.0,609,success,success,,0.7506749043598457,0.0
none__box_2.0,610,success,success,,0.2976048871565307,0.0
none__box_2.0,611,success,success,,0.39903998222690074,0.0
none__box_2.0,612,success,success,,0.33943000997308026,0.0
none__box_2.0,613,success,success,,0.4722186026899665,0.0
none__box_2.0,614,success,success,,0.4959801308056879,0.0
none__box_2.0,615,success,success,,0.5111506004150695,0.0
none__box_2.0,616,success,success,,0.19982120385576896,0.0
none__box_2.0,617,success,success,,0.6366875484665464,0.0
none__box_2.0,618,success,success,,0.7410007534647053,0.0
none__box_2.0,619,success,success,,0.4217908958377278,0.0
none__box_2.0,620,success,success,,0.7126168591858728,0.0
none__box_2.0,621,success,success,,0.4439350911747971,0.0
none__box_2.0,622,success,success,,0.354575643223577,0.0
none__box_2.0,623,success,success,,0.6314503521148086,0.0
none__box_2.0,624,success,success,,0.2819552559492651,0.0
none__box_2.0,625,success,success,,0.45747539537818427,0.0
none__box_2.0,626,success,success,,0.43798228976339837,0.0
none__box_2.0,627,success,success,,0.735878406507444,0.0
none__box_2.0,628,success,success,,0.7255408572094411,0.0
none__box_2.0,629,success,success,,0.5330521435895683,0.0
none__box_2.0,630,success,success,,0.7225365410352507,0.0
none__box_2.0,631,success,success,,0.2019018550874617,0.0
none__box_2.0,632,success,success,,0.598679969788739,0.0
none__box_2.0,633,success,success,,0.4230991190834169,0.0
none__box_2.0,634,success,success,,0.1744280501889533,0.0
none__box_2.0,635,success,success,,0.5145707869338739,0.0
none__box_2.0,636,success,success,,0.5150120004873189,0.0
none__box_2.0,637,success,success,,0.14994710307948134,0.0
none__box_2.0,638,success,success,,0.7113133576791938,0.0
none__box_2.0,639,success,success,,0.7012779011567902,0.0
none__box_2.0,640,success,success,,0.35813334390264706,0.0
none__box_2.0,641,success,success,,0.3616944061041326,0.0
none__box_2.0,642,success,success,,0.3902074800931315,0.0
none__box_2.0,643,success,success,,0.2978932933907849,0.0
none__box_2.0,644,success,success,,0.7391513323926314,0.0
none__box_2.0,645,success,success,,0.3444833249679495,0.0
none__box_2.0,646,success,success,,0.6031632063601234,0.0
none__box_2.0,647,success,success,,0.6731575070552264,0.0
none__box_2.0,648,success,success,,0.7038291107256344,0.0
none__box_2.0,649,success,success,,0.3967550051524903,0.0
none__box_2.0,650,success,success,,0.42805988523131555,0.0
none__box_2.0,651,success,success,,0.5558357658784304,0.0
none__box_2.0,652,success,success,,0.3034106379948464,0.0
none__box_2.0,653,success,success,,0.646896370579827,0.0
none__box_2.0,654,success,success,,0.5320668482321714,0.0
none__box_2.0,655,success,success,,0.5099426353907703,0.0
none__box_2.0,656,success,success,,0.6238262290876367,0.0
none__box_2.0,657,success,success,,0.6203032631654888,0.0
none__box_2.0,658,success,success,,0.6446314338568802,0.0
none__box_2.0,659,success,success,,0.4154730304058349,0.0
none__box_2.0,660,success,success,,0.7093092076388517,0.0
none__box_2.0,661,success,success,,0.46463764697399534,0.0
none__box_2.0,662,success,success,,0.7085240214037947,0.0
none__box_2.0,663,success,success,,0.5231205020246142,0.0
none__box_2.0,664,success,success,,0.12686340277135594,0.0
none__box_2.0,665,success,success,,0.5642624668558649,0.0
none__box_2.0,666,success,success,,0.4498567174755176,0.0
none__box_2.0,667,success,success,,0.43951779589926976,0.0
none__box_2.0,668,success,success,,0.5010181051252254,0.0
none__box_2.0,669,success,success,,0.7996955629007025,0.0
none__box_2.0,670,success,success,,0.46508944906663674,0.0
none__box_2.0,671,success,success,,0.22262272626066534,0.0
none__box_2.0,672,success,success,,0.6281638593440011,0.0
none__box_2.0,673,success,success,,0.6897987284517159,0.0
none__box_2.0,674,success,success,,0.5767716185064369,0.0
none__box_2.0,675,success,success,,0.5380731465295423,0.0
none__box_2.0,676,success,success,,0.25221913509005073,0.0
none__box_2.0,677,success,success,,0.46479632308368457,0.0
none__box_2.0,678,success,success,,0.4454648733490596,0.0
none__box_2.0,679,success,success,,0.4667105145081441,0.0
none__box_2.0,680,success,success,,0.40608690528802355,0.0
none__box_2.0,681,success,success,,0.21971602556792688,0.0
none__box_2.0,682,success,success,,0.655630115320495,0.0
none__box_2.0,683,success,success,,0.16486239800500924,0.0
none__box_2.0,684,success,success,,0.7655541944792597,0.0
none__box_2.0,685,success,success,,0.6782195115519524,0.0
none__box_2.0,686,success,success,,0.3595380714891026,0.0
none__box_2.0,687,success,success,,0.7262023300507099,0.0
none__box_2.0,688,success,success,,0.29323819700395926,0.0
none__box_2.0,689,success,success,,0.650424167380185,0.0
none__box_2.0,690,success,success,,0.42979865237487475,0.0
none__box_2.0,691,success,success,,0.19129069869446882,0.0
none__box_2.0,692,success,success,,0.7134755521594226,0.0
none__box_2.0,693,success,success,,0.7175813597668536,0.0
none__box_2.0,694,success,success,,0.27105003386345994,0.0
none__box_2.0,695,success,success,,0.3677240217404759,0.0
none__box_2.0,696,success,success,,0.727395545936842,0.0
none__box_2.0,697,success,success,,0.6987981534108593,0.0
none__box_2.0,698,success,success,,0.5952095309855805,0.0
none__box_2.0,699,success,success,,0.6107606083439372,0.0
none__box_2.0,700,success,success,,0.5657800479288362,0.0
none__box_2.0,701,success,success,,0.7121844470333445,0.0
none__box_2.0,702,success,success,,0.6317470414171803,0.0
none__box_2.0,703,success,success,,0.17491675359611722,0.0
none__box_2.0,704,success,success,,0.12675108758106884,0.0
none__box_2.0,705,success,success,,0.45163350005590414,0.0
none__box_2.0,706,success,success,,0.2587018134571103,0.0
none__box_2.0,707,success,success,,0.5079356179961658,0.0
none__box_2.0,708,success,success,,0.6378362472425884,0.0
none__box_2.0,709,success,success,,0.7348387917573896,0.0
none__box_2.0,710,success,success,,0.5765451744282536,0.0
none__box_2.0,711,success,success,,0.3322955693452441,0.0
none__box_2.0,712,success,success,,0.5530817897339917,0.0
none__box_2.0,713,success,success,,0.6242783239634986,0.0
none__box_2.0,714,success,success,,0.511755648591204,0.0
none__box_2.0,715,success,success,,0.7631686320278999,0.0
none__box_2.0,716,success,success,,0.39939227027712876,0.0
none__box_2.0,717,success,success,,0.7477820109163775,0.0
none__box_2.0,718,success,success,,0.5965468791197435,0.0
none__box_2.0,719,success,success,,0.7314450842762328,0.0
none__box_2.0,720,success,success,,0.6678633288330782,0.0
none__box_2.0,721,success,success,,0.8137644778959056,0.0
none__box_2.0,722,success,success,,0.594587614436946,0.0
none__box_2.0,723,success,success,,0.7596731514350016,0.0
none__box_2.0,724,success,success,,0.4255111441377635,0.0
none__box_2.0,725,success,success,,0.7370551761425981,0.0
none__box_2.0,726,success,success,,0.7019477127915733,0.0
none__box_2.0,727,success,success,,0.560085854185834,0.0
none__box_2.0,728,success,success,,0.6731664238629556,0.0
none__box_2.0,729,success,success,,0.525681722718951,0.0
none__box_2.0,730,success,success,,0.23559396156001916,0.0
none__box_2.0,731,success,success,,0.45151605527569527,0.0
none__box_2.0,732,success,success,,0.2066219899525197,0.0
none__box_2.0,733,success,success,,0.5256301242572247,0.0
none__box_2.0,734,success,success,,0.509673190447606,0.0
none__box_2.0,735,success,success,,0.13507417707219005,0.0
none__box_2.0,736,success,success,,0.4293763406219265,0.0
none__box_2.0,737,success,success,,0.6135701863587012,0.0
none__box_2.0,738,success,success,,0.55482078493072,0.0
none__box_2.0,739,success,success,,0.5789044328834404,0.0
none__box_2.0,740,success,success,,0.41530974492713907,0.0
none__box_2.0,741,success,success,,0.5979664101285668,0.0
none__box_2.0,742,success,success,,0.40504335270211367,0.0
none__box_2.0,743,success,success,,0.43253648010680557,0.0
none__box_2.0,744,success,success,,0.6019030257657347,0.0
none__box_2.0,745,success,success,,0.5450448051481069,0.0
none__box_2.0,746,success,success,,0.5091815766085167,0.0
none__box_2.0,747,success,success,,0.5860703055681566,0.0
none__box_2.0,748,success,success,,0.44214324370893926,0.0
none__box_2.0,749,success,success,,0.6094246891574441,0.0
none__box_2.0,750,success,success,,0.3771113295591356,0.0
none__box_2.0,751,success,success,,0.4339120973870373,0.0
none__box_2.0,752,success,success,,0.4433908276199997,0.0
none__box_2.0,753,success,success,,0.6782463381965633,0.0
none__box_2.0,754,success,success,,0.41369608705667804,0.0
none__box_2.0,755,success,success,,0.45771543993031005,0.0
none__box_2.0,756,success,success,,0.3798279098907481,0.0
none__box_2.0,757,success,success,,0.6037660416762793,0.0
none__box_2.0,758,success,success,,0.6389340353184847,0.0
none__box_2.0,759,success,success,,0.52885375663709,0.0
none__box_2.0,760,success,success,,0.6934214606953606,0.0
none__box_2.0,761,success,success,,0.5629351260309114,0.0
none__box_2.0,762,success,success,,0.19385821595730665,0.0
none__box_2.0,763,success,success,,0.649874749841966,0.0
none__box_2.0,764,success,success,,0.6899740335549869,0.0
none__box_2.0,765,success,success,,0.17651932849941065,0.0
none__box_2.0,766,success,success,,0.1821198848958125,0.0
none__box_2.0,767,success,success,,0.5228765165796052,0.0
none__box_2.0,768,success,success,,0.18632319792366103,0.0
none__box_2.0,769,success,success,,0.6616092267982718,0.0
none__box_2.0,770,success,success,,0.11649790227206278,0.0
none__box_2.0,771,success,success,,0.46792569324372063,0.0
none__box_2.0,772,success,success,,0.26599391989245763,0.0
none__box_2.0,773,success,success,,0.6257920193875639,0.0
none__box_2.0,774,success,success,,0.6231786702232918,0.0
none__box_2.0,775,success,success,,0.6807696805448571,0.0
none__box_2.0,776,success,success,,0.5300634128356939,0.0
none__box_2.0,777,success,success,,0.7017061242848517,0.0
none__box_2.0,778,success,success,,0.6153838571299627,0.0
none__box_2.0,779,success,success,,0.3796275851154964,0.0
none__box_2.0,780,success,success,,0.6384585757118253,0.0
none__box_2.0,781,success,success,,0.7397681070596923,0.0
none__box_2.0,782,success,success,,0.5027846487915268,0.0
none__box_2.0,783,success,success,,0.31252287909588744,0.0
none__box_2.0,784,success,success,,0.3273747628539032,0.0
none__box_2.0,785,success,success,,0.20568436586280808,0.0
none__box_2.0,786,success,success,,0.16530470644758694,0.0
none__box_2.0,787,success,success,,0.6919845352786282,0.0
none__box_2.0,788,success,success,,0.31911373719923625,0.0
none__box_2.0,789,success,success,,0.6938437823476024,0.0
none__box_2.0,790,success,success,,0.42891594674561173,0.0
none__box_2.0,791,success,success,,0.6561393261167414,0.0
none__box_2.0,792,success,success,,0.6748939251561861,0.0
none__box_2.0,793,success,success,,0.16414066434739008,0.0
none__box_2.0,794,success,success,,0.3937160788296571,0.0
none__box_2.0,795,success,success,,0.543651268048191,0.0
none__box_2.0,796,success,success,,0.3091148909562306,0.0
none__box_2.0,797,success,success,,0.4913785947575722,0.0
none__box_2.0,798,success,success,,0.31273318104380954,0.0
none__box_2.0,799,success,success,,0.5880977849926172,0.0
none__box_2.0,800,success,success,,0.4519207005531308,0.0
none__box_2.0,801,success,success,,0.6811578428250337,0.0
none__box_2.0,802,success,success,,0.31352232058148055,0.0
none__box_2.0,803,success,success,,0.6980247517468701,0.0
none__box_2.0,804,success,success,,0.7547315997094098,0.0
none__box_2.0,805,success,success,,0.3076464969447873,0.0
none__box_2.0,806,success,success,,0.2845912816892803,0.0
none__box_2.0,807,success,success,,0.3031825621054474,0.0
none__box_2.0,808,success,success,,0.3795543325747389,0.0
none__box_2.0,809,success,success,,0.5130612366468936,0.0
none__box_2.0,810,success,success,,0.7136885212196198,0.0
none__box_2.0,811,success,success,,0.48193163343625856,0.0
none__box_2.0,812,success,success,,0.7054254930163222,0.0
none__box_2.0,813,success,success,,0.6052161657977639,0.0
none__box_2.0,814,success,success,,0.4014243741411229,0.0
none__box_2.0,815,success,success,,0.48533878430023464,0.0
none__box_2.0,816,success,success,,0.6726509240063668,0.0
none__box_2.0,817,success,success,,0.4658492381131314,0.0
none__box_2.0,818,success,success,,0.7677080485814899,0.0
none__box_2.0,819,success,success,,0.37229351904612373,0.0
none__box_2.0,820,success,success,,0.6414623192237916,0.0
none__box_2.0,821,success,success,,0.622592181792686,0.0
none__box_2.0,822,success,success,,0.466493530374257,0.0
none__box_2.0,823,success,success,,0.5712686611480705,0.0
none__box_2.0,824,success,success,,0.6756004809720358,0.0
none__box_2.0,825,success,success,,0.3473356959845991,0.0
none__box_2.0,826,success,success,,0.5502155366660857,0.0
none__box_2.0,827,success,success,,0.3482278911855421,0.0
none__box_2.0,828,success,success,,0.32387442930986654,0.0
none__box_2.0,829,success,success,,0.38069951791420187,0.0
none__box_2.0,830,success,success,,0.40028947548841615,0.0
none__box_2.0,831,success,success,,0.32765323446788225,0.0
none__box_2.0,832,success,success,,0.4787577677365898,0.0
none__box_2.0,833,success,success,,0.7055397940759595,0.0
none__box_2.0,834,success,success,,0.7326428403976565,0.0
none__box_2.0,835,success,success,,0.5975973406858532,0.0
none__box_2.0,836,success,success,,0.7136727474327762,0.0
none__box_2.0,837,success,success,,0.2227895643257196,0.0
none__box_2.0,838,success,success,,0.32367582349150237,0.0
none__box_2.0,839,success,success,,0.6333143886048344,0.0
none__box_2.0,840,success,success,,0.40113325992784593,0.0
none__box_2.0,841,success,success,,0.5461026267920962,0.0
none__box_2.0,842,success,success,,0.4527713234144487,0.0
none__box_2.0,843,success,success,,0.5280837020718264,0.0
none__box_2.0,844,success,success,,0.08952778765230367,0.0
none__box_2.0,845,success,success,,0.40445742805034857,0.0
none__box_2.0,846,success,success,,0.05517255846102394,0.0
none__box_2.0,847,success,success,,0.4189176918839147,0.0
none__box_2.0,848,success,success,,0.6224405990492902,0.0
none__box_2.0,849,success,success,,0.6430086976027365,0.0
none__box_2.0,850,success,success,,0.7610894087474963,0.0
none__box_2.0,851,success,success,,0.3752800066070281,0.0
none__box_2.0,852,success,success,,0.6458321047711324,0.0
none__box_2.0,853,success,success,,0.3178596424007196,0.0
none__box_2.0,854,success,success,,0.2982909079324788,0.0
none__box_2.0,855,success,success,,0.5631244512080787,0.0
none__box_2.0,856,success,success,,0.48071031116076535,0.0
none__box_2.0,857,success,success,,0.583881256451352,0.0
none__box_2.0,858,success,success,,0.47698672872520675,0.0
none__box_2.0,859,success,success,,0.5457841962886489,0.0
none__box_2.0,860,success,success,,0.721808500214835,0.0
none__box_2.0,861,success,success,,0.6381466799606094,0.0
none__box_2.0,862,success,success,,0.5167940976072154,0.0
none__box_2.0,863,success,success,,0.2127738136712708,0.0
none__box_2.0,864,success,success,,0.4435794472643165,0.0
none__box_2.0,865,success,success,,0.6426511687497187,0.0
none__box_2.0,866,success,success,,0.580025388123374,0.0
none__box_2.0,867,success,success,,0.7159861054943399,0.0
none__box_2.0,868,success,success,,0.5392749495523527,0.0
none__box_2.0,869,success,success,,0.6639999617601002,0.0
none__box_2.0,870,success,success,,0.5926245427273718,0.0
none__box_2.0,871,success,success,,0.6172388621252034,0.0
none__box_2.0,872,success,success,,0.4572890117462312,0.0
none__box_2.0,873,success,success,,0.5101059628997092,0.0
none__box_2.0,874,success,success,,0.5822707741271362,0.0
none__box_2.0,875,success,success,,0.3660740479316898,0.0
none__box_2.0,876,success,success,,0.2825081785131496,0.0
none__box_2.0,877,success,success,,0.6143403922455402,0.0
none__box_2.0,878,success,success,,0.32779021944690245,0.0
none__box_2.0,879,success,success,,0.6945020379851756,0.0
none__box_2.0,880,success,success,,0.17566441649006384,0.0
none__box_2.0,881,success,success,,0.6670300615259224,0.0
none__box_2.0,882,success,success,,0.3822552556311548,0.0
none__box_2.0,883,success,success,,0.24548011045739082,0.0
none__box_2.0,884,success,success,,0.4510962806759863,0.0
none__box_2.0,885,success,success,,0.34402846589179725,0.0
none__box_2.0,886,success,success,,0.7304854233840816,0.0
none__box_2.0,887,success,success,,0.6340941554169465,0.0
none__box_2.0,888,success,success,,0.4093016067779899,0.0
none__box_2.0,889,success,success,,0.45426156752769176,0.0
none__box_2.0,890,success,success,,0.4468730806019502,0.0
none__box_2.0,891,success,success,,0.6468845288747033,0.0
none__box_2.0,892,success,success,,0.48431631059430796,0.0
none__box_2.0,893,success,success,,0.24115396409289935,0.0
none__box_2.0,894,success,success,,0.6206149602065988,0.0
none__box_2.0,895,success,success,,0.6459022209847658,0.0
none__box_2.0,896,success,success,,0.7108766028848421,0.0
none__box_2.0,897,success,success,,0.7984624215241365,0.0
none__box_2.0,898,success,success,,0.6834857224466288,0.0
none__box_2.0,899,success,success,,0.2710726763392551,0.0
none__box_2.0,900,success,success,,0.635856269358762,0.0
none__box_2.0,901,success,success,,0.48436376854513535,0.0
none__box_2.0,902,success,success,,0.7437565073909825,0.0
none__box_2.0,903,success,success,,0.5490644793147195,0.0
none__box_2.0,904,success,success,,0.43166230555267704,0.0
none__box_2.0,905,success,success,,0.4700229848527944,0.0
none__box_2.0,906,success,success,,0.6177649589918632,0.0
none__box_2.0,907,success,success,,0.5360926474938139,0.0
none__box_2.0,908,success,success,,0.14116174870810172,0.0
none__box_2.0,909,success,success,,0.3281185213178723,0.0
none__box_2.0,910,success,success,,0.2673183103494359,0.0
none__box_2.0,911,success,success,,0.28362336493084245,0.0
none__box_2.0,912,success,success,,0.6075848886199416,0.0
none__box_2.0,913,success,success,,0.37302119812609863,0.0
none__box_2.0,914,success,success,,0.6652289398139358,0.0
none__box_2.0,915,success,success,,0.39276526849338994,0.0
none__box_2.0,916,success,success,,0.5899398768931102,0.0
none__box_2.0,917,success,success,,0.4651761474913697,0.0
none__box_2.0,918,success,success,,0.37644815564155726,0.0
none__box_2.0,919,success,success,,0.6158472352633287,0.0
none__box_2.0,920,success,success,,0.5001590787142411,0.0
none__box_2.0,921,success,success,,0.4690059201196126,0.0
none__box_2.0,922,success,success,,0.4305788338340529,0.0
none__box_2.0,923,success,success,,0.3643035016621431,0.0
none__box_2.0,924,success,success,,0.49804698170849615,0.0
none__box_2.0,925,success,success,,0.7058325871521418,0.0
none__box_2.0,926,success,success,,0.4355853505745985,0.0
none__box_2.0,927,success,success,,0.35464742940856087,0.0
none__box_2.0,928,success,success,,0.33378036586211135,0.0
none__box_2.0,929,success,success,,0.653194859255885,0.0
none__box_2.0,930,success,success,,0.22632926571294815,0.0
none__box_2.0,931,success,success,,0.7285712339709018,0.0
none__box_2.0,932,success,success,,0.24964540371089963,0.0
none__box_2.0,933,success,success,,0.525835358879121,0.0
none__box_2.0,934,success,success,,0.4130405930557285,0.0
none__box_2.0,935,success,success,,0.5526557554701812,0.0
none__box_2.0,936,success,success,,0.43408865969486876,0.0
none__box_2.0,937,success,success,,0.07825787471059084,0.0
none__box_2.0,938,success,success,,0.6928121685262012,0.0
none__box_2.0,939,success,success,,0.7854120749283983,0.0
none__box_2.0,940,success,success,,0.686064952574988,0.0
none__box_2.0,941,success,success,,0.7815415899901774,0.0
none__box_2.0,942,success,success,,0.4926510862448459,0.0
none__box_2.0,943,success,success,,0.4623610246621238,0.0
none__box_2.0,944,success,success,,0.48480421327972795,0.0
none__box_2.0,945,success,success,,0.5898752917011869,0.0
none__box_2.0,946,success,success,,0.40647863268560624,0.0
none__box_2.0,947,success,success,,0.5090419312916548,0.0
none__box_2.0,948,success,success,,0.41424480345091097,0.0
none__box_2.0,949,success,success,,0.6046238387560391,0.0
none__box_2.0,950,success,success,,0.4601557094675227,0.0
none__box_2.0,951,success,success,,0.5810327225296164,0.0
none__box_2.0,952,success,success,,0.4774045910305483,0.0
none__box_2.0,953,success,success,,0.7252602391412245,0.0
none__box_2.0,954,success,success,,0.45428038862240966,0.0
none__box_2.0,955,success,success,,0.6972653726536376,0.0
none__box_2.0,956,success,success,,0.37522620274054347,0.0
none__box_2.0,957,success,success,,0.500808214728531,0.0
none__box_2.0,958,success,success,,0.4057188405850612,0.0
none__box_2.0,959,success,success,,0.778996847951746,0.0
none__box_2.0,960,success,success,,0.2132973500928176,0.0
none__box_2.0,961,success,success,,0.422637586811807,0.0
none__box_2.0,962,success,success,,0.15145458971949707,0.0
none__box_2.0,963,success,success,,0.6977014808277289,0.0
none__box_2.0,964,success,success,,0.3763741844994333,0.0
none__box_2.0,965,success,success,,0.5144443086143633,0.0
none__box_2.0,966,success,success,,0.5055455249580068,0.0
none__box_2.0,967,success,success,,0.28156244462344543,0.0
none__box_2.0,968,success,success,,0.5467232288003745,0.0
none__box_2.0,969,success,success,,0.7059655768625013,0.0
none__box_2.0,970,success,success,,0.5126637183781901,0.0
none__box_2.0,971,success,success,,0.7468051735048644,0.0
none__box_2.0,972,success,success,,0.709795058019065,0.0
none__box_2.0,973,success,success,,0.2186847187862062,0.0
none__box_2.0,974,success,success,,0.47490705705320835,0.0
none__box_2.0,975,success,success,,0.2608652590328661,0.0
none__box_2.0,976,success,success,,0.6798650375308204,0.0
none__box_2.0,977,success,success,,0.3145027882485691,0.0
none__box_2.0,978,success,success,,0.16702314169147867,0.0
none__box_2.0,979,success,success,,0.7617527997657336,0.0
none__box_2.0,980,success,success,,0.26926221576549786,0.0
none__box_2.0,981,success,success,,0.6048566187739883,0.0
none__box_2.0,982,success,success,,0.32873193491244956,0.0
none__box_2.0,983,success,success,,0.6333824445914139,0.0
none__box_2.0,984,success,success,,0.4147565117072048,0.0
none__box_2.0,985,success,success,,0.6799425748919218,0.0
none__box_2.0,986,success,success,,0.3160363392481936,0.0
none__box_2.0,987,success,success,,0.6366962913877483,0.0
none__box_2.0,988,success,success,,0.5031604661675269,0.0
none__box_2.0,989,success,success,,0.7065121240886919,0.0
none__box_2.0,990,success,success,,0.5775063476323169,0.0
none__box_2.0,991,success,success,,0.37680570519062356,0.0
none__box_2.0,992,success,success,,0.2784629396080364,0.0
none__box_2.0,993,success,success,,0.6339164472268877,0.0
none__box_2.0,994,success,success,,0.5146522238368436,0.0
none__box_2.0,995,success,success,,0.09825528528788562,0.0
none__box_2.0,996,success,success,,0.515542526362319,0.0
none__box_2.0,997,success,success,,0.6687651741957665,0.0
none__box_2.0,998,success,success,,0.24878520736275694,0.0
none__box_2.0,999,success,success,,0.46766730420256186,0.0
none__box_2.0,1000,success,success,,0.5426314827757458,0.0
none__box_3.0,1,success,success,,0.5642050171260972,0.0
none__box_3.0,2,success,success,,0.24207282784316614,0.0
none__box_3.0,3,success,success,,0.6596285718048644,0.0
none__box_3.0,4,success,success,,0.33083694576541434,0.0
none__box_3.0,5,success,success,,0.7267169761193997,0.0
none__box_3.0,6,success,success,,0.7191137390817,0.0
none__box_3.0,7,success,success,,0.35424633405679523,0.0
none__box_3.0,8,success,success,,0.11098586129113111,0.0
none__box_3.0,9,success,success,,0.6233069506315387,0.0
none__box_3.0,10,success,success,,0.472105195211026,0.0
none__box_3.0,11,success,success,,0.35672734934825506,0.0
none__box_3.0,12,success,success,,0.7447261138224126,0.0
none__box_3.0,13,success,success,,0.743986561574753,0.0
none__box_3.0,14,success,success,,0.5496683317947866,0.0
none__box_3.0,15,success,success,,0.18648881269900391,0.0
none__box_3.0,16,success,success,,0.3530177676929345,0.0
none__box_3.0,17,success,success,,0.5180042198179355,0.0
none__box_3.0,18,success,success,,0.67993575857078,0.0
none__box_3.0,19,success,success,,0.37621600994045035,0.0
none__box_3.0,20,success,success,,0.5572987206976546,0.0
none__box_3.0,21,success,success,,0.6317324192390766,0.0
none__box_3.0,22,success,success,,0.5935910377769836,0.0
none__box_3.0,23,success,success,,0.5361280063056826,0.0
none__box_3.0,24,success,success,,0.6553634165168827,0.0
none__box_3.0,25,success,success,,0.5855947022466157,0.0
none__box_3.0,26,success,success,,0.6640123698803405,0.0
none__box_3.0,27,success,success,,0.5228148023904657,0.0
none__box_3.0,28,success,success,,0.41787623934725676,0.0
none__box_3.0,29,success,success,,0.2767218053776457,0.0
none__box_3.0,30,success,success,,0.6477364998443556,0.0
none__box_3.0,31,success,success,,0.6803491325786137,0.0
none__box_3.0,32,success,success,,0.7300650838337084,0.0
none__box_3.0,33,success,success,,0.7104506117715228,0.0
none__box_3.0,34,success,success,,0.29256291458336026,0.0
none__box_3.0,35,success,success,,0.3952415686353525,0.0
none__box_3.0,36,success,success,,0.7693046463334805,0.0
none__box_3.0,37,success,success,,0.5930072309651265,0.0
none__box_3.0,38,success,success,,0.7607432994533991,0.0
none__box_3.0,39,success,success,,0.7083239604480881,0.0
none__box_3.0,40,success,success,,0.3050444453797122,0.0
none__box_3.0,41,success,success,,0.4722329924025561,0.0
none__box_3.0,42,success,success,,0.4806882597840242,0.0
none__box_3.0,43,success,success,,0.5965050374043124,0.0
none__box_3.0,44,success,success,,0.44565435696576633,0.0
none__box_3.0,45,success,success,,0.6522869811619396,0.0
none__box_3.0,46,success,success,,0.24779466768976127,0.0
none__box_3.0,47,success,success,,0.5597702872278564,0.0
none__box_3.0,48,success,success,,0.2345811050468099,0.0
none__box_3.0,49,success,success,,0.5175433842543053,0.0
none__box_3.0,50,success,success,,0.5275992199291555,0.0
none__box_3.0,51,success,success,,0.43012439619467324,0.0
none__box_3.0,52,success,success,,0.34996694267606004,0.0
none__box_3.0,53,success,success,,0.19676022639877655,0.0
none__box_3.0,54,success,success,,0.22437583104263076,0.0
none__box_3.0,55,success,success,,0.598220313431879,0.0
none__box_3.0,56,success,success,,0.5169828433200974,0.0
none__box_3.0,57,success,success,,0.5696171350781899,0.0
none__box_3.0,58,success,success,,0.541798898615423,0.0
none__box_3.0,59,success,success,,0.36146117487601936,0.0
none__box_3.0,60,success,success,,0.6581006924479768,0.0
none__box_3.0,61,success,success,,0.46643523187229696,0.0
none__box_3.0,62,success,success,,0.40072107547321284,0.0
none__box_3.0,63,success,success,,0.6094523646404618,0.0
none__box_3.0,64,success,success,,0.7543515169041284,0.0
none__box_3.0,65,success,success,,0.4042082403380214,0.0
none__box_3.0,66,success,success,,0.592146467974057,0.0
none__box_3.0,67,success,success,,0.42304199582821356,0.0
none__box_3.0,68,success,success,,0.22867201782630742,0.0
none__box_3.0,69,success,success,,0.4583348238310278,0.0
none__box_3.0,70,success,success,,0.3968178246228138,0.0
none__box_3.0,71,success,success,,0.5866586037677792,0.0
none__box_3.0,72,success,success,,0.5738169746951017,0.0
none__box_3.0,73,success,success,,0.4459739091461647,0.0
none__box_3.0,74,success,success,,0.09424779455647524,0.0
none__box_3.0,75,success,success,,0.17516911184185907,0.0
none__box_3.0,76,success,success,,0.49595600758504466,0.0
none__box_3.0,77,success,success,,0.2704674252073316,0.0
none__box_3.0,78,success,success,,0.567535773027152,0.0
none__box_3.0,79,success,success,,0.5588748234144252,0.0
none__box_3.0,80,success,success,,0.5117968392436709,0.0
none__box_3.0,81,success,success,,0.713820018402028,0.0
none__box_3.0,82,success,success,,0.6741448124471211,0.0
none__box_3.0,83,success,success,,0.6545858173875481,0.0
none__box_3.0,84,success,success,,0.7093118171059083,0.0
none__box_3.0,85,success,success,,0.6228797721030844,0.0
none__box_3.0,86,success,success,,0.7007518659800671,0.0
none__box_3.0,87,success,success,,0.389559601898933,0.0
none__box_3.0,88,success,success,,0.24570611156621597,0.0
none__box_3.0,89,success,success,,0.4833833478986831,0.0
none__box_3.0,90,success,success,,0.36459468273505447,0.0
none__box_3.0,91,success,success,,0.3971379094060635,0.0
none__box_3.0,92,success,success,,0.7515584370581258,0.0
none__box_3.0,93,success,success,,0.708263828126249,0.0
none__box_3.0,94,success,success,,0.6997329977995007,0.0
none__box_3.0,95,success,success,,0.4452103543728013,0.0
none__box_3.0,96,success,success,,0.3351816625547009,0.0
none__box_3.0,97,success,success,,0.7003996256668393,0.0
none__box_3.0,98,success,success,,0.5870892719512835,0.0
none__box_3.0,99,success,success,,0.5415848622395023,0.0
none__box_3.0,100,success,success,,0.6886133669897604,0.0
none__box_3.0,101,success,success,,0.5405329042696292,0.0
none__box_3.0,102,success,success,,0.6677138224190191,0.0
none__box_3.0,103,success,success,,0.3281065720945694,0.0
none__box_3.0,104,success,success,,0.3721950396518674,0.0
none__box_3.0,105,success,success,,0.7713780307417659,0.0
none__box_3.0,106,success,success,,0.4434987081263539,0.0
none__box_3.0,107,success,success,,0.10386303476822532,0.0
none__box_3.0,108,success,success,,0.28593815046824433,0.0
none__box_3.0,109,success,success,,0.12469795400560221,0.0
none__box_3.0,110,success,success,,0.7131586032132726,0.0
none__box_3.0,111,success,success,,0.7288768417267154,0.0
none__box_3.0,112,success,success,,0.4968343826161037,0.0
none__box_3.0,113,success,success,,0.35948324480203614,0.0
none__box_3.0,114,success,success,,0.38809651422373215,0.0
none__box_3.0,115,success,success,,0.1284455645544085,0.0
none__box_3.0,116,success,success,,0.562921591647865,0.0
none__box_3.0,117,success,success,,0.5691130093280357,0.0
none__box_3.0,118,success,success,,0.7249458535228108,0.0
none__box_3.0,119,success,success,,0.6264635122616263,0.0
none__box_3.0,120,success,success,,0.5724946750537622,0.0
none__box_3.0,121,success,success,,0.6779487576547789,0.0
none__box_3.0,122,success,success,,0.7057324413701811,0.0
none__box_3.0,123,success,success,,0.5744011509917608,0.0
none__box_3.0,124,success,success,,0.4263696500900845,0.0
none__box_3.0,125,success,success,,0.4654595704203597,0.0
none__box_3.0,126,success,success,,0.6874140488204099,0.0
none__box_3.0,127,success,success,,0.6451737294994951,0.0
none__box_3.0,128,success,success,,0.6144414178117082,0.0
none__box_3.0,129,success,success,,0.46157420338227895,0.0
none__box_3.0,130,success,success,,0.2639643616587618,0.0
none__box_3.0,131,success,success,,0.607629821430346,0.0
none__box_3.0,132,success,success,,0.588198167348648,0.0
none__box_3.0,133,success,success,,0.47224250464870154,0.0
none__box_3.0,134,success,success,,0.42832947596187226,0.0
none__box_3.0,135,success,success,,0.5271652824484285,0.0
none__box_3.0,136,success,success,,0.5052716714779054,0.0
none__box_3.0,137,success,success,,0.6968741056985203,0.0
none__box_3.0,138,success,success,,0.3741683745074083,0.0
none__box_3.0,139,success,success,,0.1795019746862119,0.0
none__box_3.0,140,success,success,,0.4037460213205558,0.0
none__box_3.0,141,success,success,,0.34957208498628956,0.0
none__box_3.0,142,success,success,,0.4617488275883499,0.0
none__box_3.0,143,success,success,,0.3677307036919844,0.0
none__box_3.0,144,success,success,,0.16392133790962646,0.0
none__box_3.0,145,success,success,,0.7317836820326873,0.0
none__box_3.0,146,success,success,,0.5542581190071417,0.0
none__box_3.0,147,success,success,,0.6730116154765577,0.0
none__box_3.0,148,success,success,,0.4920718518989139,0.0
none__box_3.0,149,success,success,,0.3993072867220937,0.0
none__box_3.0,150,success,success,,0.3824020884524155,0.0
none__box_3.0,151,success,success,,0.6119763043563404,0.0
none__box_3.0,152,success,success,,0.7225056649649154,0.0
none__box_3.0,153,success,success,,0.6496964767878479,0.0
none__box_3.0,154,success,success,,0.6500084484366906,0.0
none__box_3.0,155,success,success,,0.6497262520305742,0.0
none__box_3.0,156,success,success,,0.3381000071975448,0.0
none__box_3.0,157,success,success,,0.43355781655923564,0.0
none__box_3.0,158,success,success,,0.6199662484372435,0.0
none__box_3.0,159,success,success,,0.42666817549211566,0.0
none__box_3.0,160,success,success,,0.38509308161421285,0.0
none__box_3.0,161,success,success,,0.2747230874582414,0.0
none__box_3.0,162,success,success,,0.6577639368923678,0.0
none__box_3.0,163,success,success,,0.7195232795626023,0.0
none__box_3.0,164,success,success,,0.5951821954168462,0.0
none__box_3.0,165,success,success,,0.5485494171316978,0.0
none__box_3.0,166,success,success,,0.2430956481922406,0.0
none__box_3.0,167,success,success,,0.6565251224080867,0.0
none__box_3.0,168,success,success,,0.407069718182969,0.0
none__box_3.0,169,success,success,,0.11657713859029305,0.0
none__box_3.0,170,success,success,,0.2446658101084372,0.0
none__box_3.0,171,success,success,,0.640481588930759,0.0
none__box_3.0,172,success,success,,0.5351943219421708,0.0
none__box_3.0,173,success,success,,0.7131045856930103,0.0
none__box_3.0,174,success,success,,0.7458419117147819,0.0
none__box_3.0,175,success,success,,0.6319663952913505,0.0
none__box_3.0,176,success,success,,0.5997629865559173,0.0
none__box_3.0,177,success,success,,0.686178800490228,0.0
none__box_3.0,178,success,success,,0.5918274130418939,0.0
none__box_3.0,179,success,success,,0.3671185470681761,0.0
none__box_3.0,180,success,success,,0.46147068968962324,0.0
none__box_3.0,181,success,success,,0.7047334268124207,0.0
none__box_3.0,182,success,success,,0.6053334931876471,0.0
none__box_3.0,183,success,success,,0.3366765294562013,0.0
none__box_3.0,184,success,success,,0.6161239359166214,0.0
none__box_3.0,185,success,success,,0.48603807222777295,0.0
none__box_3.0,186,success,success,,0.5138101488073032,0.0
none__box_3.0,187,success,success,,0.42429261223569326,0.0
none__box_3.0,188,success,success,,0.38401131472105676,0.0
none__box_3.0,189,success,success,,0.3983700760930713,0.0
none__box_3.0,190,success,success,,0.49657381207041423,0.0
none__box_3.0,191,success,success,,0.22922819744178058,0.0
none__box_3.0,192,success,success,,0.6154023358280628,0.0
none__box_3.0,193,success,success,,0.7494735692283774,0.0
none__box_3.0,194,success,success,,0.7185508111511181,0.0
none__box_3.0,195,success,success,,0.7011636854945558,0.0
none__box_3.0,196,success,success,,0.1953839072714203,0.0
none__box_3.0,197,success,success,,0.31433209456939964,0.0
none__box_3.0,198,success,success,,0.41899109783968835,0.0
none__box_3.0,199,success,success,,0.0832075633625669,0.0
none__box_3.0,200,success,success,,0.5529039924314729,0.0
none__box_3.0,201,success,success,,0.7536912271613979,0.0
none__box_3.0,202,success,success,,0.6096662319661007,0.0
none__box_3.0,203,success,success,,0.5993650538221701,0.0
none__box_3.0,204,success,success,,0.4926539220153621,0.0
none__box_3.0,205,success,success,,0.7638306136175664,0.0
none__box_3.0,206,success,success,,0.5856416399715735,0.0
none__box_3.0,207,success,success,,0.5610262064897414,0.0
none__box_3.0,208,success,success,,0.16988156190298465,0.0
none__box_3.0,209,success,success,,0.5227488647076484,0.0
none__box_3.0,210,success,success,,0.3407955059314483,0.0
none__box_3.0,211,success,success,,0.5377570199305907,0.0
none__box_3.0,212,success,success,,0.6229570064266674,0.0
none__box_3.0,213,success,success,,0.7429363653583244,0.0
none__box_3.0,214,success,success,,0.6506712422060924,0.0
none__box_3.0,215,success,success,,0.6830241650213928,0.0
none__box_3.0,216,success,success,,0.6790764637823543,0.0
none__box_3.0,217,success,success,,0.08226940205006492,0.0
none__box_3.0,218,success,success,,0.46528885185792807,0.0
none__box_3.0,219,success,success,,0.3704391092448316,0.0
none__box_3.0,220,success,success,,0.6175523875208586,0.0
none__box_3.0,221,success,success,,0.7340776068147692,0.0
none__box_3.0,222,success,success,,0.5447457041530313,0.0
none__box_3.0,223,success,success,,0.2163998618506938,0.0
none__box_3.0,224,success,success,,0.2381497050749103,0.0
none__box_3.0,225,success,success,,0.7587255560473769,0.0
none__box_3.0,226,success,success,,0.2556846254229744,0.0
none__box_3.0,227,success,success,,0.6300938934497335,0.0
none__box_3.0,228,success,success,,0.11644844238831122,0.0
none__box_3.0,229,success,success,,0.38934173442875963,0.0
none__box_3.0,230,success,success,,0.6811566365295949,0.0
none__box_3.0,231,success,success,,0.32836311176814525,0.0
none__box_3.0,232,success,success,,0.7427756775236021,0.0
none__box_3.0,233,success,success,,0.1457343660078824,0.0
none__box_3.0,234,success,success,,0.6638577934732538,0.0
none__box_3.0,235,success,success,,0.16598234335201142,0.0
none__box_3.0,236,success,success,,0.6778495419734378,0.0
none__box_3.0,237,success,success,,0.487297128635529,0.0
none__box_3.0,238,success,success,,0.09073570875250411,0.0
none__box_3.0,239,success,success,,0.4460757272165349,0.0
none__box_3.0,240,success,success,,0.6314306401883277,0.0
none__box_3.0,241,success,success,,0.19566473401718865,0.0
none__box_3.0,242,success,success,,0.7690695260095083,0.0
none__box_3.0,243,success,success,,0.5284501459500547,0.0
none__box_3.0,244,success,success,,0.6965390530528289,0.0
none__box_3.0,245,success,success,,0.678244986241985,0.0
none__box_3.0,246,success,success,,0.4588321200341396,0.0
none__box_3.0,247,success,success,,0.6336862111604676,0.0
none__box_3.0,248,success,success,,0.37517583857415776,0.0
none__box_3.0,249,success,success,,0.4635446746340961,0.0
none__box_3.0,250,success,success,,0.7516647665941283,0.0
none__box_3.0,251,success,success,,0.17496896027453265,0.0
none__box_3.0,252,success,success,,0.7100353655540724,0.0
none__box_3.0,253,success,success,,0.4355952606106477,0.0
none__box_3.0,254,success,success,,0.33444658498659896,0.0
none__box_3.0,255,success,success,,0.6340937559516292,0.0
none__box_3.0,256,success,success,,0.3532385305926754,0.0
none__box_3.0,257,success,success,,0.6471609074344791,0.0
none__box_3.0,258,success,success,,0.645305048847732,0.0
none__box_3.0,259,success,success,,0.7721392742095631,0.0
none__box_3.0,260,success,success,,0.7408510645725276,0.0
none__box_3.0,261,success,success,,0.6533384697934892,0.0
none__box_3.0,262,success,success,,0.31764307895258553,0.0
none__box_3.0,263,success,success,,0.5835012195099216,0.0
none__box_3.0,264,success,success,,0.5867406651356459,0.0
none__box_3.0,265,success,success,,0.48898985624367086,0.0
none__box_3.0,266,success,success,,0.5651351179435133,0.0
none__box_3.0,267,success,success,,0.6399845208447515,0.0
none__box_3.0,268,success,success,,0.6100275359171221,0.0
none__box_3.0,269,success,success,,0.4319409142183116,0.0
none__box_3.0,270,success,success,,0.648937900042183,0.0
none__box_3.0,271,success,success,,0.7035874633845844,0.0
none__box_3.0,272,success,success,,0.2669331241060576,0.0
none__box_3.0,273,success,success,,0.7140703515696588,0.0
none__box_3.0,274,success,success,,0.6185299731441424,0.0
none__box_3.0,275,success,success,,0.7343137556782775,0.0
none__box_3.0,276,success,success,,0.3986106167718699,0.0
none__box_3.0,277,success,success,,0.5583197819617743,0.0
none__box_3.0,278,success,success,,0.43757642364735394,0.0
none__box_3.0,279,success,success,,0.5963010836578431,0.0
none__box_3.0,280,success,success,,0.3496087485655094,0.0
none__box_3.0,281,success,success,,0.6652715404660172,0.0
none__box_3.0,282,success,success,,0.3167602209503084,0.0
none__box_3.0,283,success,success,,0.4456336301198699,0.0
none__box_3.0,284,success,success,,0.5419773550710247,0.0
none__box_3.0,285,success,success,,0.7487566607564643,0.0
none__box_3.0,286,success,success,,0.6491956065029254,0.0
none__box_3.0,287,success,success,,0.6669337083595782,0.0
none__box_3.0,288,success,success,,0.5504869703748121,0.0
none__box_3.0,289,success,success,,0.5161787404755656,0.0
none__box_3.0,290,success,success,,0.5214239721456797,0.0
none__box_3.0,291,success,success,,0.35012888528496167,0.0
none__box_3.0,292,success,success,,0.49016906444789654,0.0
none__box_3.0,293,success,success,,0.6326452595594971,0.0
none__box_3.0,294,success,success,,0.6410606265261853,0.0
none__box_3.0,295,success,success,,0.49165263569711276,0.0
none__box_3.0,296,success,success,,0.653614106911793,0.0
none__box_3.0,297,success,success,,0.6542718115956709,0.0
none__box_3.0,298,success,success,,0.5339403272592862,0.0
none__box_3.0,299,success,success,,0.5608932561832993,0.0
none__box_3.0,300,success,success,,0.5613666876095862,0.0
none__box_3.0,301,success,success,,0.24510090476495433,0.0
none__box_3.0,302,success,success,,0.6550205373508732,0.0
none__box_3.0,303,success,success,,0.4268184253254671,0.0
none__box_3.0,304,success,success,,0.020320606619350645,0.0
none__box_3.0,305,success,success,,0.6611275490802926,0.0
none__box_3.0,306,success,success,,0.4993083816509959,0.0
none__box_3.0,307,success,success,,0.1402255145885962,0.0
none__box_3.0,308,success,success,,0.7500755508125391,0.0
none__box_3.0,309,success,success,,0.2990686445928301,0.0
none__box_3.0,310,success,success,,0.3867270832242213,0.0
none__box_3.0,311,success,success,,0.5458628385713999,0.0
none__box_3.0,312,success,success,,0.5908079671725824,0.0
none__box_3.0,313,success,success,,0.5742392853823418,0.0
none__box_3.0,314,success,success,,0.6452801860015616,0.0
none__box_3.0,315,success,success,,0.4304440366057808,0.0
none__box_3.0,316,success,success,,0.696059593879427,0.0
none__box_3.0,317,success,success,,0.5137113363423883,0.0
none__box_3.0,318,success,success,,0.6704290703786996,0.0
none__box_3.0,319,success,success,,0.6277670480457649,0.0
none__box_3.0,320,success,success,,0.7405019240823533,0.0
none__box_3.0,321,success,success,,0.7109630128273549,0.0
none__box_3.0,322,success,success,,0.22709429246150814,0.0
none__box_3.0,323,success,success,,0.5646978023771562,0.0
none__box_3.0,324,success,success,,0.3410363320089128,0.0
none__box_3.0,325,success,success,,0.27990492931164207,0.0
none__box_3.0,326,success,success,,0.6328283766671924,0.0
none__box_3.0,327,success,success,,0.570610128341126,0.0
none__box_3.0,328,success,success,,0.628295895799053,0.0
none__box_3.0,329,success,success,,0.27698723839384376,0.0
none__box_3.0,330,success,success,,0.5650368928804476,0.0
none__box_3.0,331,success,success,,0.7266092255752545,0.0
none__box_3.0,332,success,success,,0.422800290629658,0.0
none__box_3.0,333,success,success,,0.6798767104557231,0.0
none__box_3.0,334,success,success,,0.5689616450431726,0.0
none__box_3.0,335,success,success,,0.09183783112403762,0.0
none__box_3.0,336,success,success,,0.5940543272885931,0.0
none__box_3.0,337,success,success,,0.597532234679486,0.0
none__box_3.0,338,success,success,,0.5570419090214366,0.0
none__box_3.0,339,success,success,,0.6347434667636805,0.0
none__box_3.0,340,success,success,,0.5288772303567467,0.0
none__box_3.0,341,success,success,,0.3835962728949897,0.0
none__box_3.0,342,success,success,,0.3417406539171831,0.0
none__box_3.0,343,success,success,,0.5701113310185173,0.0
none__box_3.0,344,success,success,,0.6299880148034711,0.0
none__box_3.0,345,success,success,,0.5581340797988813,0.0
none__box_3.0,346,success,success,,0.6880948391884103,0.0
none__box_3.0,347,success,success,,0.4722173724575573,0.0
none__box_3.0,348,success,success,,0.562561801232511,0.0
none__box_3.0,349,success,success,,0.7058343121289995,0.0
none__box_3.0,350,success,success,,0.5869731204203456,0.0
none__box_3.0,351,success,success,,0.5330193678171831,0.0
none__box_3.0,352,success,success,,0.7209691133268582,0.0
none__box_3.0,353,success,success,,0.4713274074055217,0.0
none__box_3.0,354,success,success,,0.5151494681872079,0.0
none__box_3.0,355,success,success,,0.29527385840359366,0.0
none__box_3.0,356,success,success,,0.7387997506009418,0.0
none__box_3.0,357,success,success,,0.6988331169237759,0.0
none__box_3.0,358,success,success,,0.8027884714913023,0.0
none__box_3.0,359,success,success,,0.5808929633427165,0.0
none__box_3.0,360,success,success,,0.30016268352264314,0.0
none__box_3.0,361,success,success,,0.3298414740101566,0.0
none__box_3.0,362,success,success,,0.7617788763270861,0.0
none__box_3.0,363,success,success,,0.32333883280387565,0.0
none__box_3.0,364,success,success,,0.5080486222256569,0.0
none__box_3.0,365,success,success,,0.4909932217486863,0.0
none__box_3.0,366,success,success,,0.5474116267881162,0.0
none__box_3.0,367,success,success,,0.423823965091559,0.0
none__box_3.0,368,success,success,,0.40534541783571143,0.0
none__box_3.0,369,success,success,,0.48062691058474066,0.0
none__box_3.0,370,success,success,,0.5019216191603916,0.0
none__box_3.0,371,success,success,,0.7275391163642339,0.0
none__box_3.0,372,success,success,,0.6858714120924742,0.0
none__box_3.0,373,success,success,,0.7584558548755183,0.0
none__box_3.0,374,success,success,,0.5973294770275135,0.0
none__box_3.0,375,success,success,,0.3670187306760926,0.0
none__box_3.0,376,success,success,,0.6740094685361232,0.0
none__box_3.0,377,success,success,,0.21535529448345264,0.0
none__box_3.0,378,success,success,,0.6028591742479239,0.0
none__box_3.0,379,success,success,,0.2354907596273557,0.0
none__box_3.0,380,success,success,,0.7809396608365574,0.0
none__box_3.0,381,success,success,,0.6963110525544001,0.0
none__box_3.0,382,success,success,,0.5341874064742603,0.0
none__box_3.0,383,success,success,,0.6066088480367904,0.0
none__box_3.0,384,success,success,,0.5016182888683137,0.0
none__box_3.0,385,success,success,,0.5630716150798605,0.0
none__box_3.0,386,success,success,,0.6735411607316606,0.0
none__box_3.0,387,success,success,,0.6266551715325608,0.0
none__box_3.0,388,success,success,,0.3710135282336976,0.0
none__box_3.0,389,success,success,,0.606606490171096,0.0
none__box_3.0,390,success,success,,0.5164054099618444,0.0
none__box_3.0,391,success,success,,0.5469254073696759,0.0
none__box_3.0,392,success,success,,0.5931311971945503,0.0
none__box_3.0,393,success,success,,0.42188172220012404,0.0
none__box_3.0,394,success,success,,0.37837259148535857,0.0
none__box_3.0,395,success,success,,0.45243476653629905,0.0
none__box_3.0,396,success,success,,0.3981182962446739,0.0
none__box_3.0,397,success,success,,0.6518252391452473,0.0
none__box_3.0,398,success,success,,0.5685399614361504,0.0
none__box_3.0,399,success,success,,0.43522982234421514,0.0
none__box_3.0,400,success,success,,0.43669311577668096,0.0
none__box_3.0,401,success,success,,0.7064734697016346,0.0
none__box_3.0,402,success,success,,0.12824730404031426,0.0
none__box_3.0,403,success,success,,0.4666214598964692,0.0
none__box_3.0,404,success,success,,0.09108118083914549,0.0
none__box_3.0,405,success,success,,0.7119195254321815,0.0
none__box_3.0,406,success,success,,0.7349738836672136,0.0
none__box_3.0,407,success,success,,0.31280752680674573,0.0
none__box_3.0,408,success,success,,0.3047104064386331,0.0
none__box_3.0,409,success,success,,0.239452636340731,0.0
none__box_3.0,410,success,success,,0.5009145304328128,0.0
none__box_3.0,411,success,success,,0.4425227340619175,0.0
none__box_3.0,412,success,success,,0.49072354439296917,0.0
none__box_3.0,413,success,success,,0.6683358247071077,0.0
none__box_3.0,414,success,success,,0.7467730057224045,0.0
none__box_3.0,415,success,success,,0.4151227135589224,0.0
none__box_3.0,416,success,success,,0.3398839131618694,0.0
none__box_3.0,417,success,success,,0.7064285030871885,0.0
none__box_3.0,418,success,success,,0.49959270311873316,0.0
none__box_3.0,419,success,success,,0.48256418842890925,0.0
none__box_3.0,420,success,success,,0.630304112770885,0.0
none__box_3.0,421,success,success,,0.5349794449587438,0.0
none__box_3.0,422,success,success,,0.5931337271451622,0.0
none__box_3.0,423,success,success,,0.5989091733733927,0.0
none__box_3.0,424,success,success,,0.3974154724700075,0.0
none__box_3.0,425,success,success,,0.11903679406163123,0.0
none__box_3.0,426,success,success,,0.13435826190984762,0.0
none__box_3.0,427,success,success,,0.6918847624303708,0.0
none__box_3.0,428,success,success,,0.5467692469131844,0.0
none__box_3.0,429,success,success,,0.5594756461194053,0.0
none__box_3.0,430,success,success,,0.17829892990737306,0.0
none__box_3.0,431,success,success,,0.582424355679791,0.0
none__box_3.0,432,success,success,,0.6321090364384525,0.0
none__box_3.0,433,success,success,,0.1656527089630061,0.0
none__box_3.0,434,success,success,,0.38389608340599735,0.0
none__box_3.0,435,success,success,,0.41878858871633506,0.0
none__box_3.0,436,success,success,,0.5290626623656737,0.0
none__box_3.0,437,success,success,,0.2834053906400197,0.0
none__box_3.0,438,success,success,,0.19276464393057946,0.0
none__box_3.0,439,success,success,,0.7302508562855043,0.0
none__box_3.0,440,success,success,,0.5475614102470079,0.0
none__box_3.0,441,success,success,,0.18377921122603622,0.0
none__box_3.0,442,success,success,,0.31147004192231487,0.0
none__box_3.0,443,success,success,,0.598150167231635,0.0
none__box_3.0,444,success,success,,0.6417697212283545,0.0
none__box_3.0,445,success,success,,0.7274376346859035,0.0
none__box_3.0,446,success,success,,0.7391006671552469,0.0
none__box_3.0,447,success,success,,0.20141311414613283,0.0
none__box_3.0,448,success,success,,0.6817893066685651,0.0
none__box_3.0,449,success,success,,0.5271064905956204,0.0
none__box_3.0,450,success,success,,0.14462905182088143,0.0
none__box_3.0,451,success,success,,0.27422954142777023,0.0
none__box_3.0,452,success,success,,0.2142600883919385,0.0
none__box_3.0,453,success,success,,0.3666013162113512,0.0
none__box_3.0,454,success,success,,0.40766070336695054,0.0
none__box_3.0,455,success,success,,0.5498482961317057,0.0
none__box_3.0,456,success,success,,0.13700283293589433,0.0
none__box_3.0,457,success,success,,0.3741699835940364,0.0
none__box_3.0,458,success,success,,0.2166478587357638,0.0
none__box_3.0,459,success,success,,0.7091293389876692,0.0
none__box_3.0,460,success,success,,0.2784951009681469,0.0
none__box_3.0,461,success,success,,0.6325792705613283,0.0
none__box_3.0,462,success,success,,0.45322134435575806,0.0
none__box_3.0,463,success,success,,0.715810033103013,0.0
none__box_3.0,464,success,success,,0.24253622180008322,0.0
none__box_3.0,465,success,success,,0.385769124790226,0.0
none__box_3.0,466,success,success,,0.08159887220532235,0.0
none__box_3.0,467,success,success,,0.6285182121143401,0.0
none__box_3.0,468,success,success,,0.6674254642338444,0.0
none__box_3.0,469,success,success,,0.36816746223623414,0.0
none__box_3.0,470,success,success,,0.7368730729853109,0.0
none__box_3.0,471,success,success,,0.5526885439124579,0.0
none__box_3.0,472,success,success,,0.37343663779322567,0.0
none__box_3.0,473,success,success,,0.6183510028977139,0.0
none__box_3.0,474,success,success,,0.5541820423506533,0.0
none__box_3.0,475,success,success,,0.4789064253532973,0.0
none__box_3.0,476,success,success,,0.39550983778285037,0.0
none__box_3.0,477,success,success,,0.2491915613623405,0.0
none__box_3.0,478,success,success,,0.6641747822785254,0.0
none__box_3.0,479,success,success,,0.3277344004246738,0.0
none__box_3.0,480,success,success,,0.34668306144561845,0.0
none__box_3.0,481,success,success,,0.7228081262029171,0.0
none__box_3.0,482,success,success,,0.6293188372426143,0.0
none__box_3.0,483,success,success,,0.6889075643712257,0.0
none__box_3.0,484,success,success,,0.6048622077349016,0.0
none__box_3.0,485,success,success,,0.22514133509332526,0.0
none__box_3.0,486,success,success,,0.42338772626097587,0.0
none__box_3.0,487,success,success,,0.15121747458976076,0.0
none__box_3.0,488,success,success,,0.6836766393322844,0.0
none__box_3.0,489,success,success,,0.5265288290212089,0.0
none__box_3.0,490,success,success,,0.306465307859865,0.0
none__box_3.0,491,success,success,,0.5524487867843586,0.0
none__box_3.0,492,success,success,,0.4479891576628028,0.0
none__box_3.0,493,success,success,,0.6578352889563227,0.0
none__box_3.0,494,success,success,,0.27109532323144897,0.0
none__box_3.0,495,success,success,,0.6049910382944188,0.0
none__box_3.0,496,success,success,,0.1806574442656444,0.0
none__box_3.0,497,success,success,,0.6481871366064988,0.0
none__box_3.0,498,success,success,,0.47645675129907494,0.0
none__box_3.0,499,success,success,,0.7046870858628705,0.0
none__box_3.0,500,success,success,,0.3740281139125819,0.0
none__box_3.0,501,success,success,,0.568342550082702,0.0
none__box_3.0,502,success,success,,0.7322947361310226,0.0
none__box_3.0,503,success,success,,0.6657654148927507,0.0
none__box_3.0,504,success,success,,0.34865610458403934,0.0
none__box_3.0,505,success,success,,0.6736567128227563,0.0
none__box_3.0,506,success,success,,0.2277093057799924,0.0
none__box_3.0,507,success,success,,0.4410651472858232,0.0
none__box_3.0,508,success,success,,0.5311969904486236,0.0
none__box_3.0,509,success,success,,0.6212474126905262,0.0
none__box_3.0,510,success,success,,0.2507904338044635,0.0
none__box_3.0,511,success,success,,0.5031765188255031,0.0
none__box_3.0,512,success,success,,0.5930006557655156,0.0
none__box_3.0,513,success,success,,0.5628912040130181,0.0
none__box_3.0,514,success,success,,0.27411784329459526,0.0
none__box_3.0,515,success,success,,0.709874612296368,0.0
none__box_3.0,516,success,success,,0.4469075012188042,0.0
none__box_3.0,517,success,success,,0.7643763471661449,0.0
none__box_3.0,518,success,success,,0.49234041268781426,0.0
none__box_3.0,519,success,success,,0.24779160814480022,0.0
none__box_3.0,520,success,success,,0.09640613593641552,0.0
none__box_3.0,521,success,success,,0.7096064575382983,0.0
none__box_3.0,522,success,success,,0.5783411262114901,0.0
none__box_3.0,523,success,success,,0.6844644585713109,0.0
none__box_3.0,524,success,success,,0.46164433933112353,0.0
none__box_3.0,525,success,success,,0.16134093021585377,0.0
none__box_3.0,526,success,success,,0.5488845060029778,0.0
none__box_3.0,527,success,success,,0.6564118144460785,0.0
none__box_3.0,528,success,success,,0.5775161421642805,0.0
none__box_3.0,529,success,success,,0.7606027985560699,0.0
none__box_3.0,530,success,success,,0.2667348300572952,0.0
none__box_3.0,531,success,success,,0.17838522787382077,0.0
none__box_3.0,532,success,success,,0.1528517305754327,0.0
none__box_3.0,533,success,success,,0.7228813811290604,0.0
none__box_3.0,534,success,success,,0.6295016592739959,0.0
none__box_3.0,535,success,success,,0.4856427543003128,0.0
none__box_3.0,536,success,success,,0.6595306822713363,0.0
none__box_3.0,537,success,success,,0.4888927110594339,0.0
none__box_3.0,538,success,success,,0.3408980854432435,0.0
none__box_3.0,539,success,success,,0.6542591595385636,0.0
none__box_3.0,540,success,success,,0.32157961113745326,0.0
none__box_3.0,541,success,success,,0.51766569711225,0.0
none__box_3.0,542,success,success,,0.6510373040303917,0.0
none__box_3.0,543,success,success,,0.6579691714665,0.0
none__box_3.0,544,success,success,,0.6402172018976259,0.0
none__box_3.0,545,success,success,,0.7601646305573009,0.0
none__box_3.0,546,success,success,,0.7351739029313442,0.0
none__box_3.0,547,success,success,,0.4336055148800634,0.0
none__box_3.0,548,success,success,,0.3477234140731309,0.0
none__box_3.0,549,success,success,,0.2843501055611717,0.0
none__box_3.0,550,success,success,,0.6458622995869867,0.0
none__box_3.0,551,success,success,,0.5500905639102346,0.0
none__box_3.0,552,success,success,,0.6843751614336183,0.0
none__box_3.0,553,success,success,,0.43747274390312674,0.0
none__box_3.0,554,success,success,,0.5790789800916942,0.0
none__box_3.0,555,success,success,,0.5679693659534841,0.0
none__box_3.0,556,success,success,,0.6363440117322056,0.0
none__box_3.0,557,success,success,,0.6872503705412218,0.0
none__box_3.0,558,success,success,,0.7905170196635011,0.0
none__box_3.0,559,success,success,,0.3527375754898856,0.0
none__box_3.0,560,success,success,,0.6190656892301192,0.0
none__box_3.0,561,success,success,,0.33881055779762126,0.0
none__box_3.0,562,success,success,,0.6073301839320907,0.0
none__box_3.0,563,success,success,,0.3994356810230542,0.0
none__box_3.0,564,success,success,,0.4300828987901878,0.0
none__box_3.0,565,success,success,,0.27135431193065346,0.0
none__box_3.0,566,success,success,,0.29375536358144166,0.0
none__box_3.0,567,success,success,,0.7409669008378077,0.0
none__box_3.0,568,success,success,,0.3270142559635596,0.0
none__box_3.0,569,success,success,,0.6686676852182208,0.0
none__box_3.0,570,success,success,,0.5044430634881079,0.0
none__box_3.0,571,success,success,,0.33840160264408686,0.0
none__box_3.0,572,success,success,,0.7426166188510575,0.0
none__box_3.0,573,success,success,,0.18335457983032497,0.0
none__box_3.0,574,success,success,,0.5172709010446354,0.0
none__box_3.0,575,success,success,,0.6982917237950804,0.0
none__box_3.0,576,success,success,,0.5288359700571919,0.0
none__box_3.0,577,success,success,,0.7450271762442715,0.0
none__box_3.0,578,success,success,,0.7166288073631852,0.0
none__box_3.0,579,success,success,,0.6549634293591694,0.0
none__box_3.0,580,success,success,,0.5663137200795977,0.0
none__box_3.0,581,success,success,,0.18010308740599013,0.0
none__box_3.0,582,success,success,,0.6327241576113058,0.0
none__box_3.0,583,success,success,,0.5540013334731718,0.0
none__box_3.0,584,success,success,,0.634395672590974,0.0
none__box_3.0,585,success,success,,0.4524182364381051,0.0
none__box_3.0,586,success,success,,0.6351480953775546,0.0
none__box_3.0,587,success,success,,0.6066172645636312,0.0
none__box_3.0,588,success,success,,0.15021348899712939,0.0
none__box_3.0,589,success,success,,0.40984207679581824,0.0
none__box_3.0,590,success,success,,0.764597553341591,0.0
none__box_3.0,591,success,success,,0.3617416530436265,0.0
none__box_3.0,592,success,success,,0.46822366205523475,0.0
none__box_3.0,593,success,success,,0.450930269406865,0.0
none__box_3.0,594,success,success,,0.5595563945369613,0.0
none__box_3.0,595,success,success,,0.45270267471498515,0.0
none__box_3.0,596,success,success,,0.6397416846804908,0.0
none__box_3.0,597,success,success,,0.06727574264434646,0.0
none__box_3.0,598,success,success,,0.6517428847051182,0.0
none__box_3.0,599,success,success,,0.6082918303171588,0.0
none__box_3.0,600,success,success,,0.2430555485265853,0.0
none__box_3.0,601,success,success,,0.42624348917155425,0.0
none__box_3.0,602,success,success,,0.580131753182767,0.0
none__box_3.0,603,success,success,,0.6691999746836368,0.0
none__box_3.0,604,success,success,,0.5884431838524432,0.0
none__box_3.0,605,success,success,,0.5594257846434935,0.0
none__box_3.0,606,success,success,,0.49118538289498775,0.0
none__box_3.0,607,success,success,,0.4969418479002661,0.0
none__box_3.0,608,success,success,,0.11931785145337204,0.0
none__box_3.0,609,success,success,,0.5811222930053085,0.0
none__box_3.0,610,success,success,,0.6565805087392973,0.0
none__box_3.0,611,success,success,,0.6733401687444768,0.0
none__box_3.0,612,success,success,,0.5168989302986371,0.0
none__box_3.0,613,success,success,,0.27408235258871205,0.0
none__box_3.0,614,success,success,,0.5897556619224308,0.0
none__box_3.0,615,success,success,,0.22510117189303663,0.0
none__box_3.0,616,success,success,,0.08924414484632157,0.0
none__box_3.0,617,success,success,,0.47111126400950104,0.0
none__box_3.0,618,success,success,,0.5173758860727647,0.0
none__box_3.0,619,success,success,,0.5769859716121136,0.0
none__box_3.0,620,success,success,,0.2991073685764901,0.0
none__box_3.0,621,success,success,,0.5095662758801126,0.0
none__box_3.0,622,success,success,,0.4316389917991298,0.0
none__box_3.0,623,success,success,,0.6435897409036266,0.0
none__box_3.0,624,success,success,,0.6890181387765963,0.0
none__box_3.0,625,success,success,,0.3588683955074196,0.0
none__box_3.0,626,success,success,,0.35152415531453385,0.0
none__box_3.0,627,success,success,,0.7113259386885311,0.0
none__box_3.0,628,success,success,,0.37812000418656233,0.0
none__box_3.0,629,success,success,,0.7384008747001466,0.0
none__box_3.0,630,success,success,,0.7023219636853922,0.0
none__box_3.0,631,success,success,,0.515030824955372,0.0
none__box_3.0,632,success,success,,0.6392322156418901,0.0
none__box_3.0,633,success,success,,0.6474244872612094,0.0
none__box_3.0,634,success,success,,0.603666541908838,0.0
none__box_3.0,635,success,success,,0.2898130798773295,0.0
none__box_3.0,636,success,success,,0.5829074069782731,0.0
none__box_3.0,637,success,success,,0.31017948791872174,0.0
none__box_3.0,638,success,success,,0.4624688841438277,0.0
none__box_3.0,639,success,success,,0.44968854309659634,0.0
none__box_3.0,640,success,success,,0.20789021380061323,0.0
none__box_3.0,641,success,success,,0.5494013890325627,0.0
none__box_3.0,642,success,success,,0.5017100241409085,0.0
none__box_3.0,643,success,success,,0.6377285082424149,0.0
none__box_3.0,644,success,success,,0.2774158633459237,0.0
none__box_3.0,645,success,success,,0.46917866943327213,0.0
none__box_3.0,646,success,success,,0.7362211901398645,0.0
none__box_3.0,647,success,success,,0.5358208668918026,0.0
none__box_3.0,648,success,success,,0.47593756701606976,0.0
none__box_3.0,649,success,success,,0.7495248136998564,0.0
none__box_3.0,650,success,success,,0.698119867042738,0.0
none__box_3.0,651,success,success,,0.45692240006762674,0.0
none__box_3.0,652,success,success,,0.546836008980605,0.0
none__box_3.0,653,success,success,,0.41294076094544,0.0
none__box_3.0,654,success,success,,0.28056525321031,0.0
none__box_3.0,655,success,success,,0.584852708930343,0.0
none__box_3.0,656,success,success,,0.23437207585626746,0.0
none__box_3.0,657,success,success,,0.10026310864565563,0.0
none__box_3.0,658,success,success,,0.46170625753355454,0.0
none__box_3.0,659,success,success,,0.06651089218409964,0.0
none__box_3.0,660,success,success,,0.5008724326034921,0.0
none__box_3.0,661,success,success,,0.1550942022881716,0.0
none__box_3.0,662,success,success,,0.6053774546945137,0.0
none__box_3.0,663,success,success,,0.7215190142200107,0.0
none__box_3.0,664,success,success,,0.6757138704525708,0.0
none__box_3.0,665,success,success,,0.3471878371013103,0.0
none__box_3.0,666,success,success,,0.48293384749989887,0.0
none__box_3.0,667,success,success,,0.6636623496634352,0.0
none__box_3.0,668,success,success,,0.610074128061043,0.0
none__box_3.0,669,success,success,,0.5619043178533558,0.0
none__box_3.0,670,success,success,,0.21205029065403094,0.0
none__box_3.0,671,success,success,,0.11154639172478784,0.0
none__box_3.0,672,success,success,,0.17655935671356085,0.0
none__box_3.0,673,success,success,,0.6655135462145501,0.0
none__box_3.0,674,success,success,,0.7717696040985993,0.0
none__box_3.0,675,success,success,,0.421073569448153,0.0
none__box_3.0,676,success,success,,0.3947582050153462,0.0
none__box_3.0,677,success,success,,0.21381055767358728,0.0
none__box_3.0,678,success,success,,0.4796270308194121,0.0
none__box_3.0,679,success,success,,0.5129451698437065,0.0
none__box_3.0,680,success,success,,0.06129400473147945,0.0
none__box_3.0,681,success,success,,0.4032346879581419,0.0
none__box_3.0,682,success,success,,0.3805317294048997,0.0
none__box_3.0,683,success,success,,0.6237412759576622,0.0
none__box_3.0,684,success,success,,0.1251614575943053,0.0
none__box_3.0,685,success,success,,0.4524624228394516,0.0
none__box_3.0,686,success,success,,0.6021369510233876,0.0
none__box_3.0,687,success,success,,0.7154566646182177,0.0
none__box_3.0,688,success,success,,0.4550406707761135,0.0
none__box_3.0,689,success,success,,0.6623813092685152,0.0
none__box_3.0,690,success,success,,0.2556095940104983,0.0
none__box_3.0,691,success,success,,0.3117980256951351,0.0
none__box_3.0,692,success,success,,0.3832458737799291,0.0
none__box_3.0,693,success,success,,0.12128867724193812,0.0
none__box_3.0,694,success,success,,0.5668707799663126,0.0
none__box_3.0,695,success,success,,0.4956861191806251,0.0
none__box_3.0,696,success,success,,0.42931003736739787,0.0
none__box_3.0,697,success,success,,0.3752502181680091,0.0
none__box_3.0,698,success,success,,0.6205767872294945,0.0
none__box_3.0,699,success,success,,0.35039352661971535,0.0
none__box_3.0,700,success,success,,0.5173510495322315,0.0
none__box_3.0,701,success,success,,0.729836698600153,0.0
none__box_3.0,702,success,success,,0.3369844152406674,0.0
none__box_3.0,703,success,success,,0.2782992653484108,0.0
none__box_3.0,704,success,success,,0.5700685789207758,0.0
none__box_3.0,705,success,success,,0.5943189902069764,0.0
none__box_3.0,706,success,success,,0.7593109247699501,0.0
none__box_3.0,707,success,success,,0.5070048684852606,0.0
none__box_3.0,708,success,success,,0.30364281928721115,0.0
none__box_3.0,709,success,success,,0.6212083642667505,0.0
none__box_3.0,710,success,success,,0.5948605830258732,0.0
none__box_3.0,711,success,success,,0.2210050989137987,0.0
none__box_3.0,712,success,success,,0.5860257928051817,0.0
none__box_3.0,713,success,success,,0.5946669922134206,0.0
none__box_3.0,714,success,success,,0.41343974626588204,0.0
none__box_3.0,715,success,success,,0.6839897909958188,0.0
none__box_3.0,716,success,success,,0.5042267613411098,0.0
none__box_3.0,717,success,success,,0.2695183082025723,0.0
none__box_3.0,718,success,success,,0.5381144411446156,0.0
none__box_3.0,719,success,success,,0.5742350157770927,0.0
none__box_3.0,720,success,success,,0.301000098991798,0.0
none__box_3.0,721,success,success,,0.396367483506301,0.0
none__box_3.0,722,success,success,,0.4815819982171807,0.0
none__box_3.0,723,success,success,,0.4961803593618352,0.0
none__box_3.0,724,success,success,,0.5935171380228378,0.0
none__box_3.0,725,success,success,,0.4708364119503016,0.0
none__box_3.0,726,success,success,,0.7435505447037487,0.0
none__box_3.0,727,success,success,,0.628856753385116,0.0
none__box_3.0,728,success,success,,0.3908985655934763,0.0
none__box_3.0,729,success,success,,0.27161064662572865,0.0
none__box_3.0,730,success,success,,0.47581006653760943,0.0
none__box_3.0,731,success,success,,0.7247494519829847,0.0
none__box_3.0,732,success,success,,0.18653235150675163,0.0
none__box_3.0,733,success,success,,0.28529822159844,0.0
none__box_3.0,734,success,success,,0.49002425665533744,0.0
none__box_3.0,735,success,success,,0.6020511832987112,0.0
none__box_3.0,736,success,success,,0.6710402221167688,0.0
none__box_3.0,737,success,success,,0.7154834921213905,0.0
none__box_3.0,738,success,success,,0.05414373117697703,0.0
none__box_3.0,739,success,success,,0.7299007442913295,0.0
none__box_3.0,740,success,success,,0.7975074067245131,0.0
none__box_3.0,741,success,success,,0.5878191631745773,0.0
none__box_3.0,742,success,success,,0.5141999372087718,0.0
none__box_3.0,743,success,success,,0.35236261547151937,0.0
none__box_3.0,744,success,success,,0.7662615796711352,0.0
none__box_3.0,745,success,success,,0.14373406844250136,0.0
none__box_3.0,746,success,success,,0.5648496657270992,0.0
none__box_3.0,747,success,success,,0.1554870639073657,0.0
none__box_3.0,748,success,success,,0.06603825900646862,0.0
none__box_3.0,749,success,success,,0.7088701796259828,0.0
none__box_3.0,750,success,success,,0.5687739577621631,0.0
none__box_3.0,751,success,success,,0.15292464408668424,0.0
none__box_3.0,752,success,success,,0.6012306559834727,0.0
none__box_3.0,753,success,success,,0.419290184453314,0.0
none__box_3.0,754,success,success,,0.12793233024880407,0.0
none__box_3.0,755,success,success,,0.33075684799261096,0.0
none__box_3.0,756,success,success,,0.5631634746655926,0.0
none__box_3.0,757,success,success,,0.38238116681058254,0.0
none__box_3.0,758,success,success,,0.21975196060038324,0.0
none__box_3.0,759,success,success,,0.20207281300982735,0.0
none__box_3.0,760,success,success,,0.6267859111902963,0.0
none__box_3.0,761,success,success,,0.6520503118479462,0.0
none__box_3.0,762,success,success,,0.5481381326719073,0.0
none__box_3.0,763,success,success,,0.7573178134944953,0.0
none__box_3.0,764,success,success,,0.7154052518683031,0.0
none__box_3.0,765,success,success,,0.2509145925032256,0.0
none__box_3.0,766,success,success,,0.34794503665051846,0.0
none__box_3.0,767,success,success,,0.5036404126960368,0.0
none__box_3.0,768,success,success,,0.3825157562796783,0.0
none__box_3.0,769,success,success,,0.33278396090200946,0.0
none__box_3.0,770,success,success,,0.4595792907833316,0.0
none__box_3.0,771,success,success,,0.4389175651985689,0.0
none__box_3.0,772,success,success,,0.532862709731645,0.0
none__box_3.0,773,success,success,,0.717565230986905,0.0
none__box_3.0,774,success,success,,0.6181634550853508,0.0
none__box_3.0,775,success,success,,0.5865096473048639,0.0
none__box_3.0,776,success,success,,0.49592655636580685,0.0
none__box_3.0,777,success,success,,0.375283945414014,0.0
none__box_3.0,778,success,success,,0.7237775788472589,0.0
none__box_3.0,779,success,success,,0.5727043870558071,0.0
none__box_3.0,780,success,success,,0.7337601548618523,0.0
none__box_3.0,781,success,success,,0.5820402998236055,0.0
none__box_3.0,782,success,success,,0.627861517927473,0.0
none__box_3.0,783,success,success,,0.6890189076723284,0.0
none__box_3.0,784,success,success,,0.6903087611207495,0.0
none__box_3.0,785,success,success,,0.4188107341173215,0.0
none__box_3.0,786,success,success,,0.35670147001713604,0.0
none__box_3.0,787,success,success,,0.2079352853631517,0.0
none__box_3.0,788,success,success,,0.37047943252052806,0.0
none__box_3.0,789,success,success,,0.27613151275085057,0.0
none__box_3.0,790,success,success,,0.5705952949462254,0.0
none__box_3.0,791,success,success,,0.7027288640446616,0.0
none__box_3.0,792,success,success,,0.6811929053398208,0.0
none__box_3.0,793,success,success,,0.7219874754281999,0.0
none__box_3.0,794,success,success,,0.49479106139171153,0.0
none__box_3.0,795,success,success,,0.5012302790255115,0.0
none__box_3.0,796,success,success,,0.28548709690982627,0.0
none__box_3.0,797,success,success,,0.6199483067018584,0.0
none__box_3.0,798,success,success,,0.18272516395292038,0.0
none__box_3.0,799,success,success,,0.5503171710293804,0.0
none__box_3.0,800,success,success,,0.7394837733164098,0.0
none__box_3.0,801,success,success,,0.23790612852304438,0.0
none__box_3.0,802,success,success,,0.5615227163869969,0.0
none__box_3.0,803,success,success,,0.7166416812148133,0.0
none__box_3.0,804,success,success,,0.5911347730403286,0.0
none__box_3.0,805,success,success,,0.7359030107146487,0.0
none__box_3.0,806,success,success,,0.7450813568102239,0.0
none__box_3.0,807,success,success,,0.25074951257406247,0.0
none__box_3.0,808,success,success,,0.7215747777600238,0.0
none__box_3.0,809,success,success,,0.38189119058537385,0.0
none__box_3.0,810,success,success,,0.37144664658716786,0.0
none__box_3.0,811,success,success,,0.25140895115527906,0.0
none__box_3.0,812,success,success,,0.7491753670199816,0.0
none__box_3.0,813,success,success,,0.1867257997001105,0.0
none__box_3.0,814,success,success,,0.4906242663541726,0.0
none__box_3.0,815,success,success,,0.48678246732192665,0.0
none__box_3.0,816,success,success,,0.28329965204350765,0.0
none__box_3.0,817,success,success,,0.6457677481238959,0.0
none__box_3.0,818,success,success,,0.25303744509740345,0.0
none__box_3.0,819,success,success,,0.5261267581051192,0.0
none__box_3.0,820,success,success,,0.39123905753001137,0.0
none__box_3.0,821,success,success,,0.6060888544638614,0.0
none__box_3.0,822,success,success,,0.28551013805507675,0.0
none__box_3.0,823,success,success,,0.6657017564268609,0.0
none__box_3.0,824,success,success,,0.6962674092001769,0.0
none__box_3.0,825,success,success,,0.38463601492793,0.0
none__box_3.0,826,success,success,,0.5819661870223336,0.0
none__box_3.0,827,success,success,,0.6502228244492196,0.0
none__box_3.0,828,success,success,,0.6199180979497201,0.0
none__box_3.0,829,success,success,,0.7218433933809528,0.0
none__box_3.0,830,success,success,,0.2500626689962334,0.0
none__box_3.0,831,success,success,,0.579985885715068,0.0
none__box_3.0,832,success,success,,0.7825305088126421,0.0
none__box_3.0,833,success,success,,0.41828883277529016,0.0
none__box_3.0,834,success,success,,0.4243060199302978,0.0
none__box_3.0,835,success,success,,0.2958181061393589,0.0
none__box_3.0,836,success,success,,0.5958842532242495,0.0
none__box_3.0,837,success,success,,0.5887780262043161,0.0
none__box_3.0,838,success,success,,0.31796164077576705,0.0
none__box_3.0,839,success,success,,0.31329463337106317,0.0
none__box_3.0,840,success,success,,0.5081321477732925,0.0
none__box_3.0,841,success,success,,0.47604692057983056,0.0
none__box_3.0,842,success,success,,0.6634580271158459,0.0
none__box_3.0,843,success,success,,0.43056569190890104,0.0
none__box_3.0,844,success,success,,0.41550729308811746,0.0
none__box_3.0,845,success,success,,0.6520508669186073,0.0
none__box_3.0,846,success,success,,0.7638565045660218,0.0
none__box_3.0,847,success,success,,0.26953923810175234,0.0
none__box_3.0,848,success,success,,0.4990565504410437,0.0
none__box_3.0,849,success,success,,0.5910866164640519,0.0
none__box_3.0,850,success,success,,0.6182717489383199,0.0
none__box_3.0,851,success,success,,0.2955539540117547,0.0
none__box_3.0,852,success,success,,0.5320059074932593,0.0
none__box_3.0,853,success,success,,0.31613628091944995,0.0
none__box_3.0,854,success,success,,0.44795132882624356,0.0
none__box_3.0,855,success,success,,0.6114160212766262,0.0
none__box_3.0,856,success,success,,0.6237207395457369,0.0
none__box_3.0,857,success,success,,0.22103698748481776,0.0
none__box_3.0,858,success,success,,0.7410335408461395,0.0
none__box_3.0,859,success,success,,0.6964904463103809,0.0
none__box_3.0,860,success,success,,0.6146789288613319,0.0
none__box_3.0,861,success,success,,0.5363427246821224,0.0
none__box_3.0,862,success,success,,0.25551851928865443,0.0
none__box_3.0,863,success,success,,0.50757417354485,0.0
none__box_3.0,864,success,success,,0.21004468936992057,0.0
none__box_3.0,865,success,success,,0.4282832244878131,0.0
none__box_3.0,866,success,success,,0.6306766108245174,0.0
none__box_3.0,867,success,success,,0.573903586835918,0.0
none__box_3.0,868,success,success,,0.6676115628083589,0.0
none__box_3.0,869,success,success,,0.3650340149321502,0.0
none__box_3.0,870,success,success,,0.31327966597681367,0.0
none__box_3.0,871,success,success,,0.32002327635915306,0.0
none__box_3.0,872,success,success,,0.20706261099073076,0.0
none__box_3.0,873,success,success,,0.7646065257560202,0.0
none__box_3.0,874,success,success,,0.5461448381688256,0.0
none__box_3.0,875,success,success,,0.432431329878588,0.0
none__box_3.0,876,success,success,,0.6834219918455668,0.0
none__box_3.0,877,success,success,,0.6569191575659071,0.0
none__box_3.0,878,success,success,,0.24472683736757345,0.0
none__box_3.0,879,success,success,,0.5638305539026682,0.0
none__box_3.0,880,success,success,,0.39336501280548125,0.0
none__box_3.0,881,success,success,,0.5679780038782097,0.0
none__box_3.0,882,success,success,,0.5127447640983759,0.0
none__box_3.0,883,success,success,,0.5434683909997843,0.0
none__box_3.0,884,success,success,,0.028207176698665383,0.0
none__box_3.0,885,success,success,,0.6969892142995122,0.0
none__box_3.0,886,success,success,,0.2935510654207142,0.0
none__box_3.0,887,success,success,,0.6017590211801921,0.0
none__box_3.0,888,success,success,,0.5879026559301147,0.0
none__box_3.0,889,success,success,,0.43804230968741736,0.0
none__box_3.0,890,success,success,,0.6386251766350105,0.0
none__box_3.0,891,success,success,,0.45446372771442,0.0
none__box_3.0,892,success,success,,0.6362429211537617,0.0
none__box_3.0,893,success,success,,0.680748623901098,0.0
none__box_3.0,894,success,success,,0.2689757342147466,0.0
none__box_3.0,895,success,success,,0.5098714232195979,0.0
none__box_3.0,896,success,success,,0.5162303237581111,0.0
none__box_3.0,897,success,success,,0.19967717469613908,0.0
none__box_3.0,898,success,success,,0.43338183957669585,0.0
none__box_3.0,899,success,success,,0.1657193463925511,0.0
none__box_3.0,900,success,success,,0.30324298184895787,0.0
none__box_3.0,901,success,success,,0.5589879662980656,0.0
none__box_3.0,902,success,success,,0.3884667264794142,0.0
none__box_3.0,903,success,success,,0.6494585076596283,0.0
none__box_3.0,904,success,success,,0.6688070306375546,0.0
none__box_3.0,905,success,success,,0.6766323933260293,0.0
none__box_3.0,906,success,success,,0.48076535770235707,0.0
none__box_3.0,907,success,success,,0.5041051433599626,0.0
none__box_3.0,908,success,success,,0.31914259806302847,0.0
none__box_3.0,909,success,success,,0.30786936583745683,0.0
none__box_3.0,910,success,success,,0.5967570161605098,0.0
none__box_3.0,911,success,success,,0.6211413294370414,0.0
none__box_3.0,912,success,success,,0.47529512787548045,0.0
none__box_3.0,913,success,success,,0.2718259422515961,0.0
none__box_3.0,914,success,success,,0.1359624255141029,0.0
none__box_3.0,915,success,success,,0.6016108293296645,0.0
none__box_3.0,916,success,success,,0.7348629872828474,0.0
none__box_3.0,917,success,success,,0.5984059921473351,0.0
none__box_3.0,918,success,success,,0.6547801683733933,0.0
none__box_3.0,919,success,success,,0.38026190091577383,0.0
none__box_3.0,920,success,success,,0.6149748705705403,0.0
none__box_3.0,921,success,success,,0.5305091561364165,0.0
none__box_3.0,922,success,success,,0.6862697724001074,0.0
none__box_3.0,923,success,success,,0.08624374134522489,0.0
none__box_3.0,924,success,success,,0.30309594757298275,0.0
none__box_3.0,925,success,success,,0.16080547419537872,0.0
none__box_3.0,926,success,success,,0.2730538609185439,0.0
none__box_3.0,927,success,success,,0.37625730507049837,0.0
none__box_3.0,928,success,success,,0.5655412638834648,0.0
none__box_3.0,929,success,success,,0.6244002983620613,0.0
none__box_3.0,930,success,success,,0.6075574027950846,0.0
none__box_3.0,931,success,success,,0.4743048994806085,0.0
none__box_3.0,932,success,success,,0.6625982754517806,0.0
none__box_3.0,933,success,success,,0.3971274727969729,0.0
none__box_3.0,934,success,success,,0.4533455392928817,0.0
none__box_3.0,935,success,success,,0.33740241386954156,0.0
none__box_3.0,936,success,success,,0.6929440867647669,0.0
none__box_3.0,937,success,success,,0.5372711617018101,0.0
none__box_3.0,938,success,success,,0.5972742814186498,0.0
none__box_3.0,939,success,success,,0.22115424014627938,0.0
none__box_3.0,940,success,success,,0.6610626362222067,0.0
none__box_3.0,941,success,success,,0.23965654884706136,0.0
none__box_3.0,942,success,success,,0.6466787553179858,0.0
none__box_3.0,943,success,success,,0.7121508332635192,0.0
none__box_3.0,944,success,success,,0.5063476707455026,0.0
none__box_3.0,945,success,success,,0.5977226031281632,0.0
none__box_3.0,946,success,success,,0.5508073069660104,0.0
none__box_3.0,947,success,success,,0.22607486365969473,0.0
none__box_3.0,948,success,success,,0.531789679610122,0.0
none__box_3.0,949,success,success,,0.5709793420831253,0.0
none__box_3.0,950,success,success,,0.471146351895654,0.0
none__box_3.0,951,success,success,,0.188355572107142,0.0
none__box_3.0,952,success,success,,0.40142819195285373,0.0
none__box_3.0,953,success,success,,0.683350224148088,0.0
none__box_3.0,954,success,success,,0.6645267613176136,0.0
none__box_3.0,955,success,success,,0.3195001583412808,0.0
none__box_3.0,956,success,success,,0.45584141863466354,0.0
none__box_3.0,957,success,success,,0.32281335198970806,0.0
none__box_3.0,958,success,success,,0.5817540576828699,0.0
none__box_3.0,959,success,success,,0.40603052001141254,0.0
none__box_3.0,960,success,success,,0.29462829273935953,0.0
none__box_3.0,961,success,success,,0.5643224645251875,0.0
none__box_3.0,962,success,success,,0.24603781526797514,0.0
none__box_3.0,963,success,success,,0.6920568558020121,0.0
none__box_3.0,964,success,success,,0.6364554752780973,0.0
none__box_3.0,965,success,success,,0.6628067512885057,0.0
none__box_3.0,966,success,success,,0.167639312999172,0.0
none__box_3.0,967,success,success,,0.35446903534059004,0.0
none__box_3.0,968,success,success,,0.6435205625907687,0.0
none__box_3.0,969,success,success,,0.6850716498074252,0.0
none__box_3.0,970,success,success,,0.6773158709286498,0.0
none__box_3.0,971,success,success,,0.506007584537244,0.0
none__box_3.0,972,success,success,,0.3452643911122538,0.0
none__box_3.0,973,success,success,,0.33828710798671563,0.0
none__box_3.0,974,success,success,,0.5022200773116204,0.0
none__box_3.0,975,success,success,,0.4175380041155929,0.0
none__box_3.0,976,success,success,,0.31167286194437627,0.0
none__box_3.0,977,success,success,,0.5250627159931999,0.0
none__box_3.0,978,success,success,,0.6677899102135966,0.0
none__box_3.0,979,success,success,,0.5341826477267405,0.0
none__box_3.0,980,success,success,,0.17715512297796754,0.0
none__box_3.0,981,success,success,,0.5171018230367557,0.0
none__box_3.0,982,success,success,,0.6576711348805346,0.0
none__box_3.0,983,success,success,,0.5425521533575139,0.0
none__box_3.0,984,success,success,,0.5836854713481012,0.0
none__box_3.0,985,success,success,,0.48512243154554285,0.0
none__box_3.0,986,success,success,,0.6874834708890838,0.0
none__box_3.0,987,success,success,,0.6912007518332962,0.0
none__box_3.0,988,success,success,,0.4489271461015055,0.0
none__box_3.0,989,success,success,,0.7772439556939211,0.0
none__box_3.0,990,success,success,,0.4644752578721563,0.0
none__box_3.0,991,success,success,,0.44052396722888143,0.0
none__box_3.0,992,success,success,,0.640308621075336,0.0
none__box_3.0,993,success,success,,0.38963975388119426,0.0
none__box_3.0,994,success,success,,0.6411345644880562,0.0
none__box_3.0,995,success,success,,0.6405915275608058,0.0
none__box_3.0,996,success,success,,0.25578028950978854,0.0
none__box_3.0,997,success,success,,0.7088508429761362,0.0
none__box_3.0,998,success,success,,0.4087621207873859,0.0
none__box_3.0,999,success,success,,0.26066607901182604,0.0
none__box_3.0,1000,success,success,,0.587818228286143,0.0
trajectory_std__box_1.0,1,success,success,,0.4938443127678661,0.0
trajectory_std__box_1.0,2,success,success,,0.5615653583114834,0.0
trajectory_std__box_1.0,3,success,success,,0.22868875764366048,0.0
trajectory_std__box_1.0,4,success,success,,0.6644351346766411,0.0
trajectory_std__box_1.0,5,success,success,,0.5490454739386944,0.0
trajectory_std__box_1.0,6,success,success,,0.769009196198022,0.0
trajectory_std__box_1.0,7,success,success,,0.19031751692203816,0.0
trajectory_std__box_1.0,8,success,success,,0.5309455543413809,0.0
trajectory_std__box_1.0,9,success,success,,0.6746528813017711,0.0
trajectory_std__box_1.0,10,success,success,,0.7541661495509899,0.0
trajectory_std__box_1.0,11,success,success,,0.4814480968109516,0.0
trajectory_std__box_1.0,12,success,success,,0.08445700241097422,0.0
trajectory_std__box_1.0,13,success,success,,0.6120553181160472,0.0
trajectory_std__box_1.0,14,success,success,,0.5562364631862265,0.0
trajectory_std__box_1.0,15,success,success,,0.272443589148259,0.0
trajectory_std__box_1.0,16,success,success,,0.6867360699677828,0.0
trajectory_std__box_1.0,17,success,success,,0.514727129562261,0.0
trajectory_std__box_1.0,18,success,success,,0.5554119024869939,0.0
trajectory_std__box_1.0,19,success,success,,0.7694125354825571,0.0
trajectory_std__box_1.0,20,success,success,,0.45967993864784656,0.0
trajectory_std__box_1.0,21,success,success,,0.39369276495874794,0.0
trajectory_std__box_1.0,22,success,success,,0.5758168240746481,0.0
trajectory_std__box_1.0,23,success,success,,0.1017849967308943,0.0
trajectory_std__box_1.0,24,success,success,,0.4388599115164111,0.0
trajectory_std__box_1.0,25,success,success,,0.44696788389367353,0.0
trajectory_std__box_1.0,26,success,success,,0.6728998994273934,0.0
trajectory_std__box_1.0,27,success,success,,0.37673108423972035,0.0
trajectory_std__box_1.0,28,success,success,,0.767652787039911,0.0
trajectory_std__box_1.0,29,success,success,,0.7841617781223308,0.0
trajectory_std__box_1.0,30,success,success,,0.7154732452129224,0.0
trajectory_std__box_1.0,31,success,success,,0.29420174320245535,0.0
trajectory_std__box_1.0,32,success,success,,0.15118701746392388,0.0
trajectory_std__box_1.0,33,success,success,,0.4443147570526446,0.0
trajectory_std__box_1.0,34,success,success,,0.39447135498168345,0.0
trajectory_std__box_1.0,35,success,success,,0.051381538811253666,0.0
trajectory_std__box_1.0,36,success,success,,0.6823072070079212,0.0
trajectory_std__box_1.0,37,success,success,,0.7160976921955797,0.0
trajectory_std__box_1.0,38,success,success,,0.35941751114263104,0.0
trajectory_std__box_1.0,39,success,success,,0.5931782266280947,0.0
trajectory_std__box_1.0,40,success,success,,0.3651963282845524,0.0
trajectory_std__box_1.0,41,success,success,,0.459609795516378,0.0
trajectory_std__box_1.0,42,success,success,,0.6771298549266228,0.0
trajectory_std__box_1.0,43,success,success,,0.3886054630337199,0.0
trajectory_std__box_1.0,44,success,success,,0.6151368131761218,0.0
trajectory_std__box_1.0,45,success,success,,0.3011769580331111,0.0
trajectory_std__box_1.0,46,success,success,,0.7972442394791972,0.0
trajectory_std__box_1.0,47,success,success,,0.6475464421320842,0.0
trajectory_std__box_1.0,48,success,success,,0.6158253436091745,0.0
trajectory_std__box_1.0,49,success,success,,0.7508581095621611,0.0
trajectory_std__box_1.0,50,success,success,,0.44182514123629857,0.0
trajectory_std__box_1.0,51,success,success,,0.19256797593653055,0.0
trajectory_std__box_1.0,52,success,success,,0.6751345575288379,0.0
trajectory_std__box_1.0,53,success,success,,0.5460845994120493,0.0
trajectory_std__box_1.0,54,success,success,,0.4387635497252057,0.0
trajectory_std__box_1.0,55,success,success,,0.5035464243426769,0.0
trajectory_std__box_1.0,56,success,success,,0.4073908579487912,0.0
trajectory_std__box_1.0,57,success,success,,0.5998408346933557,0.0
trajectory_std__box_1.0,58,success,success,,0.34804174535526455,0.0
trajectory_std__box_1.0,59,success,success,,0.28714971909471393,0.0
trajectory_std__box_1.0,60,success,success,,0.47332644684451775,0.0
trajectory_std__box_1.0,61,success,success,,0.7824832658347938,0.0
trajectory_std__box_1.0,62,success,success,,0.490914602809138,0.0
trajectory_std__box_1.0,63,success,success,,0.6886664441931404,0.0
trajectory_std__box_1.0,64,success,success,,0.7450396779244919,0.0
trajectory_std__box_1.0,65,success,success,,0.43610516722295495,0.0
trajectory_std__box_1.0,66,success,success,,0.41718257623057275,0.0
trajectory_std__box_1.0,67,success,success,,0.21696797855630334,0.0
trajectory_std__box_1.0,68,success,success,,0.31588100197953994,0.0
trajectory_std__box_1.0,69,success,success,,0.5748286874149056,0.0
trajectory_std__box_1.0,70,success,success,,0.7046008045122363,0.0
trajectory_std__box_1.0,71,success,success,,0.30668336276418295,0.0
trajectory_std__box_1.0,72,success,success,,0.745458896462937,0.0
trajectory_std__box_1.0,73,success,success,,0.6991803875530218,0.0
trajectory_std__box_1.0,74,success,success,,0.5450563164405899,0.0
trajectory_std__box_1.0,75,success,success,,0.6084576575556518,0.0
trajectory_std__box_1.0,76,success,success,,0.6654469366558607,0.0
trajectory_std__box_1.0,77,success,success,,0.4866380940959495,0.0
trajectory_std__box_1.0,78,success,success,,0.5888077622851187,0.0
trajectory_std__box_1.0,79,success,success,,0.6213507461042939,0.0
trajectory_std__box_1.0,80,success,success,,0.46220831259498146,0.0
trajectory_std__box_1.0,81,success,success,,0.5811997918059912,0.0
trajectory_std__box_1.0,82,success,success,,0.7988834628974342,0.0
trajectory_std__box_1.0,83,success,success,,0.35964087319461124,0.0
trajectory_std__box_1.0,84,success,success,,0.5860472347119143,0.0
trajectory_std__box_1.0,85,success,success,,0.7302689198723462,0.0
trajectory_std__box_1.0,86,success,success,,0.6786450024343827,0.0
trajectory_std__box_1.0,87,success,success,,0.5805272572710679,0.0
trajectory_std__box_1.0,88,success,success,,0.7444178706895468,0.0
trajectory_std__box_1.0,89,success,success,,0.550753664397379,0.0
trajectory_std__box_1.0,90,success,success,,0.7170824002301195,0.0
trajectory_std__box_1.0,91,success,success,,0.6122500853234738,0.0
trajectory_std__box_1.0,92,success,success,,0.1899655778335157,0.0
trajectory_std__box_1.0,93,success,success,,0.1900303149417583,0.0
trajectory_std__box_1.0,94,success,success,,0.5717561978463869,0.0
trajectory_std__box_1.0,95,success,success,,0.3602176017538759,0.0
trajectory_std__box_1.0,96,success,success,,0.3529206218005512,0.0
trajectory_std__box_1.0,97,success,success,,0.5113723920681262,0.0
trajectory_std__box_1.0,98,success,success,,0.4742079773255027,0.0
trajectory_std__box_1.0,99,success,success,,0.06835025669338761,0.0
trajectory_std__box_1.0,100,success,success,,0.6980006827624327,0.0
trajectory_std__box_1.0,101,success,success,,0.5994438604809774,0.0
trajectory_std__box_1.0,102,success,success,,0.5072515058672599,0.0
trajectory_std__box_1.0,103,success,success,,0.7610700922853104,0.0
trajectory_std__box_1.0,104,success,success,,0.7259009646175845,0.0
trajectory_std__box_1.0,105,success,success,,0.49377211889906447,0.0
trajectory_std__box_1.0,106,success,success,,0.34627691391340704,0.0
trajectory_std__box_1.0,107,success,success,,0.738217682192711,0.0
trajectory_std__box_1.0,108,success,success,,0.4531075082813374,0.0
trajectory_std__box_1.0,109,success,success,,0.7543880580589478,0.0
trajectory_std__box_1.0,110,success,success,,0.13081350955207485,0.0
trajectory_std__box_1.0,111,success,success,,0.7541852051418418,0.0
trajectory_std__box_1.0,112,success,success,,0.7546569410046176,0.0
trajectory_std__box_1.0,113,success,success,,0.683723722652372,0.0
trajectory_std__box_1.0,114,success,success,,0.3810302311318779,0.0
trajectory_std__box_1.0,115,success,success,,0.7660168939865177,0.0
trajectory_std__box_1.0,116,success,success,,0.26962355880812827,0.0
trajectory_std__box_1.0,117,success,success,,0.7577988296017842,0.0
trajectory_std__box_1.0,118,success,success,,0.6824417537205045,0.0
trajectory_std__box_1.0,119,success,success,,0.02226805835390244,0.0
trajectory_std__box_1.0,120,success,success,,0.5093544578696793,0.0
trajectory_std__box_1.0,121,success,success,,0.2927673289481301,0.0
trajectory_std__box_1.0,122,success,success,,0.7283690828563005,0.0
trajectory_std__box_1.0,123,success,success,,0.16454847020009292,0.0
trajectory_std__box_1.0,124,success,success,,0.7580653254268834,0.0
trajectory_std__box_1.0,125,success,success,,0.7221699469310434,0.0
trajectory_std__box_1.0,126,success,success,,0.7293810571292706,0.0
trajectory_std__box_1.0,127,success,success,,0.33029357255088354,0.0
trajectory_std__box_1.0,128,success,success,,0.5086016992264971,0.0
trajectory_std__box_1.0,129,success,success,,0.6806312599159754,0.0
trajectory_std__box_1.0,130,success,success,,0.1599051048584804,0.0
trajectory_std__box_1.0,131,success,success,,0.2135546603244846,0.0
trajectory_std__box_1.0,132,success,success,,0.10173570966627525,0.0
trajectory_std__box_1.0,133,success,success,,0.7029807054419983,0.0
trajectory_std__box_1.0,134,success,success,,0.3026454951382168,0.0
trajectory_std__box_1.0,135,success,success,,0.7229449958014191,0.0
trajectory_std__box_1.0,136,success,success,,0.5302086920212653,0.0
trajectory_std__box_1.0,137,success,success,,0.6715391899822587,0.0
trajectory_std__box_1.0,138,success,success,,0.7949462436719793,0.0
trajectory_std__box_1.0,139,success,success,,0.6463569492099075,0.0
trajectory_std__box_1.0,140,success,success,,0.4795281420390777,0.0
trajectory_std__box_1.0,141,success,success,,0.7235066939123441,0.0
trajectory_std__box_1.0,142,success,success,,0.7252776527651812,0.0
trajectory_std__box_1.0,143,success,success,,0.7857087146982471,0.0
trajectory_std__box_1.0,144,success,success,,0.3314283020497033,0.0
trajectory_std__box_1.0,145,success,success,,0.5333516144046195,0.0
trajectory_std__box_1.0,146,success,success,,0.3890481087889994,0.0
trajectory_std__box_1.0,147,success,success,,0.2161896379607951,0.0
trajectory_std__box_1.0,148,success,success,,0.504623779316699,0.0
trajectory_std__box_1.0,149,success,success,,0.7007173891867206,0.0
trajectory_std__box_1.0,150,success,success,,0.7685317611952398,0.0
trajectory_std__box_1.0,151,success,success,,0.17740001708654674,0.0
trajectory_std__box_1.0,152,success,success,,0.7334221247415046,0.0
trajectory_std__box_1.0,153,success,success,,0.6198000820325824,0.0
trajectory_std__box_1.0,154,success,success,,0.781682155874275,0.0
trajectory_std__box_1.0,155,success,success,,0.7427685440016824,0.0
trajectory_std__box_1.0,156,success,success,,0.38702935044922615,0.0
trajectory_std__box_1.0,157,success,success,,0.6636630266563979,0.0
trajectory_std__box_1.0,158,success,success,,0.39403887543589583,0.0
trajectory_std__box_1.0,159,success,success,,0.7156756644959419,0.0
trajectory_std__box_1.0,160,success,success,,0.21780035589220623,0.0
trajectory_std__box_1.0,161,success,success,,0.6049297063499945,0.0
trajectory_std__box_1.0,162,success,success,,0.4647549134508876,0.0
trajectory_std__box_1.0,163,success,success,,0.2626169814514737,0.0
trajectory_std__box_1.0,164,success,success,,0.1376615502324699,0.0
trajectory_std__box_1.0,165,success,success,,0.5174007599316106,0.0
trajectory_std__box_1.0,166,success,success,,0.44380450344714867,0.0
trajectory_std__box_1.0,167,success,success,,0.5527763182849638,0.0
trajectory_std__box_1.0,168,success,success,,0.2542388559246113,0.0
trajectory_std__box_1.0,169,success,success,,0.7027050955865448,0.0
trajectory_std__box_1.0,170,success,success,,0.5944414106251881,0.0
trajectory_std__box_1.0,171,success,success,,0.451814191566009,0.0
trajectory_std__box_1.0,172,success,success,,0.43414434637233756,0.0
trajectory_std__box_1.0,173,success,success,,0.5260616047023294,0.0
trajectory_std__box_1.0,174,success,success,,0.6937135186019944,0.0
trajectory_std__box_1.0,175,success,success,,0.1166559602158888,0.0
trajectory_std__box_1.0,176,success,success,,0.18142336470539905,0.0
trajectory_std__box_1.0,177,success,success,,0.4620537555989928,0.0
trajectory_std__box_1.0,178,success,success,,0.46713751949977056,0.0
trajectory_std__box_1.0,179,success,success,,0.16420593160368785,0.0
trajectory_std__box_1.0,180,success,success,,0.6798819593349383,0.0
trajectory_std__box_1.0,181,success,success,,0.5188731790076013,0.0
trajectory_std__box_1.0,182,success,success,,0.8136925847864015,0.0
trajectory_std__box_1.0,183,success,success,,0.5276770702175025,0.0
trajectory_std__box_1.0,184,success,success,,0.3141506828063672,0.0
trajectory_std__box_1.0,185,success,success,,0.18507001280853888,0.0
trajectory_std__box_1.0,186,success,success,,0.8221202997150939,0.0
trajectory_std__box_1.0,187,success,success,,0.45290889546693053,0.0
trajectory_std__box_1.0,188,success,success,,0.6869401646215545,0.0
trajectory_std__box_1.0,189,success,success,,0.7930634780985191,0.0
trajectory_std__box_1.0,190,success,success,,0.6995729521299964,0.0
trajectory_std__box_1.0,191,success,success,,0.6358711384800031,0.0
trajectory_std__box_1.0,192,success,success,,0.7490638981289357,0.0
trajectory_std__box_1.0,193,success,success,,0.779897019660498,0.0
trajectory_std__box_1.0,194,success,success,,0.5735344682407406,0.0
trajectory_std__box_1.0,195,success,success,,0.26926585224821603,0.0
trajectory_std__box_1.0,196,success,success,,0.5000660228950913,0.0
trajectory_std__box_1.0,197,success,success,,0.6002913792580499,0.0
trajectory_std__box_1.0,198,success,success,,0.6410652610508227,0.0
trajectory_std__box_1.0,199,success,success,,0.7029111799116892,0.0
trajectory_std__box_1.0,200,success,success,,0.6175518965129683,0.0
trajectory_std__box_1.0,201,success,success,,0.5483872653497025,0.0
trajectory_std__box_1.0,202,success,success,,0.5450068509234987,0.0
trajectory_std__box_1.0,203,success,success,,0.5371141722948883,0.0
trajectory_std__box_1.0,204,success,success,,0.44564405163008947,0.0
trajectory_std__box_1.0,205,success,success,,0.39657573263206924,0.0
trajectory_std__box_1.0,206,success,success,,0.7299114015114749,0.0
trajectory_std__box_1.0,207,success,success,,0.5175088294010965,0.0
trajectory_std__box_1.0,208,success,success,,0.2328155428706901,0.0
trajectory_std__box_1.0,209,success,success,,0.7313356309035458,0.0
trajectory_std__box_1.0,210,success,success,,0.6334843068151564,0.0
trajectory_std__box_1.0,211,success,success,,0.49011787164875,0.0
trajectory_std__box_1.0,212,success,success,,0.7473420447587377,0.0
trajectory_std__box_1.0,213,success,success,,0.5356628341758052,0.0
trajectory_std__box_1.0,214,success,success,,0.436127999314721,0.0
trajectory_std__box_1.0,215,success,success,,0.4374144602982917,0.0
trajectory_std__box_1.0,216,success,success,,0.6080867989851009,0.0
trajectory_std__box_1.0,217,success,success,,0.7272450374254673,0.0
trajectory_std__box_1.0,218,success,success,,0.5314797302894245,0.0
trajectory_std__box_1.0,219,success,success,,0.7417214651525668,0.0
trajectory_std__box_1.0,220,success,success,,0.3769025321154382,0.0
trajectory_std__box_1.0,221,success,success,,0.4016052898539173,0.0
trajectory_std__box_1.0,222,success,success,,0.38536461177562675,0.0
trajectory_std__box_1.0,223,success,success,,0.08180839904312817,0.0
trajectory_std__box_1.0,224,success,success,,0.3183558825018109,0.0
trajectory_std__box_1.0,225,success,success,,0.7997731033940381,0.0
trajectory_std__box_1.0,226,success,success,,0.6560843242804866,0.0
trajectory_std__box_1.0,227,success,success,,0.7414684419336312,0.0
trajectory_std__box_1.0,228,success,success,,0.5764504461715505,0.0
trajectory_std__box_1.0,229,success,success,,0.7277372763981609,0.0
trajectory_std__box_1.0,230,success,success,,0.5604782853565077,0.0
trajectory_std__box_1.0,231,success,success,,0.398320066606998,0.0
trajectory_std__box_1.0,232,success,success,,0.35339494099121416,0.0
trajectory_std__box_1.0,233,success,success,,0.4329818095412985,0.0
trajectory_std__box_1.0,234,success,success,,0.6301720002951409,0.0
trajectory_std__box_1.0,235,success,success,,0.5448033236334835,0.0
trajectory_std__box_1.0,236,success,success,,0.19024445942202073,0.0
trajectory_std__box_1.0,237,success,success,,0.11691205054353565,0.0
trajectory_std__box_1.0,238,success,success,,0.5518717806977153,0.0
trajectory_std__box_1.0,239,success,success,,0.3208655936139818,0.0
trajectory_std__box_1.0,240,success,success,,0.34948693173895,0.0
trajectory_std__box_1.0,241,success,success,,0.37829209268037806,0.0
trajectory_std__box_1.0,242,success,success,,0.4529180658715784,0.0
trajectory_std__box_1.0,243,success,success,,0.5858502951611735,0.0
trajectory_std__box_1.0,244,success,success,,0.412466783457599,0.0
trajectory_std__box_1.0,245,success,success,,0.7317194864176952,0.0
trajectory_std__box_1.0,246,success,success,,0.4054539181935225,0.0
trajectory_std__box_1.0,247,success,success,,0.34280398926783734,0.0
trajectory_std__box_1.0,248,success,success,,0.4788404876369789,0.0
trajectory_std__box_1.0,249,success,success,,0.5642985871730672,0.0
trajectory_std__box_1.0,250,success,success,,0.7756409576604171,0.0
trajectory_std__box_1.0,251,success,success,,0.6862554020544586,0.0
trajectory_std__box_1.0,252,success,success,,0.41757205286073656,0.0
trajectory_std__box_1.0,253,success,success,,0.4958997144584028,0.0
trajectory_std__box_1.0,254,success,success,,0.816614539270681,0.0
trajectory_std__box_1.0,255,success,success,,0.7289678331293041,0.0
trajectory_std__box_1.0,256,success,success,,0.6811615214383644,0.0
trajectory_std__box_1.0,257,success,success,,0.5173636051529377,0.0
trajectory_std__box_1.0,258,success,success,,0.3094798690667283,0.0
trajectory_std__box_1.0,259,success,success,,0.1570209591483313,0.0
trajectory_std__box_1.0,260,success,success,,0.6514933936133839,0.0
trajectory_std__box_1.0,261,success,success,,0.5526955818571545,0.0
trajectory_std__box_1.0,262,success,success,,0.7727228546699639,0.0
trajectory_std__box_1.0,263,success,success,,0.4014606692649253,0.0
trajectory_std__box_1.0,264,success,success,,0.6710447981928476,0.0
trajectory_std__box_1.0,265,success,success,,0.46257673097794677,0.0
trajectory_std__box_1.0,266,success,success,,0.5349425845310665,0.0
trajectory_std__box_1.0,267,success,success,,0.2929010179570867,0.0
trajectory_std__box_1.0,268,success,success,,0.5036156094478407,0.0
trajectory_std__box_1.0,269,success,success,,0.32642864246709785,0.0
trajectory_std__box_1.0,270,success,success,,0.698396244250736,0.0
trajectory_std__box_1.0,271,success,success,,0.591959097782581,0.0
trajectory_std__box_1.0,272,success,success,,0.591290973461722,0.0
trajectory_std__box_1.0,273,success,success,,0.6522308530771489,0.0
trajectory_std__box_1.0,274,success,success,,0.5184972865607193,0.0
trajectory_std__box_1.0,275,success,success,,0.6341967405123098,0.0
trajectory_std__box_1.0,276,success,success,,0.3847246415987024,0.0
trajectory_std__box_1.0,277,success,success,,0.5812673799038891,0.0
trajectory_std__box_1.0,278,success,success,,0.17141235787511047,0.0
trajectory_std__box_1.0,279,success,success,,0.745495098795672,0.0
trajectory_std__box_1.0,280,success,success,,0.15003765714627065,0.0
trajectory_std__box_1.0,281,success,success,,0.7017934666584901,0.0
trajectory_std__box_1.0,282,success,success,,0.445093978240534,0.0
trajectory_std__box_1.0,283,success,success,,0.36228054008829247,0.0
trajectory_std__box_1.0,284,success,success,,0.4166728822471134,0.0
trajectory_std__box_1.0,285,success,success,,0.6329447298334098,0.0
trajectory_std__box_1.0,286,success,success,,0.6674878308848675,0.0
trajectory_std__box_1.0,287,success,success,,0.3665103582178535,0.0
trajectory_std__box_1.0,288,success,success,,0.30412875909986714,0.0
trajectory_std__box_1.0,289,success,success,,0.691262982561063,0.0
trajectory_std__box_1.0,290,success,success,,0.3958877183366467,0.0
trajectory_std__box_1.0,291,success,success,,0.719703754773861,0.0
trajectory_std__box_1.0,292,success,success,,0.7401774688857169,0.0
trajectory_std__box_1.0,293,success,success,,0.4578165751124686,0.0
trajectory_std__box_1.0,294,success,success,,0.35485803736822513,0.0
trajectory_std__box_1.0,295,success,success,,0.7334164511319332,0.0
trajectory_std__box_1.0,296,success,success,,0.13689503490438276,0.0
trajectory_std__box_1.0,297,success,success,,0.29756168954715084,0.0
trajectory_std__box_1.0,298,success,success,,0.2835556801967009,0.0
trajectory_std__box_1.0,299,success,success,,0.6966430471146672,0.0
trajectory_std__box_1.0,300,success,success,,0.44624872097400003,0.0
trajectory_std__box_1.0,301,success,success,,0.6955177544454904,0.0
trajectory_std__box_1.0,302,success,success,,0.4836811416120911,0.0
trajectory_std__box_1.0,303,success,success,,0.46248619521510137,0.0
trajectory_std__box_1.0,304,success,success,,0.15586073422396832,0.0
trajectory_std__box_1.0,305,success,success,,0.6506589853809499,0.0
trajectory_std__box_1.0,306,success,success,,0.4744458015244126,0.0
trajectory_std__box_1.0,307,success,success,,0.46238073342890534,0.0
trajectory_std__box_1.0,308,success,success,,0.7262498115866786,0.0
trajectory_std__box_1.0,309,success,success,,0.6102100192616566,0.0
trajectory_std__box_1.0,310,success,success,,0.8255161235199473,0.0
trajectory_std__box_1.0,311,success,success,,0.7028514421560759,0.0
trajectory_std__box_1.0,312,success,success,,0.18524360545761287,0.0
trajectory_std__box_1.0,313,success,success,,0.5112962606693678,0.0
trajectory_std__box_1.0,314,success,success,,0.4291459121016453,0.0
trajectory_std__box_1.0,315,success,success,,0.6948734108635811,0.0
trajectory_std__box_1.0,316,success,success,,0.5992621176509241,0.0
trajectory_std__box_1.0,317,success,success,,0.5933178472014217,0.0
trajectory_std__box_1.0,318,success,success,,0.5255329900545255,0.0
trajectory_std__box_1.0,319,success,success,,0.19327199332592349,0.0
trajectory_std__box_1.0,320,success,success,,0.6327017737364935,0.0
trajectory_std__box_1.0,321,success,success,,0.6169260788953843,0.0
trajectory_std__box_1.0,322,success,success,,0.33082814829267415,0.0
trajectory_std__box_1.0,323,success,success,,0.07799621774852888,0.0
trajectory_std__box_1.0,324,success,success,,0.6580637402248819,0.0
trajectory_std__box_1.0,325,success,success,,0.42299512138932144,0.0
trajectory_std__box_1.0,326,success,success,,0.33726884354403175,0.0
trajectory_std__box_1.0,327,success,success,,0.6024499203166577,0.0
trajectory_std__box_1.0,328,success,success,,0.7484416188074495,0.0
trajectory_std__box_1.0,329,success,success,,0.6439462506943452,0.0
trajectory_std__box_1.0,330,success,success,,0.31938968535943013,0.0
trajectory_std__box_1.0,331,success,success,,0.5312469216057955,0.0
trajectory_std__box_1.0,332,success,success,,0.34366577733429354,0.0
trajectory_std__box_1.0,333,success,success,,0.6662893220128887,0.0
trajectory_std__box_1.0,334,success,success,,0.7519182156357191,0.0
trajectory_std__box_1.0,335,success,success,,0.5599073696223906,0.0
trajectory_std__box_1.0,336,success,success,,0.1829449190146158,0.0
trajectory_std__box_1.0,337,success,success,,0.7493341770905981,0.0
trajectory_std__box_1.0,338,success,success,,0.10297706437036487,0.0
trajectory_std__box_1.0,339,success,success,,0.43465274476827537,0.0
trajectory_std__box_1.0,340,success,success,,0.6919756790196008,0.0
trajectory_std__box_1.0,341,success,success,,0.16326520713815795,0.0
trajectory_std__box_1.0,342,success,success,,0.5462520067599087,0.0
trajectory_std__box_1.0,343,success,success,,0.595554109933378,0.0
trajectory_std__box_1.0,344,success,success,,0.6062313830527857,0.0
trajectory_std__box_1.0,345,success,success,,0.4755904127558605,0.0
trajectory_std__box_1.0,346,success,success,,0.650968660304166,0.0
trajectory_std__box_1.0,347,success,success,,0.4080843052022801,0.0
trajectory_std__box_1.0,348,success,success,,0.6062178449931185,0.0
trajectory_std__box_1.0,349,success,success,,0.3870012076657372,0.0
trajectory_std__box_1.0,350,success,success,,0.5776809693862227,0.0
trajectory_std__box_1.0,351,success,success,,0.6352300380451302,0.0
trajectory_std__box_1.0,352,success,success,,0.5336022307468652,0.0
trajectory_std__box_1.0,353,success,success,,0.27708017225194903,0.0
trajectory_std__box_1.0,354,success,success,,0.29800851830372044,0.0
trajectory_std__box_1.0,355,success,success,,0.5883290617758384,0.0
trajectory_std__box_1.0,356,success,success,,0.7342036285430886,0.0
trajectory_std__box_1.0,357,success,success,,0.4209434993776141,0.0
trajectory_std__box_1.0,358,success,success,,0.7677752569326372,0.0
trajectory_std__box_1.0,359,success,success,,0.18432584816329306,0.0
trajectory_std__box_1.0,360,success,success,,0.7097359451129497,0.0
trajectory_std__box_1.0,361,success,success,,0.6840168256831041,0.0
trajectory_std__box_1.0,362,success,success,,0.6080049722883591,0.0
trajectory_std__box_1.0,363,success,success,,0.7931815466908413,0.0
trajectory_std__box_1.0,364,success,success,,0.5974522862513707,0.0
trajectory_std__box_1.0,365,success,success,,0.6095478741188662,0.0
trajectory_std__box_1.0,366,success,success,,0.5371827841703882,0.0
trajectory_std__box_1.0,367,success,success,,0.5662368390609593,0.0
trajectory_std__box_1.0,368,success,success,,0.2736004837022535,0.0
trajectory_std__box_1.0,369,success,success,,0.5919379586539981,0.0
trajectory_std__box_1.0,370,success,success,,0.6216647701135248,0.0
trajectory_std__box_1.0,371,success,success,,0.07119766546696894,0.0
trajectory_std__box_1.0,372,success,success,,0.1352574114616641,0.0
trajectory_std__box_1.0,373,success,success,,0.315715427951211,0.0
trajectory_std__box_1.0,374,success,success,,0.4976883120498874,0.0
trajectory_std__box_1.0,375,success,success,,0.6885916042289247,0.0
trajectory_std__box_1.0,376,success,success,,0.7781906143069868,0.0
trajectory_std__box_1.0,377,success,success,,0.27258489099177485,0.0
trajectory_std__box_1.0,378,success,success,,0.3451718143784088,0.0
trajectory_std__box_1.0,379,success,success,,0.7210894271102902,0.0
trajectory_std__box_1.0,380,success,success,,0.6899103197735554,0.0
trajectory_std__box_1.0,381,success,success,,0.5022022369433312,0.0
trajectory_std__box_1.0,382,success,success,,0.4395103338264249,0.0
trajectory_std__box_1.0,383,success,success,,0.5906742400342382,0.0
trajectory_std__box_1.0,384,success,success,,0.6637608030279941,0.0
trajectory_std__box_1.0,385,success,success,,0.6870224949810818,0.0
trajectory_std__box_1.0,386,success,success,,0.3407969347546908,0.0
trajectory_std__box_1.0,387,success,success,,0.06775180320991635,0.0
trajectory_std__box_1.0,388,success,success,,0.6424016274699904,0.0
trajectory_std__box_1.0,389,success,success,,0.46445028778989156,0.0
trajectory_std__box_1.0,390,success,success,,0.1065481733521275,0.0
trajectory_std__box_1.0,391,success,success,,0.6714315902769453,0.0
trajectory_std__box_1.0,392,success,success,,0.40345794126526446,0.0
trajectory_std__box_1.0,393,success,success,,0.6912062289360256,0.0
trajectory_std__box_1.0,394,success,success,,0.4458440614106153,0.0
trajectory_std__box_1.0,395,success,success,,0.5847117409784325,0.0
trajectory_std__box_1.0,396,success,success,,0.7686826039878409,0.0
trajectory_std__box_1.0,397,success,success,,0.6559954807226362,0.0
trajectory_std__box_1.0,398,success,success,,0.2917395192041706,0.0
trajectory_std__box_1.0,399,success,success,,0.37902034125004325,0.0
trajectory_std__box_1.0,400,success,success,,0.3896383046765167,0.0
trajectory_std__box_1.0,401,success,success,,0.4277160999745193,0.0
trajectory_std__box_1.0,402,success,success,,0.790248140667067,0.0
trajectory_std__box_1.0,403,success,success,,0.6489513459094061,0.0
trajectory_std__box_1.0,404,success,success,,0.7338092536977711,0.0
trajectory_std__box_1.0,405,success,success,,0.6169726729956087,0.0
trajectory_std__box_1.0,406,success,success,,0.6327658161509311,0.0
trajectory_std__box_1.0,407,success,success,,0.6908013217407347,0.0
trajectory_std__box_1.0,408,success,success,,0.6330843602327729,0.0
trajectory_std__box_1.0,409,success,success,,0.2831869217827,0.0
trajectory_std__box_1.0,410,success,success,,0.3891164461229971,0.0
trajectory_std__box_1.0,411,success,success,,0.6280030097277837,0.0
trajectory_std__box_1.0,412,success,success,,0.7612283801616468,0.0
trajectory_std__box_1.0,413,success,success,,0.7110887001755302,0.0
trajectory_std__box_1.0,414,success,success,,0.7097060356693088,0.0
trajectory_std__box_1.0,415,success,success,,0.2502236200755757,0.0
trajectory_std__box_1.0,416,success,success,,0.7006329776848359,0.0
trajectory_std__box_1.0,417,success,success,,0.27838588970002554,0.0
trajectory_std__box_1.0,418,success,success,,0.630952450166965,0.0
trajectory_std__box_1.0,419,success,success,,0.44962238045187547,0.0
trajectory_std__box_1.0,420,success,success,,0.22796422214777584,0.0
trajectory_std__box_1.0,421,success,success,,0.7038236952473701,0.0
trajectory_std__box_1.0,422,success,success,,0.755708489391734,0.0
trajectory_std__box_1.0,423,success,success,,0.7481633178394598,0.0
trajectory_std__box_1.0,424,success,success,,0.07600861402981676,0.0
trajectory_std__box_1.0,425,success,success,,0.6702661337457061,0.0
trajectory_std__box_1.0,426,success,success,,0.5728991492654694,0.0
trajectory_std__box_1.0,427,success,success,,0.641788099647516,0.0
trajectory_std__box_1.0,428,success,success,,0.2205273501944765,0.0
trajectory_std__box_1.0,429,success,success,,0.38232794510619295,0.0
trajectory_std__box_1.0,430,success,success,,0.2554873378985586,0.0
trajectory_std__box_1.0,431,success,success,,0.7817007441862309,0.0
trajectory_std__box_1.0,432,success,success,,0.2320806891265707,0.0
trajectory_std__box_1.0,433,success,success,,0.22456102688668217,0.0
trajectory_std__box_1.0,434,success,success,,0.3877635617380094,0.0
trajectory_std__box_1.0,435,success,success,,0.49018915516860817,0.0
trajectory_std__box_1.0,436,success,success,,0.5420229021362121,0.0
trajectory_std__box_1.0,437,success,success,,0.33233074211862135,0.0
trajectory_std__box_1.0,438,success,success,,0.2737380845873722,0.0
trajectory_std__box_1.0,439,success,success,,0.0825992753419898,0.0
trajectory_std__box_1.0,440,success,success,,0.577664311107045,0.0
trajectory_std__box_1.0,441,success,success,,0.5323612490572016,0.0
trajectory_std__box_1.0,442,success,success,,0.666585782342574,0.0
trajectory_std__box_1.0,443,success,success,,0.04631263047916519,0.0
trajectory_std__box_1.0,444,success,success,,0.5572984241043348,0.0
trajectory_std__box_1.0,445,success,success,,0.5611708676958229,0.0
trajectory_std__box_1.0,446,success,success,,0.30674795012863365,0.0
trajectory_std__box_1.0,447,success,success,,0.675155516732807,0.0
trajectory_std__box_1.0,448,success,success,,0.3252856644025613,0.0
trajectory_std__box_1.0,449,success,success,,0.6397137457210701,0.0
trajectory_std__box_1.0,450,success,success,,0.3913170685516554,0.0
trajectory_std__box_1.0,451,success,success,,0.38441526144914623,0.0
trajectory_std__box_1.0,452,success,success,,0.5174984986689174,0.0
trajectory_std__box_1.0,453,success,success,,0.6395785459054482,0.0
trajectory_std__box_1.0,454,success,success,,0.6590069726349265,0.0
trajectory_std__box_1.0,455,success,success,,0.5597479290677996,0.0
trajectory_std__box_1.0,456,success,success,,0.8306816213919671,0.0
trajectory_std__box_1.0,457,success,success,,0.5765147028005856,0.0
trajectory_std__box_1.0,458,success,success,,0.6401246372205056,0.0
trajectory_std__box_1.0,459,success,success,,0.46986187445171496,0.0
trajectory_std__box_1.0,460,success,success,,0.6970326579093096,0.0
trajectory_std__box_1.0,461,success,success,,0.5201199789898623,0.0
trajectory_std__box_1.0,462,success,success,,0.2437105643208728,0.0
trajectory_std__box_1.0,463,success,success,,0.08293391216271453,0.0
trajectory_std__box_1.0,464,success,success,,0.7634199030650496,0.0
trajectory_std__box_1.0,465,success,success,,0.6582388722650964,0.0
trajectory_std__box_1.0,466,success,success,,0.7046927887300889,0.0
trajectory_std__box_1.0,467,success,success,,0.3361691223532667,0.0
trajectory_std__box_1.0,468,success,success,,0.37038040813906126,0.0
trajectory_std__box_1.0,469,success,success,,0.6372626562073194,0.0
trajectory_std__box_1.0,470,success,success,,0.7700529419288911,0.0
trajectory_std__box_1.0,471,success,success,,0.3878818213594875,0.0
trajectory_std__box_1.0,472,success,success,,0.2581939244961312,0.0
trajectory_std__box_1.0,473,success,success,,0.7405250770913268,0.0
trajectory_std__box_1.0,474,success,success,,0.5702324473427525,0.0
trajectory_std__box_1.0,475,success,success,,0.5530285245777762,0.0
trajectory_std__box_1.0,476,success,success,,0.7205872403901852,0.0
trajectory_std__box_1.0,477,success,success,,0.5627461190304093,0.0
trajectory_std__box_1.0,478,success,success,,0.7787075883230075,0.0
trajectory_std__box_1.0,479,success,success,,0.11292902466713851,0.0
trajectory_std__box_1.0,480,success,success,,0.5969575093987128,0.0
trajectory_std__box_1.0,481,success,success,,0.5074217007236334,0.0
trajectory_std__box_1.0,482,success,success,,0.511168672009607,0.0
trajectory_std__box_1.0,483,success,success,,0.7066117851373681,0.0
trajectory_std__box_1.0,484,success,success,,0.5447431234548402,0.0
trajectory_std__box_1.0,485,success,success,,0.6481191186147773,0.0
trajectory_std__box_1.0,486,success,success,,0.49806239516476036,0.0
trajectory_std__box_1.0,487,success,success,,0.671304332045969,0.0
trajectory_std__box_1.0,488,success,success,,0.6469527333148755,0.0
trajectory_std__box_1.0,489,success,success,,0.6971563607884954,0.0
trajectory_std__box_1.0,490,success,success,,0.6168961707421676,0.0
trajectory_std__box_1.0,491,success,success,,0.14076144214805641,0.0
trajectory_std__box_1.0,492,success,success,,0.4122601165243541,0.0
trajectory_std__box_1.0,493,success,success,,0.6949718294804922,0.0
trajectory_std__box_1.0,494,success,success,,0.49313323562607414,0.0
trajectory_std__box_1.0,495,success,success,,0.24269740564214523,0.0
trajectory_std__box_1.0,496,success,success,,0.4429246967459407,0.0
trajectory_std__box_1.0,497,success,success,,0.6418921602378737,0.0
trajectory_std__box_1.0,498,success,success,,0.08691903718283558,0.0
trajectory_std__box_1.0,499,success,success,,0.5884357881191209,0.0
trajectory_std__box_1.0,500,success,success,,0.6958757185958377,0.0
trajectory_std__box_1.0,501,success,success,,0.6982043378764702,0.0
trajectory_std__box_1.0,502,success,success,,0.5510220012448057,0.0
trajectory_std__box_1.0,503,success,success,,0.5322624691403441,0.0
trajectory_std__box_1.0,504,success,success,,0.7090380535462882,0.0
trajectory_std__box_1.0,505,success,success,,0.7174013486929663,0.0
trajectory_std__box_1.0,506,success,success,,0.6098602372587966,0.0
trajectory_std__box_1.0,507,success,success,,0.5745035565943165,0.0
trajectory_std__box_1.0,508,success,success,,0.6307495178107649,0.0
trajectory_std__box_1.0,509,success,success,,0.7690940891314039,0.0
trajectory_std__box_1.0,510,success,success,,0.31978295099934967,0.0
trajectory_std__box_1.0,511,success,success,,0.5323395984634327,0.0
trajectory_std__box_1.0,512,success,success,,0.5903379220721784,0.0
trajectory_std__box_1.0,513,success,success,,0.47499858355734537,0.0
trajectory_std__box_1.0,514,success,success,,0.32164888323083335,0.0
trajectory_std__box_1.0,515,success,success,,0.6138283982353534,0.0
trajectory_std__box_1.0,516,success,success,,0.49709735590898463,0.0
trajectory_std__box_1.0,517,success,success,,0.15447337030500766,0.0
trajectory_std__box_1.0,518,success,success,,0.049599644108007844,0.0
trajectory_std__box_1.0,519,success,success,,0.7671737046313963,0.0
trajectory_std__box_1.0,520,success,success,,0.5886721709335404,0.0
trajectory_std__box_1.0,521,success,success,,0.6993412137456838,0.0
trajectory_std__box_1.0,522,success,success,,0.828284999216065,0.0
trajectory_std__box_1.0,523,success,success,,0.6498795553388943,0.0
trajectory_std__box_1.0,524,success,success,,0.5111943983861982,0.0
trajectory_std__box_1.0,525,success,success,,0.5934320934341488,0.0
trajectory_std__box_1.0,526,success,success,,0.6630909196550576,0.0
trajectory_std__box_1.0,527,success,success,,0.8098589009462114,0.0
trajectory_std__box_1.0,528,success,success,,0.6518643125178144,0.0
trajectory_std__box_1.0,529,success,success,,0.6946997718319424,0.0
trajectory_std__box_1.0,530,success,success,,0.5187217554119077,0.0
trajectory_std__box_1.0,531,success,success,,0.7551592941454,0.0
trajectory_std__box_1.0,532,success,success,,0.3368619959568476,0.0
trajectory_std__box_1.0,533,success,success,,0.5440097579418839,0.0
trajectory_std__box_1.0,534,success,success,,0.10705227642138074,0.0
trajectory_std__box_1.0,535,success,success,,0.5038149998392438,0.0
trajectory_std__box_1.0,536,success,success,,0.5585191441454909,0.0
trajectory_std__box_1.0,537,success,success,,0.6859663410922745,0.0
trajectory_std__box_1.0,538,success,success,,0.5254671074386579,0.0
trajectory_std__box_1.0,539,success,success,,0.6506306037383788,0.0
trajectory_std__box_1.0,540,success,success,,0.7061294667964302,0.0
trajectory_std__box_1.0,541,success,success,,0.629980143383171,0.0
trajectory_std__box_1.0,542,success,success,,0.6609993459892494,0.0
trajectory_std__box_1.0,543,success,success,,0.5769496238503735,0.0
trajectory_std__box_1.0,544,success,success,,0.2841591342910271,0.0
trajectory_std__box_1.0,545,success,success,,0.7267931044712221,0.0
trajectory_std__box_1.0,546,success,success,,0.6422318440722263,0.0
trajectory_std__box_1.0,547,success,success,,0.17875587908467108,0.0
trajectory_std__box_1.0,548,success,success,,0.08644524580126561,0.0
trajectory_std__box_1.0,549,success,success,,0.5086658803230159,0.0
trajectory_std__box_1.0,550,success,success,,0.40890392713481344,0.0
trajectory_std__box_1.0,551,success,success,,0.6535096075364388,0.0
trajectory_std__box_1.0,552,success,success,,0.7510730274040947,0.0
trajectory_std__box_1.0,553,success,success,,0.7708547233209213,0.0
trajectory_std__box_1.0,554,success,success,,0.4255267233363954,0.0
trajectory_std__box_1.0,555,success,success,,0.742723711403845,0.0
trajectory_std__box_1.0,556,success,success,,0.5695014116560689,0.0
trajectory_std__box_1.0,557,success,success,,0.3179905540830175,0.0
trajectory_std__box_1.0,558,success,success,,0.32395881565877305,0.0
trajectory_std__box_1.0,559,success,success,,0.20324632498438772,0.0
trajectory_std__box_1.0,560,success,success,,0.5500850147868281,0.0
trajectory_std__box_1.0,561,success,success,,0.4590328704827926,0.0
trajectory_std__box_1.0,562,success,success,,0.5641551680259715,0.0
trajectory_std__box_1.0,563,success,success,,0.4786805368059729,0.0
trajectory_std__box_1.0,564,success,success,,0.44771478559925315,0.0
trajectory_std__box_1.0,565,success,success,,0.5190053822340353,0.0
trajectory_std__box_1.0,566,success,success,,0.40001202448266165,0.0
trajectory_std__box_1.0,567,success,success,,0.5978571796621311,0.0
trajectory_std__box_1.0,568,success,success,,0.7739528411360439,0.0
trajectory_std__box_1.0,569,success,success,,0.7187555724623242,0.0
trajectory_std__box_1.0,570,success,success,,0.2325293498587167,0.0
trajectory_std__box_1.0,571,success,success,,0.7640339491064624,0.0
trajectory_std__box_1.0,572,success,success,,0.40243036352399286,0.0
trajectory_std__box_1.0,573,success,success,,0.48560946663284255,0.0
trajectory_std__box_1.0,574,success,success,,0.6963445681218565,0.0
trajectory_std__box_1.0,575,success,success,,0.524431285645596,0.0
trajectory_std__box_1.0,576,success,success,,0.43857277967325076,0.0
trajectory_std__box_1.0,577,success,success,,0.5713964873007527,0.0
trajectory_std__box_1.0,578,success,success,,0.38876690910271294,0.0
trajectory_std__box_1.0,579,success,success,,0.768621704676806,0.0
trajectory_std__box_1.0,580,success,success,,0.28061763491306424,0.0
trajectory_std__box_1.0,581,success,success,,0.49953571526262386,0.0
trajectory_std__box_1.0,582,success,success,,0.7231126992808731,0.0
trajectory_std__box_1.0,583,success,success,,0.4551195722320286,0.0
trajectory_std__box_1.0,584,success,success,,0.7929822385458769,0.0
trajectory_std__box_1.0,585,success,success,,0.2781957573849802,0.0
trajectory_std__box_1.0,586,success,success,,0.5602224303949865,0.0
trajectory_std__box_1.0,587,success,success,,0.2492676635755883,0.0
trajectory_std__box_1.0,588,success,success,,0.7288595575972832,0.0
trajectory_std__box_1.0,589,success,success,,0.25464529531103774,0.0
trajectory_std__box_1.0,590,success,success,,0.3288098702200339,0.0
trajectory_std__box_1.0,591,success,success,,0.6427618802097307,0.0
trajectory_std__box_1.0,592,success,success,,0.7834564261001726,0.0
trajectory_std__box_1.0,593,success,success,,0.21532319058090987,0.0
trajectory_std__box_1.0,594,success,success,,0.7258217311248789,0.0
trajectory_std__box_1.0,595,success,success,,0.636825663796174,0.0
trajectory_std__box_1.0,596,success,success,,0.4665580293327901,0.0
trajectory_std__box_1.0,597,success,success,,0.39307269490963576,0.0
trajectory_std__box_1.0,598,success,success,,0.3510583509849673,0.0
trajectory_std__box_1.0,599,success,success,,0.20727181579494924,0.0
trajectory_std__box_1.0,600,success,success,,0.6327155913385883,0.0
trajectory_std__box_1.0,601,success,success,,0.18706945185065335,0.0
trajectory_std__box_1.0,602,success,success,,0.3098699380483887,0.0
trajectory_std__box_1.0,603,success,success,,0.595303898634918,0.0
trajectory_std__box_1.0,604,success,success,,0.20170302054068676,0.0
trajectory_std__box_1.0,605,success,success,,0.4711136499271451,0.0
trajectory_std__box_1.0,606,success,success,,0.5821866432609946,0.0
trajectory_std__box_1.0,607,success,success,,0.43568144015226473,0.0
trajectory_std__box_1.0,608,success,success,,0.8085896782991933,0.0
trajectory_std__box_1.0,609,success,success,,0.47633681771761915,0.0
trajectory_std__box_1.0,610,success,success,,0.5143302159760316,0.0
trajectory_std__box_1.0,611,success,success,,0.8206881810154738,0.0
trajectory_std__box_1.0,612,success,success,,0.484464387301179,0.0
trajectory_std__box_1.0,613,success,success,,0.46216812155133163,0.0
trajectory_std__box_1.0,614,success,success,,0.5340616920866715,0.0
trajectory_std__box_1.0,615,success,success,,0.4152474540440175,0.0
trajectory_std__box_1.0,616,success,success,,0.2509138051537448,0.0
trajectory_std__box_1.0,617,success,success,,0.08093799349564151,0.0
trajectory_std__box_1.0,618,success,success,,0.5038405319696645,0.0
trajectory_std__box_1.0,619,success,success,,0.759030360616413,0.0
trajectory_std__box_1.0,620,success,success,,0.5939806919310008,0.0
trajectory_std__box_1.0,621,success,success,,0.665434949157379,0.0
trajectory_std__box_1.0,622,success,success,,0.4650357931178778,0.0
trajectory_std__box_1.0,623,success,success,,0.6241549016296096,0.0
trajectory_std__box_1.0,624,success,success,,0.7322094350542279,0.0
trajectory_std__box_1.0,625,success,success,,0.7012138333178864,0.0
trajectory_std__box_1.0,626,success,success,,0.7266716072123511,0.0
trajectory_std__box_1.0,627,success,success,,0.7433414674428861,0.0
trajectory_std__box_1.0,628,success,success,,0.6094370069474417,0.0
trajectory_std__box_1.0,629,success,success,,0.5087256417034172,0.0
trajectory_std__box_1.0,630,success,success,,0.7842166554138847,0.0
trajectory_std__box_1.0,631,success,success,,0.5762351540546808,0.0
trajectory_std__box_1.0,632,success,success,,0.7430913183794134,0.0
trajectory_std__box_1.0,633,success,success,,0.28187098904643426,0.0
trajectory_std__box_1.0,634,success,success,,0.6524746990115011,0.0
trajectory_std__box_1.0,635,success,success,,0.5502693879041722,0.0
trajectory_std__box_1.0,636,success,success,,0.7411880766851113,0.0
trajectory_std__box_1.0,637,success,success,,0.5944490311496408,0.0
trajectory_std__box_1.0,638,success,success,,0.37979795571177966,0.0
trajectory_std__box_1.0,639,success,success,,0.6666723640802444,0.0
trajectory_std__box_1.0,640,success,success,,0.5644756973667598,0.0
trajectory_std__box_1.0,641,success,success,,0.4876880477310662,0.0
trajectory_std__box_1.0,642,success,success,,0.628265687793361,0.0
trajectory_std__box_1.0,643,success,success,,0.5814997187769572,0.0
trajectory_std__box_1.0,644,success,success,,0.2909484028555034,0.0
trajectory_std__box_1.0,645,success,success,,0.5223369414376792,0.0
trajectory_std__box_1.0,646,success,success,,0.5490010883848638,0.0
trajectory_std__box_1.0,647,success,success,,0.5628323769467163,0.0
trajectory_std__box_1.0,648,success,success,,0.6574295422653238,0.0
trajectory_std__box_1.0,649,success,success,,0.8159268794374355,0.0
trajectory_std__box_1.0,650,success,success,,0.1393076196800918,0.0
trajectory_std__box_1.0,651,success,success,,0.5356689890975663,0.0
trajectory_std__box_1.0,652,success,success,,0.5298791308976093,0.0
trajectory_std__box_1.0,653,success,success,,0.7588930810683128,0.0
trajectory_std__box_1.0,654,success,success,,0.7477856037904024,0.0
trajectory_std__box_1.0,655,success,success,,0.5987196604584142,0.0
trajectory_std__box_1.0,656,success,success,,0.6744657513741971,0.0
trajectory_std__box_1.0,657,success,success,,0.1655866726502627,0.0
trajectory_std__box_1.0,658,success,success,,0.7796919514852261,0.0
trajectory_std__box_1.0,659,success,success,,0.5008772292734543,0.0
trajectory_std__box_1.0,660,success,success,,0.5253696554018827,0.0
trajectory_std__box_1.0,661,success,success,,0.2307194746724635,0.0
trajectory_std__box_1.0,662,success,success,,0.7525586358503731,0.0
trajectory_std__box_1.0,663,success,success,,0.691419980225162,0.0
trajectory_std__box_1.0,664,success,success,,0.2106936490128606,0.0
trajectory_std__box_1.0,665,success,success,,0.492343712453268,0.0
trajectory_std__box_1.0,666,success,success,,0.724982901715614,0.0
trajectory_std__box_1.0,667,success,success,,0.7341867367554844,0.0
trajectory_std__box_1.0,668,success,success,,0.651812124328949,0.0
trajectory_std__box_1.0,669,success,success,,0.47905995192810236,0.0
trajectory_std__box_1.0,670,success,success,,0.705458590388319,0.0
trajectory_std__box_1.0,671,success,success,,0.807087671834839,0.0
trajectory_std__box_1.0,672,success,success,,0.3667233909792296,0.0
trajectory_std__box_1.0,673,success,success,,0.20723821543402918,0.0
trajectory_std__box_1.0,674,success,success,,0.7076443291059026,0.0
trajectory_std__box_1.0,675,success,success,,0.5259439000984926,0.0
trajectory_std__box_1.0,676,success,success,,0.4741086420915575,0.0
trajectory_std__box_1.0,677,success,success,,0.5103562787686207,0.0
trajectory_std__box_1.0,678,success,success,,0.5243989747513955,0.0
trajectory_std__box_1.0,679,success,success,,0.5359330608320615,0.0
trajectory_std__box_1.0,680,success,success,,0.7716910636593839,0.0
trajectory_std__box_1.0,681,success,success,,0.05658400306846575,0.0
trajectory_std__box_1.0,682,success,success,,0.7510361947275384,0.0
trajectory_std__box_1.0,683,success,success,,0.7313276304804809,0.0
trajectory_std__box_1.0,684,success,success,,0.6702351318579111,0.0
trajectory_std__box_1.0,685,success,success,,0.7568321151051036,0.0
trajectory_std__box_1.0,686,success,success,,0.6394562505355151,0.0
trajectory_std__box_1.0,687,success,success,,0.09802798487818892,0.0
trajectory_std__box_1.0,688,success,success,,0.12803822420716132,0.0
trajectory_std__box_1.0,689,success,success,,0.393008303589109,0.0
trajectory_std__box_1.0,690,success,success,,0.4978365924389817,0.0
trajectory_std__box_1.0,691,success,success,,0.5858295661437212,0.0
trajectory_std__box_1.0,692,success,success,,0.7097848118182398,0.0
trajectory_std__box_1.0,693,success,success,,0.7706043707738411,0.0
trajectory_std__box_1.0,694,success,success,,0.7885013650165368,0.0
trajectory_std__box_1.0,695,success,success,,0.36467462813812745,0.0
trajectory_std__box_1.0,696,success,success,,0.49520596815248397,0.0
trajectory_std__box_1.0,697,success,success,,0.5451846055224908,0.0
trajectory_std__box_1.0,698,success,success,,0.6390216702627813,0.0
trajectory_std__box_1.0,699,success,success,,0.6807494602759586,0.0
trajectory_std__box_1.0,700,success,success,,0.6943241557443081,0.0
trajectory_std__box_1.0,701,success,success,,0.1348980649200337,0.0
trajectory_std__box_1.0,702,success,success,,0.12326457480933906,0.0
trajectory_std__box_1.0,703,success,success,,0.5185687073570014,0.0
trajectory_std__box_1.0,704,success,success,,0.6803239685989472,0.0
trajectory_std__box_1.0,705,success,success,,0.5654448281414901,0.0
trajectory_std__box_1.0,706,success,success,,0.6410579353652641,0.0
trajectory_std__box_1.0,707,success,success,,0.5657244349187209,0.0
trajectory_std__box_1.0,708,success,success,,0.44831140266850195,0.0
trajectory_std__box_1.0,709,success,success,,0.19261915591124049,0.0
trajectory_std__box_1.0,710,success,success,,0.5887872044967557,0.0
trajectory_std__box_1.0,711,success,success,,0.6130768223466251,0.0
trajectory_std__box_1.0,712,success,success,,0.7655177233806378,0.0
trajectory_std__box_1.0,713,success,success,,0.6603039195773371,0.0
trajectory_std__box_1.0,714,success,success,,0.2704585168110408,0.0
trajectory_std__box_1.0,715,success,success,,0.7105984947590817,0.0
trajectory_std__box_1.0,716,success,success,,0.44000654725770916,0.0
trajectory_std__box_1.0,717,success,success,,0.4589130166958221,0.0
trajectory_std__box_1.0,718,success,success,,0.6176481244235947,0.0
trajectory_std__box_1.0,719,success,success,,0.7455595890909902,0.0
trajectory_std__box_1.0,720,success,success,,0.2676034544673305,0.0
trajectory_std__box_1.0,721,success,success,,0.41442626054488446,0.0
trajectory_std__box_1.0,722,success,success,,0.78364433387394,0.0
trajectory_std__box_1.0,723,success,success,,0.663672748822206,0.0
trajectory_std__box_1.0,724,success,success,,0.5470247222211676,0.0
trajectory_std__box_1.0,725,success,success,,0.7902794187525054,0.0
trajectory_std__box_1.0,726,success,success,,0.7663972893992691,0.0
trajectory_std__box_1.0,727,success,success,,0.3924449663682991,0.0
trajectory_std__box_1.0,728,success,success,,0.40107783747344644,0.0
trajectory_std__box_1.0,729,success,success,,0.7444314120274902,0.0
trajectory_std__box_1.0,730,success,success,,0.5947942352740193,0.0
trajectory_std__box_1.0,731,success,success,,0.3291900974841879,0.0
trajectory_std__box_1.0,732,success,success,,0.6660161088306988,0.0
trajectory_std__box_1.0,733,success,success,,0.783680579238103,0.0
trajectory_std__box_1.0,734,success,success,,0.7623232163789522,0.0
trajectory_std__box_1.0,735,success,success,,0.6375329533034144,0.0
trajectory_std__box_1.0,736,success,success,,0.8037457600579735,0.0
trajectory_std__box_1.0,737,success,success,,0.40059972273702327,0.0
trajectory_std__box_1.0,738,success,success,,0.5600494892202879,0.0
trajectory_std__box_1.0,739,success,success,,0.47310975648041087,0.0
trajectory_std__box_1.0,740,success,success,,0.6584202290210165,0.0
trajectory_std__box_1.0,741,success,success,,0.5175854584616555,0.0
trajectory_std__box_1.0,742,success,success,,0.6653971574698844,0.0
trajectory_std__box_1.0,743,success,success,,0.4380237477746389,0.0
trajectory_std__box_1.0,744,success,success,,0.32313195133189065,0.0
trajectory_std__box_1.0,745,success,success,,0.7356365665206004,0.0
trajectory_std__box_1.0,746,success,success,,0.6572200955981151,0.0
trajectory_std__box_1.0,747,success,success,,0.5532342448182248,0.0
trajectory_std__box_1.0,748,success,success,,0.7489033439422562,0.0
trajectory_std__box_1.0,749,success,success,,0.4411598848233483,0.0
trajectory_std__box_1.0,750,success,success,,0.7299607543231966,0.0
trajectory_std__box_1.0,751,success,success,,0.4006923329893509,0.0
trajectory_std__box_1.0,752,success,success,,0.5052550701943931,0.0
trajectory_std__box_1.0,753,success,success,,0.8011495495852524,0.0
trajectory_std__box_1.0,754,success,success,,0.380852264464451,0.0
trajectory_std__box_1.0,755,success,success,,0.10655374406398996,0.0
trajectory_std__box_1.0,756,success,success,,0.6581086504606363,0.0
trajectory_std__box_1.0,757,success,success,,0.3760642396165028,0.0
trajectory_std__box_1.0,758,success,success,,0.5443145094484217,0.0
trajectory_std__box_1.0,759,success,success,,0.6922341175733633,0.0
trajectory_std__box_1.0,760,success,success,,0.6468048253625536,0.0
trajectory_std__box_1.0,761,success,success,,0.5882979555225194,0.0
trajectory_std__box_1.0,762,success,success,,0.35051226919613976,0.0
trajectory_std__box_1.0,763,success,success,,0.29824766834009403,0.0
trajectory_std__box_1.0,764,success,success,,0.3476576503410778,0.0
trajectory_std__box_1.0,765,success,success,,0.7059722956395404,0.0
trajectory_std__box_1.0,766,success,success,,0.6866518475344787,0.0
trajectory_std__box_1.0,767,success,success,,0.7080120643019494,0.0
trajectory_std__box_1.0,768,success,success,,0.2304957363473206,0.0
trajectory_std__box_1.0,769,success,success,,0.15480979134138817,0.0
trajectory_std__box_1.0,770,success,success,,0.7509408468571898,0.0
trajectory_std__box_1.0,771,success,success,,0.323740083340808,0.0
trajectory_std__box_1.0,772,success,success,,0.7458163065203574,0.0
trajectory_std__box_1.0,773,success,success,,0.3863134163468044,0.0
trajectory_std__box_1.0,774,success,success,,0.6364140210274586,0.0
trajectory_std__box_1.0,775,success,success,,0.44778424128575267,0.0
trajectory_std__box_1.0,776,success,success,,0.6872677966002612,0.0
trajectory_std__box_1.0,777,success,success,,0.49643024018665427,0.0
trajectory_std__box_1.0,778,success,success,,0.137625116421766,0.0
trajectory_std__box_1.0,779,success,success,,0.6035121724506014,0.0
trajectory_std__box_1.0,780,success,success,,0.7743989115676336,0.0
trajectory_std__box_1.0,781,success,success,,0.75851522165319,0.0
trajectory_std__box_1.0,782,success,success,,0.7809392948780481,0.0
trajectory_std__box_1.0,783,success,success,,0.3443514197234132,0.0
trajectory_std__box_1.0,784,success,success,,0.1976164077657876,0.0
trajectory_std__box_1.0,785,success,success,,0.14738205982199207,0.0
trajectory_std__box_1.0,786,success,success,,0.608281928341307,0.0
trajectory_std__box_1.0,787,success,success,,0.5116839675372582,0.0
trajectory_std__box_1.0,788,success,success,,0.6329132891780411,0.0
trajectory_std__box_1.0,789,success,success,,0.6481167435764889,0.0
trajectory_std__box_1.0,790,success,success,,0.09554115146726995,0.0
trajectory_std__box_1.0,791,success,success,,0.6337187181557155,0.0
trajectory_std__box_1.0,792,success,success,,0.3589409206364058,0.0
trajectory_std__box_1.0,793,success,success,,0.1382316989908478,0.0
trajectory_std__box_1.0,794,success,success,,0.679435139333247,0.0
trajectory_std__box_1.0,795,success,success,,0.03143032833599151,0.0
trajectory_std__box_1.0,796,success,success,,0.8213088762996286,0.0
trajectory_std__box_1.0,797,success,success,,0.14566789083811688,0.0
trajectory_std__box_1.0,798,success,success,,0.47924392608562777,0.0
trajectory_std__box_1.0,799,success,success,,0.7900440710917813,0.0
trajectory_std__box_1.0,800,success,success,,0.5571809483858462,0.0
trajectory_std__box_1.0,801,success,success,,0.12469505868982206,0.0
trajectory_std__box_1.0,802,success,success,,0.6296448825440445,0.0
trajectory_std__box_1.0,803,success,success,,0.7467714542973493,0.0
trajectory_std__box_1.0,804,success,success,,0.7402325843470395,0.0
trajectory_std__box_1.0,805,success,success,,0.5757646021792523,0.0
trajectory_std__box_1.0,806,success,success,,0.2179285781395887,0.0
trajectory_std__box_1.0,807,success,success,,0.72005902950751,0.0
trajectory_std__box_1.0,808,success,success,,0.6584754423144475,0.0
trajectory_std__box_1.0,809,success,success,,0.4165262245847662,0.0
trajectory_std__box_1.0,810,success,success,,0.5705828583215129,0.0
trajectory_std__box_1.0,811,success,success,,0.3703503369335429,0.0
trajectory_std__box_1.0,812,success,success,,0.7958652006534772,0.0
trajectory_std__box_1.0,813,success,success,,0.14181281660965667,0.0
trajectory_std__box_1.0,814,success,success,,0.790613789078921,0.0
trajectory_std__box_1.0,815,success,success,,0.48741075320031746,0.0
trajectory_std__box_1.0,816,success,success,,0.5868666782451456,0.0
trajectory_std__box_1.0,817,success,success,,0.4322048693431927,0.0
trajectory_std__box_1.0,818,success,success,,0.29131760687526836,0.0
trajectory_std__box_1.0,819,success,success,,0.14311386890454156,0.0
trajectory_std__box_1.0,820,success,success,,0.4179021737376614,0.0
trajectory_std__box_1.0,821,success,success,,0.7908963763639829,0.0
trajectory_std__box_1.0,822,success,success,,0.19338216059613578,0.0
trajectory_std__box_1.0,823,success,success,,0.32191937862016473,0.0
trajectory_std__box_1.0,824,success,success,,0.5723591099120936,0.0
trajectory_std__box_1.0,825,success,success,,0.36089420036573644,0.0
trajectory_std__box_1.0,826,success,success,,0.7545207951418613,0.0
trajectory_std__box_1.0,827,success,success,,0.581254179556386,0.0
trajectory_std__box_1.0,828,success,success,,0.5604788746810448,0.0
trajectory_std__box_1.0,829,success,success,,0.1478352638148504,0.0
trajectory_std__box_1.0,830,success,success,,0.6337687753865167,0.0
trajectory_std__box_1.0,831,success,success,,0.5430023637869597,0.0
trajectory_std__box_1.0,832,success,success,,0.6500180896201975,0.0
trajectory_std__box_1.0,833,success,success,,0.7983726562050811,0.0
trajectory_std__box_1.0,834,success,success,,0.612253631390809,0.0
trajectory_std__box_1.0,835,success,success,,0.5668663266469095,0.0
trajectory_std__box_1.0,836,success,success,,0.4915935690365494,0.0
trajectory_std__box_1.0,837,success,success,,0.4894062513639765,0.0
trajectory_std__box_1.0,838,success,success,,0.35793403136713453,0.0
trajectory_std__box_1.0,839,success,success,,0.6534030749334014,0.0
trajectory_std__box_1.0,840,success,success,,0.7835819748774071,0.0
trajectory_std__box_1.0,841,success,success,,0.5952624225994384,0.0
trajectory_std__box_1.0,842,success,success,,0.6772747813816558,0.0
trajectory_std__box_1.0,843,success,success,,0.7825755028520178,0.0
trajectory_std__box_1.0,844,success,success,,0.484409988827393,0.0
trajectory_std__box_1.0,845,success,success,,0.22967960284143962,0.0
trajectory_std__box_1.0,846,success,success,,0.25047622137649184,0.0
trajectory_std__box_1.0,847,success,success,,0.4204443589040177,0.0
trajectory_std__box_1.0,848,success,success,,0.6233168898246939,0.0
trajectory_std__box_1.0,849,success,success,,0.5913973172348592,0.0
trajectory_std__box_1.0,850,success,success,,0.5099079446325152,0.0
trajectory_std__box_1.0,851,success,success,,0.43231369011955045,0.0
trajectory_std__box_1.0,852,success,success,,0.6869208931570902,0.0
trajectory_std__box_1.0,853,success,success,,0.7854661073318348,0.0
trajectory_std__box_1.0,854,success,success,,0.6250455304684126,0.0
trajectory_std__box_1.0,855,success,success,,0.6373079949746758,0.0
trajectory_std__box_1.0,856,success,success,,0.48753054005744834,0.0
trajectory_std__box_1.0,857,success,success,,0.7392050691435006,0.0
trajectory_std__box_1.0,858,success,success,,0.5233320310811203,0.0
trajectory_std__box_1.0,859,success,success,,0.712205209026477,0.0
trajectory_std__box_1.0,860,success,success,,0.7116750460255014,0.0
trajectory_std__box_1.0,861,success,success,,0.2317097574406039,0.0
trajectory_std__box_1.0,862,success,success,,0.6944100019248016,0.0
trajectory_std__box_1.0,863,success,success,,0.61438270456728,0.0
trajectory_std__box_1.0,864,success,success,,0.7287534523443701,0.0
trajectory_std__box_1.0,865,success,success,,0.6858011143334956,0.0
trajectory_std__box_1.0,866,success,success,,0.6340365400476234,0.0
trajectory_std__box_1.0,867,success,success,,0.7030237037285549,0.0
trajectory_std__box_1.0,868,success,success,,0.6066990472098938,0.0
trajectory_std__box_1.0,869,success,success,,0.6586337993118859,0.0
trajectory_std__box_1.0,870,success,success,,0.38125187063127075,0.0
trajectory_std__box_1.0,871,success,success,,0.4608982405390861,0.0
trajectory_std__box_1.0,872,success,success,,0.692978990741971,0.0
trajectory_std__box_1.0,873,success,success,,0.680089280280772,0.0
trajectory_std__box_1.0,874,success,success,,0.5953105086994196,0.0
trajectory_std__box_1.0,875,success,success,,0.7555222122166222,0.0
trajectory_std__box_1.0,876,success,success,,0.7778007944543286,0.0
trajectory_std__box_1.0,877,success,success,,0.8001805720544012,0.0
trajectory_std__box_1.0,878,success,success,,0.7027096384732991,0.0
trajectory_std__box_1.0,879,success,success,,0.5075991150440273,0.0
trajectory_std__box_1.0,880,success,success,,0.753727530062702,0.0
trajectory_std__box_1.0,881,success,success,,0.4178815790956652,0.0
trajectory_std__box_1.0,882,success,success,,0.6929998319359981,0.0
trajectory_std__box_1.0,883,success,success,,0.3413258732304985,0.0
trajectory_std__box_1.0,884,success,success,,0.787363972332988,0.0
trajectory_std__box_1.0,885,success,success,,0.4645567459353724,0.0
trajectory_std__box_1.0,886,success,success,,0.10822497954072428,0.0
trajectory_std__box_1.0,887,success,success,,0.39522012737071227,0.0
trajectory_std__box_1.0,888,success,success,,0.5887446673359003,0.0
trajectory_std__box_1.0,889,success,success,,0.411806381562729,0.0
trajectory_std__box_1.0,890,success,success,,0.4684948995704392,0.0
trajectory_std__box_1.0,891,success,success,,0.5487702838783689,0.0
trajectory_std__box_1.0,892,success,success,,0.6324184752020843,0.0
trajectory_std__box_1.0,893,success,success,,0.4976740937081212,0.0
trajectory_std__box_1.0,894,success,success,,0.13436070198659755,0.0
trajectory_std__box_1.0,895,success,success,,0.8147925810957051,0.0
trajectory_std__box_1.0,896,success,success,,0.6811157056388386,0.0
trajectory_std__box_1.0,897,success,success,,0.40590262182030107,0.0
trajectory_std__box_1.0,898,success,success,,0.6252293400947214,0.0
trajectory_std__box_1.0,899,success,success,,0.7233748754518308,0.0
trajectory_std__box_1.0,900,success,success,,0.3353211568366501,0.0
trajectory_std__box_1.0,901,success,success,,0.5806570456284265,0.0
trajectory_std__box_1.0,902,success,success,,0.36317579460531074,0.0
trajectory_std__box_1.0,903,success,success,,0.497449100359286,0.0
trajectory_std__box_1.0,904,success,success,,0.5556100523749231,0.0
trajectory_std__box_1.0,905,success,success,,0.5271369294704379,0.0
trajectory_std__box_1.0,906,success,success,,0.7701986966450756,0.0
trajectory_std__box_1.0,907,success,success,,0.7856808833395279,0.0
trajectory_std__box_1.0,908,success,success,,0.5343964511908753,0.0
trajectory_std__box_1.0,909,success,success,,0.7039857824179462,0.0
trajectory_std__box_1.0,910,success,success,,0.6417239058329639,0.0
trajectory_std__box_1.0,911,success,success,,0.676972939034729,0.0
trajectory_std__box_1.0,912,success,success,,0.7782643221601642,0.0
trajectory_std__box_1.0,913,success,success,,0.6030829521404324,0.0
trajectory_std__box_1.0,914,success,success,,0.6276192858598684,0.0
trajectory_std__box_1.0,915,success,success,,0.646485147518095,0.0
trajectory_std__box_1.0,916,success,success,,0.17689732625786142,0.0
trajectory_std__box_1.0,917,success,success,,0.750888333990211,0.0
trajectory_std__box_1.0,918,success,success,,0.5018015647558066,0.0
trajectory_std__box_1.0,919,success,success,,0.6456010924545182,0.0
trajectory_std__box_1.0,920,success,success,,0.43094291821394726,0.0
trajectory_std__box_1.0,921,success,success,,0.37664064589842045,0.0
trajectory_std__box_1.0,922,success,success,,0.7987357738053401,0.0
trajectory_std__box_1.0,923,success,success,,0.4467172389707249,0.0
trajectory_std__box_1.0,924,success,success,,0.4149428131650027,0.0
trajectory_std__box_1.0,925,success,success,,0.679482838251199,0.0
trajectory_std__box_1.0,926,success,success,,0.6623641456181697,0.0
trajectory_std__box_1.0,927,success,success,,0.5985697927642253,0.0
trajectory_std__box_1.0,928,success,success,,0.5745962627749953,0.0
trajectory_std__box_1.0,929,success,success,,0.16902675339761689,0.0
trajectory_std__box_1.0,930,success,success,,0.6412551300920821,0.0
trajectory_std__box_1.0,931,success,success,,0.2797766099310507,0.0
trajectory_std__box_1.0,932,success,success,,0.4860497028698596,0.0
trajectory_std__box_1.0,933,success,success,,0.7248665559137801,0.0
trajectory_std__box_1.0,934,success,success,,0.5003554516587271,0.0
trajectory_std__box_1.0,935,success,success,,0.5620408910642631,0.0
trajectory_std__box_1.0,936,success,success,,0.6717931792925209,0.0
trajectory_std__box_1.0,937,success,success,,0.5621262802504658,0.0
trajectory_std__box_1.0,938,success,success,,0.5807744721887529,0.0
trajectory_std__box_1.0,939,success,success,,0.6398425221184327,0.0
trajectory_std__box_1.0,940,success,success,,0.4980864118564843,0.0
trajectory_std__box_1.0,941,success,success,,0.5406724619206724,0.0
trajectory_std__box_1.0,942,success,success,,0.45697488049978263,0.0
trajectory_std__box_1.0,943,success,success,,0.79149716372014,0.0
trajectory_std__box_1.0,944,success,success,,0.6092454896895867,0.0
trajectory_std__box_1.0,945,success,success,,0.5124922890880279,0.0
trajectory_std__box_1.0,946,success,success,,0.33278748648074,0.0
trajectory_std__box_1.0,947,success,success,,0.7635023928537348,0.0
trajectory_std__box_1.0,948,success,success,,0.6010679401114086,0.0
trajectory_std__box_1.0,949,success,success,,0.623081649737513,0.0
trajectory_std__box_1.0,950,success,success,,0.5693354698439428,0.0
trajectory_std__box_1.0,951,success,success,,0.6676140865218464,0.0
trajectory_std__box_1.0,952,success,success,,0.7505887217564049,0.0
trajectory_std__box_1.0,953,success,success,,0.7089532289567909,0.0
trajectory_std__box_1.0,954,success,success,,0.8145357494371415,0.0
trajectory_std__box_1.0,955,success,success,,0.13884857783910387,0.0
trajectory_std__box_1.0,956,success,success,,0.5042031177276244,0.0
trajectory_std__box_1.0,957,success,success,,0.20677315129952276,0.0
trajectory_std__box_1.0,958,success,success,,0.7207051830167424,0.0
trajectory_std__box_1.0,959,success,success,,0.5282999690561567,0.0
trajectory_std__box_1.0,960,success,success,,0.6791851270292023,0.0
trajectory_std__box_1.0,961,success,success,,0.5537506008056504,0.0
trajectory_std__box_1.0,962,success,success,,0.7657979335709711,0.0
trajectory_std__box_1.0,963,success,success,,0.692649504515443,0.0
trajectory_std__box_1.0,964,success,success,,0.32088767444473104,0.0
trajectory_std__box_1.0,965,success,success,,0.6086324786965946,0.0
trajectory_std__box_1.0,966,success,success,,0.5871476233511809,0.0
trajectory_std__box_1.0,967,success,success,,0.26892324551184416,0.0
trajectory_std__box_1.0,968,success,success,,0.19922786355461403,0.0
trajectory_std__box_1.0,969,success,success,,0.23725823902987095,0.0
trajectory_std__box_1.0,970,success,success,,0.3235418962291339,0.0
trajectory_std__box_1.0,971,success,success,,0.3299210241498756,0.0
trajectory_std__box_1.0,972,success,success,,0.22022450544603955,0.0
trajectory_std__box_1.0,973,success,success,,0.535751829712131,0.0
trajectory_std__box_1.0,974,success,success,,0.48430468681803784,0.0
trajectory_std__box_1.0,975,success,success,,0.7660524059164198,0.0
trajectory_std__box_1.0,976,success,success,,0.5749173683401223,0.0
trajectory_std__box_1.0,977,success,success,,0.760704130790279,0.0
trajectory_std__box_1.0,978,success,success,,0.26399072311707755,0.0
trajectory_std__box_1.0,979,success,success,,0.3249104212480211,0.0
trajectory_std__box_1.0,980,success,success,,0.7914599279084178,0.0
trajectory_std__box_1.0,981,success,success,,0.2695150696033911,0.0
trajectory_std__box_1.0,982,success,success,,0.5861908056370996,0.0
trajectory_std__box_1.0,983,success,success,,0.21637232442451823,0.0
trajectory_std__box_1.0,984,success,success,,0.47134223250129126,0.0
trajectory_std__box_1.0,985,success,success,,0.5397501150467295,0.0
trajectory_std__box_1.0,986,success,success,,0.05129266578353193,0.0
trajectory_std__box_1.0,987,success,success,,0.7972639970448538,0.0
trajectory_std__box_1.0,988,success,success,,0.495895136366617,0.0
trajectory_std__box_1.0,989,success,success,,0.6728059425953257,0.0
trajectory_std__box_1.0,990,success,success,,0.3677574982076382,0.0
trajectory_std__box_1.0,991,success,success,,0.33060914171795397,0.0
trajectory_std__box_1.0,992,success,success,,0.08017109963896554,0.0
trajectory_std__box_1.0,993,success,success,,0.21664210933007272,0.0
trajectory_std__box_1.0,994,success,success,,0.29356144040607224,0.0
trajectory_std__box_1.0,995,success,success,,0.15899876566416918,0.0
trajectory_std__box_1.0,996,success,success,,0.4473329176380578,0.0
trajectory_std__box_1.0,997,success,success,,0.5219853260194419,0.0
trajectory_std__box_1.0,998,success,success,,0.5861063418836485,0.0
trajectory_std__box_1.0,999,success,success,,0.6693861603095969,0.0
trajectory_std__box_1.0,1000,success,success,,0.7027041251554116,0.0
trajectory_std__box_2.0,1,success,success,,0.2481960157468278,0.0
trajectory_std__box_2.0,2,success,success,,0.684342823196254,0.0
trajectory_std__box_2.0,3,success,success,,0.7422799967958196,0.0
trajectory_std__box_2.0,4,success,success,,0.6061095333136879,0.0
trajectory_std__box_2.0,5,success,success,,0.5261160491240959,0.0
trajectory_std__box_2.0,6,success,success,,0.719363128989086,0.0
trajectory_std__box_2.0,7,success,success,,0.40572419214151384,0.0
trajectory_std__box_2.0,8,success,success,,0.49510604549077186,0.0
trajectory_std__box_2.0,9,success,success,,0.5696499515435133,0.0
trajectory_std__box_2.0,10,success,success,,0.39163486948597037,0.0
trajectory_std__box_2.0,11,success,success,,0.6082034950161882,0.0
trajectory_std__box_2.0,12,success,success,,0.7959672096299775,0.0
trajectory_std__box_2.0,13,success,success,,0.15727110455800788,0.0
trajectory_std__box_2.0,14,success,success,,0.3612238927732253,0.0
trajectory_std__box_2.0,15,success,success,,0.4067732834118654,0.0
trajectory_std__box_2.0,16,success,success,,0.5832342984068281,0.0
trajectory_std__box_2.0,17,success,success,,0.4732687522729397,0.0
trajectory_std__box_2.0,18,success,success,,0.7016696859918758,0.0
trajectory_std__box_2.0,19,success,success,,0.700441188219052,0.0
trajectory_std__box_2.0,20,success,success,,0.802684945258067,0.0
trajectory_std__box_2.0,21,success,success,,0.38659951719403896,0.0
trajectory_std__box_2.0,22,success,success,,0.7982807717716411,0.0
trajectory_std__box_2.0,23,success,success,,0.5259627414260283,0.0
trajectory_std__box_2.0,24,success,success,,0.658192157305613,0.0
trajectory_std__box_2.0,25,success,success,,0.3881182909534223,0.0
trajectory_std__box_2.0,26,success,success,,0.6288439772998465,0.0
trajectory_std__box_2.0,27,success,success,,0.1590673141640081,0.0
trajectory_std__box_2.0,28,success,success,,0.4729728606060172,0.0
trajectory_std__box_2.0,29,success,success,,0.3518886274205119,0.0
trajectory_std__box_2.0,30,success,success,,0.46705002411862595,0.0
trajectory_std__box_2.0,31,success,success,,0.753771017034601,0.0
trajectory_std__box_2.0,32,success,success,,0.6441869755314363,0.0
trajectory_std__box_2.0,33,success,success,,0.6884972693627496,0.0
trajectory_std__box_2.0,34,success,success,,0.5922016468723618,0.0
trajectory_std__box_2.0,35,success,success,,0.7935107717937597,0.0
trajectory_std__box_2.0,36,success,success,,0.7805918929551685,0.0
trajectory_std__box_2.0,37,success,success,,0.6378114287968865,0.0
trajectory_std__box_2.0,38,success,success,,0.6812515430449945,0.0
trajectory_std__box_2.0,39,success,success,,0.3816831206615038,0.0
trajectory_std__box_2.0,40,success,success,,0.45501836348477365,0.0
trajectory_std__box_2.0,41,success,success,,0.2926146355675355,0.0
trajectory_std__box_2.0,42,success,success,,0.6680046237822109,0.0
trajectory_std__box_2.0,43,success,success,,0.5507547884191138,0.0
trajectory_std__box_2.0,44,success,success,,0.26682531772787715,0.0
trajectory_std__box_2.0,45,success,success,,0.43049445424046096,0.0
trajectory_std__box_2.0,46,success,success,,0.3607168082648684,0.0
trajectory_std__box_2.0,47,success,success,,0.6304893325347253,0.0
trajectory_std__box_2.0,48,success,success,,0.5438516663320822,0.0
trajectory_std__box_2.0,49,success,success,,0.6909724558921502,0.0
trajectory_std__box_2.0,50,success,success,,0.22573423548539567,0.0
trajectory_std__box_2.0,51,success,success,,0.3647015291676846,0.0
trajectory_std__box_2.0,52,success,success,,0.5787509472153192,0.0
trajectory_std__box_2.0,53,success,success,,0.19703784593497137,0.0
trajectory_std__box_2.0,54,success,success,,0.5752656132222299,0.0
trajectory_std__box_2.0,55,success,success,,0.6113654775715691,0.0
trajectory_std__box_2.0,56,success,success,,0.5487376033981168,0.0
trajectory_std__box_2.0,57,success,success,,0.796817108889518,0.0
trajectory_std__box_2.0,58,success,success,,0.6606407844747597,0.0
trajectory_std__box_2.0,59,success,success,,0.2159330651410576,0.0
trajectory_std__box_2.0,60,success,success,,0.6020198514238312,0.0
trajectory_std__box_2.0,61,success,success,,0.37767985904395485,0.0
trajectory_std__box_2.0,62,success,success,,0.2833920528346724,0.0
trajectory_std__box_2.0,63,success,success,,0.4452103446448483,0.0
trajectory_std__box_2.0,64,success,success,,0.5120616501279214,0.0
trajectory_std__box_2.0,65,success,success,,0.4508144151150226,0.0
trajectory_std__box_2.0,66,success,success,,0.6007034609542993,0.0
trajectory_std__box_2.0,67,success,success,,0.5037647928311456,0.0
trajectory_std__box_2.0,68,success,success,,0.5803873067406858,0.0
trajectory_std__box_2.0,69,success,success,,0.03374516776080983,0.0
trajectory_std__box_2.0,70,success,success,,0.49356463700127995,0.0
trajectory_std__box_2.0,71,success,success,,0.2711770973618403,0.0
trajectory_std__box_2.0,72,success,success,,0.5841573949148603,0.0
trajectory_std__box_2.0,73,success,success,,0.7033751453982757,0.0
trajectory_std__box_2.0,74,success,success,,0.5999402640917488,0.0
trajectory_std__box_2.0,75,success,success,,0.6301778030664893,0.0
trajectory_std__box_2.0,76,success,success,,0.647715907979066,0.0
trajectory_std__box_2.0,77,success,success,,0.6745082964878357,0.0
trajectory_std__box_2.0,78,success,success,,0.5610006062709659,0.0
trajectory_std__box_2.0,79,success,success,,0.7472484789808,0.0
trajectory_std__box_2.0,80,success,success,,0.7472055169856976,0.0
trajectory_std__box_2.0,81,success,success,,0.6223907088374917,0.0
trajectory_std__box_2.0,82,success,success,,0.5659359486083692,0.0
trajectory_std__box_2.0,83,success,success,,0.6325461096659111,0.0
trajectory_std__box_2.0,84,success,success,,0.42806224441038077,0.0
trajectory_std__box_2.0,85,success,success,,0.6759699327225679,0.0
trajectory_std__box_2.0,86,success,success,,0.5527645216338594,0.0
trajectory_std__box_2.0,87,success,success,,0.5692659568393794,0.0
trajectory_std__box_2.0,88,success,success,,0.6595290043311868,0.0
trajectory_std__box_2.0,89,success,success,,0.7241078359688603,0.0
trajectory_std__box_2.0,90,success,success,,0.14275633061927853,0.0
trajectory_std__box_2.0,91,success,success,,0.2669240504088727,0.0
trajectory_std__box_2.0,92,success,success,,0.02368388419892329,0.0
trajectory_std__box_2.0,93,success,success,,0.063470155184395,0.0
trajectory_std__box_2.0,94,success,success,,0.6326044668574388,0.0
trajectory_std__box_2.0,95,success,success,,0.685643491011854,0.0
trajectory_std__box_2.0,96,success,success,,0.6114075950766746,0.0
trajectory_std__box_2.0,97,success,success,,0.5136543351351844,0.0
trajectory_std__box_2.0,98,success,success,,0.3140422759668847,0.0
trajectory_std__box_2.0,99,success,success,,0.33852925922066135,0.0
trajectory_std__box_2.0,100,success,success,,0.5495935563944825,0.0
trajectory_std__box_2.0,101,success,success,,0.4564541949213122,0.0
trajectory_std__box_2.0,102,success,success,,0.2582589123543646,0.0
trajectory_std__box_2.0,103,success,success,,0.06273301142293015,0.0
trajectory_std__box_2.0,104,success,success,,0.5311916563685559,0.0
trajectory_std__box_2.0,105,success,success,,0.5609771202970854,0.0
trajectory_std__box_2.0,106,success,success,,0.7166997475828106,0.0
trajectory_std__box_2.0,107,success,success,,0.2294417024429625,0.0
trajectory_std__box_2.0,108,success,success,,0.6671828821662635,0.0
trajectory_std__box_2.0,109,success,success,,0.20506848902097558,0.0
trajectory_std__box_2.0,110,success,success,,0.6890854168849261,0.0
trajectory_std__box_2.0,111,success,success,,0.5717542167734505,0.0
trajectory_std__box_2.0,112,success,success,,0.7515343194928003,0.0
trajectory_std__box_2.0,113,success,success,,0.6077300904357255,0.0
trajectory_std__box_2.0,114,success,success,,0.044886101967347235,0.0
trajectory_std__box_2.0,115,success,success,,0.46656629189893184,0.0
trajectory_std__box_2.0,116,success,success,,0.4585598317951747,0.0
trajectory_std__box_2.0,117,success,success,,0.4167219469786732,0.0
trajectory_std__box_2.0,118,success,success,,0.7903751562472725,0.0
trajectory_std__box_2.0,119,success,success,,0.3202463389780918,0.0
trajectory_std__box_2.0,120,success,success,,0.7676728847164846,0.0
trajectory_std__box_2.0,121,success,success,,0.7213766879627534,0.0
trajectory_std__box_2.0,122,success,success,,0.3490997883758003,0.0
trajectory_std__box_2.0,123,success,success,,0.5723141996591441,0.0
trajectory_std__box_2.0,124,success,success,,0.4806578441025652,0.0
trajectory_std__box_2.0,125,success,success,,0.32008700069551177,0.0
trajectory_std__box_2.0,126,success,success,,0.4773299803651654,0.0
trajectory_std__box_2.0,127,success,success,,0.32925749468598686,0.0
trajectory_std__box_2.0,128,success,success,,0.7998391453082392,0.0
trajectory_std__box_2.0,129,success,success,,0.406891572622272,0.0
trajectory_std__box_2.0,130,success,success,,0.7504959676888951,0.0
trajectory_std__box_2.0,131,success,success,,0.37735257026950975,0.0
trajectory_std__box_2.0,132,success,success,,0.5002023403579708,0.0
trajectory_std__box_2.0,133,success,success,,0.6307035764823975,0.0
trajectory_std__box_2.0,134,success,success,,0.45837847922829145,0.0
trajectory_std__box_2.0,135,success,success,,0.12351242950523303,0.0
trajectory_std__box_2.0,136,success,success,,0.37697635739417695,0.0
trajectory_std__box_2.0,137,success,success,,0.289758861287316,0.0
trajectory_std__box_2.0,138,success,success,,0.45773329279489167,0.0
trajectory_std__box_2.0,139,success,success,,0.2487482418499426,0.0
trajectory_std__box_2.0,140,success,success,,0.7624457292940203,0.0
trajectory_std__box_2.0,141,success,success,,0.274358671632404,0.0
trajectory_std__box_2.0,142,success,success,,0.5438068993465317,0.0
trajectory_std__box_2.0,143,success,success,,0.557574018674694,0.0
trajectory_std__box_2.0,144,success,success,,0.4843786029627698,0.0
trajectory_std__box_2.0,145,success,success,,0.20617540773347579,0.0
trajectory_std__box_2.0,146,success,success,,0.47576772599026146,0.0
trajectory_std__box_2.0,147,success,success,,0.3919947625543793,0.0
trajectory_std__box_2.0,148,success,success,,0.38925025782181033,0.0
trajectory_std__box_2.0,149,success,success,,0.35454843826219223,0.0
trajectory_std__box_2.0,150,success,success,,0.2575899055880303,0.0
trajectory_std__box_2.0,151,success,success,,0.6898743736975288,0.0
trajectory_std__box_2.0,152,success,success,,0.5168635338438679,0.0
trajectory_std__box_2.0,153,success,success,,0.5648434450587906,0.0
trajectory_std__box_2.0,154,success,success,,0.700701895572651,0.0
trajectory_std__box_2.0,155,success,success,,0.6949571364214798,0.0
trajectory_std__box_2.0,156,success,success,,0.7230449602536991,0.0
trajectory_std__box_2.0,157,success,success,,0.8055816397629025,0.0
trajectory_std__box_2.0,158,success,success,,0.6729668267885641,0.0
trajectory_std__box_2.0,159,success,success,,0.691461025110086,0.0
trajectory_std__box_2.0,160,success,success,,0.33073663933550024,0.0
trajectory_std__box_2.0,161,success,success,,0.6369088392719179,0.0
trajectory_std__box_2.0,162,success,success,,0.5925610722582599,0.0
trajectory_std__box_2.0,163,success,success,,0.2641972265963462,0.0
trajectory_std__box_2.0,164,success,success,,0.71382179690065,0.0
trajectory_std__box_2.0,165,success,success,,0.5457906070795566,0.0
trajectory_std__box_2.0,166,success,success,,0.15294330278130436,0.0
trajectory_std__box_2.0,167,success,success,,0.29448819364423895,0.0
trajectory_std__box_2.0,168,success,success,,0.4313927056436504,0.0
trajectory_std__box_2.0,169,success,success,,0.6442319031755579,0.0
trajectory_std__box_2.0,170,success,success,,0.7481050461002721,0.0
trajectory_std__box_2.0,171,success,success,,0.6653476320319113,0.0
trajectory_std__box_2.0,172,success,success,,0.5443315994520443,0.0
trajectory_std__box_2.0,173,success,success,,0.6305119866080401,0.0
trajectory_std__box_2.0,174,success,success,,0.5335421191210498,0.0
trajectory_std__box_2.0,175,success,success,,0.43729183634323676,0.0
trajectory_std__box_2.0,176,success,success,,0.4840081112198552,0.0
trajectory_std__box_2.0,177,success,success,,0.5892227213174059,0.0
trajectory_std__box_2.0,178,success,success,,0.3982831384665154,0.0
trajectory_std__box_2.0,179,success,success,,0.6271215923972032,0.0
trajectory_std__box_2.0,180,success,success,,0.5254803994215583,0.0
trajectory_std__box_2.0,181,success,success,,0.7386746081995545,0.0
trajectory_std__box_2.0,182,success,success,,0.5524131772359862,0.0
trajectory_std__box_2.0,183,success,success,,0.5263753979939676,0.0
trajectory_std__box_2.0,184,success,success,,0.7691784387975906,0.0
trajectory_std__box_2.0,185,success,success,,0.2379240191308552,0.0
trajectory_std__box_2.0,186,success,success,,0.5140335582924858,0.0
trajectory_std__box_2.0,187,success,success,,0.7540991985403804,0.0
trajectory_std__box_2.0,188,success,success,,0.4765818902576328,0.0
trajectory_std__box_2.0,189,success,success,,0.2614190510302449,0.0
trajectory_std__box_2.0,190,success,success,,0.4063096288373689,0.0
trajectory_std__box_2.0,191,success,success,,0.5134681969003991,0.0
trajectory_std__box_2.0,192,success,success,,0.5397901157963436,0.0
trajectory_std__box_2.0,193,success,success,,0.2072605929035365,0.0
trajectory_std__box_2.0,194,success,success,,0.39203108937841846,0.0
trajectory_std__box_2.0,195,success,success,,0.7177553588962077,0.0
trajectory_std__box_2.0,196,success,success,,0.6191962607464739,0.0
trajectory_std__box_2.0,197,success,success,,0.7227232212599773,0.0
trajectory_std__box_2.0,198,success,success,,0.37075330035971304,0.0
trajectory_std__box_2.0,199,success,success,,0.3419098003318892,0.0
trajectory_std__box_2.0,200,success,success,,0.7406749529646393,0.0
trajectory_std__box_2.0,201,success,success,,0.5693404093640677,0.0
trajectory_std__box_2.0,202,success,success,,0.4037596959346718,0.0
trajectory_std__box_2.0,203,success,success,,0.32679983221000886,0.0
trajectory_std__box_2.0,204,success,success,,0.6586524614962033,0.0
trajectory_std__box_2.0,205,success,success,,0.4533992010830547,0.0
trajectory_std__box_2.0,206,success,success,,0.34459796285722233,0.0
trajectory_std__box_2.0,207,success,success,,0.6743487339874099,0.0
trajectory_std__box_2.0,208,success,success,,0.7367408266606632,0.0
trajectory_std__box_2.0,209,success,success,,0.468109435790419,0.0
trajectory_std__box_2.0,210,success,success,,0.7044126424600939,0.0
trajectory_std__box_2.0,211,success,success,,0.36525163656686194,0.0
trajectory_std__box_2.0,212,success,success,,0.7415105090638372,0.0
trajectory_std__box_2.0,213,success,success,,0.4486387204179347,0.0
trajectory_std__box_2.0,214,success,success,,0.6431864306655823,0.0
trajectory_std__box_2.0,215,success,success,,0.3034052069349358,0.0
trajectory_std__box_2.0,216,success,success,,0.7914362865292841,0.0
trajectory_std__box_2.0,217,success,success,,0.2239488475602397,0.0
trajectory_std__box_2.0,218,success,success,,0.428700172258631,0.0
trajectory_std__box_2.0,219,success,success,,0.2333285868759113,0.0
trajectory_std__box_2.0,220,success,success,,0.7977278927807339,0.0
trajectory_std__box_2.0,221,success,success,,0.6940309399885951,0.0
trajectory_std__box_2.0,222,success,success,,0.0846619984691108,0.0
trajectory_std__box_2.0,223,success,success,,0.6830000087089653,0.0
trajectory_std__box_2.0,224,success,success,,0.5753041429426996,0.0
trajectory_std__box_2.0,225,success,success,,0.7616887648971027,0.0
trajectory_std__box_2.0,226,success,success,,0.48429400365881214,0.0
trajectory_std__box_2.0,227,success,success,,0.6927322479436682,0.0
trajectory_std__box_2.0,228,success,success,,0.6436101139462826,0.0
trajectory_std__box_2.0,229,success,success,,0.7421733992033751,0.0
trajectory_std__box_2.0,230,success,success,,0.20669170041178325,0.0
trajectory_std__box_2.0,231,success,success,,0.27985639483019115,0.0
trajectory_std__box_2.0,232,success,success,,0.5495195216533157,0.0
trajectory_std__box_2.0,233,success,success,,0.46785005029592086,0.0
trajectory_std__box_2.0,234,success,success,,0.3790641415374309,0.0
trajectory_std__box_2.0,235,success,success,,0.19713196969212232,0.0
trajectory_std__box_2.0,236,success,success,,0.4133852638342572,0.0
trajectory_std__box_2.0,237,success,success,,0.44207092440189244,0.0
trajectory_std__box_2.0,238,success,success,,0.6363773751319697,0.0
trajectory_std__box_2.0,239,success,success,,0.767819798897829,0.0
trajectory_std__box_2.0,240,success,success,,0.34043686985228794,0.0
trajectory_std__box_2.0,241,success,success,,0.7128193149042967,0.0
trajectory_std__box_2.0,242,success,success,,0.6000920629843101,0.0
trajectory_std__box_2.0,243,success,success,,0.33221703242877954,0.0
trajectory_std__box_2.0,244,success,success,,0.6015036881022037,0.0
trajectory_std__box_2.0,245,success,success,,0.7444528913744588,0.0
trajectory_std__box_2.0,246,success,success,,0.6942398861596615,0.0
trajectory_std__box_2.0,247,success,success,,0.5129989746997885,0.0
trajectory_std__box_2.0,248,success,success,,0.36164337454822876,0.0
trajectory_std__box_2.0,249,success,success,,0.008478754272637896,0.0
trajectory_std__box_2.0,250,success,success,,0.22028133797016763,0.0
trajectory_std__box_2.0,251,success,success,,0.7099939474112309,0.0
trajectory_std__box_2.0,252,success,success,,0.3167129926604532,0.0
trajectory_std__box_2.0,253,success,success,,0.3966906105008752,0.0
trajectory_std__box_2.0,254,success,success,,0.46810422265014306,0.0
trajectory_std__box_2.0,255,success,success,,0.7046603739716084,0.0
trajectory_std__box_2.0,256,success,success,,0.2535213344799717,0.0
trajectory_std__box_2.0,257,success,success,,0.5354439177478107,0.0
trajectory_std__box_2.0,258,success,success,,0.5459955920514592,0.0
trajectory_std__box_2.0,259,success,success,,0.652832702786568,0.0
trajectory_std__box_2.0,260,success,success,,0.7351592601409311,0.0
trajectory_std__box_2.0,261,success,success,,0.7565965798695337,0.0
trajectory_std__box_2.0,262,success,success,,0.634696440844719,0.0
trajectory_std__box_2.0,263,success,success,,0.17895371892828024,0.0
trajectory_std__box_2.0,264,success,success,,0.5148890024791736,0.0
trajectory_std__box_2.0,265,success,success,,0.3758757309422467,0.0
trajectory_std__box_2.0,266,success,success,,0.5948056181703981,0.0
trajectory_std__box_2.0,267,success,success,,0.733168532862831,0.0
trajectory_std__box_2.0,268,success,success,,0.6467015141409881,0.0
trajectory_std__box_2.0,269,success,success,,0.7378805755465727,0.0
trajectory_std__box_2.0,270,success,success,,0.5841986685665514,0.0
trajectory_std__box_2.0,271,success,success,,0.32208476048815005,0.0
trajectory_std__box_2.0,272,success,success,,0.7867272768588904,0.0
trajectory_std__box_2.0,273,success,success,,0.29136686913404586,0.0
trajectory_std__box_2.0,274,success,success,,0.5257740835228538,0.0
trajectory_std__box_2.0,275,success,success,,0.503877653684094,0.0
trajectory_std__box_2.0,276,success,success,,0.7284866202757168,0.0
trajectory_std__box_2.0,277,success,success,,0.7544199434910411,0.0
trajectory_std__box_2.0,278,success,success,,0.24429726163864746,0.0
trajectory_std__box_2.0,279,success,success,,0.361286039377653,0.0
trajectory_std__box_2.0,280,success,success,,0.5699471377316386,0.0
trajectory_std__box_2.0,281,success,success,,0.6618364314222382,0.0
trajectory_std__box_2.0,282,success,success,,0.31063285241676286,0.0
trajectory_std__box_2.0,283,success,success,,0.4981317131045259,0.0
trajectory_std__box_2.0,284,success,success,,0.5652980904018803,0.0
trajectory_std__box_2.0,285,success,success,,0.5266236147600802,0.0
trajectory_std__box_2.0,286,success,success,,0.3675904502030715,0.0
trajectory_std__box_2.0,287,success,success,,0.5762530240583267,0.0
trajectory_std__box_2.0,288,success,success,,0.6271036040196917,0.0
trajectory_std__box_2.0,289,success,success,,0.5362294416071862,0.0
trajectory_std__box_2.0,290,success,success,,0.7503024733702832,0.0
trajectory_std__box_2.0,291,success,success,,0.8094616501385634,0.0
trajectory_std__box_2.0,292,success,success,,0.42391745697867556,0.0
trajectory_std__box_2.0,293,success,success,,0.1548531173974248,0.0
trajectory_std__box_2.0,294,success,success,,0.4658892053690223,0.0
trajectory_std__box_2.0,295,success,success,,0.3924439734460942,0.0
trajectory_std__box_2.0,296,success,success,,0.7704872468636365,0.0
trajectory_std__box_2.0,297,success,success,,0.4363246990899541,0.0
trajectory_std__box_2.0,298,success,success,,0.44416588998990125,0.0
trajectory_std__box_2.0,299,success,success,,0.30003121187452664,0.0
trajectory_std__box_2.0,300,success,success,,0.2496025195053216,0.0
trajectory_std__box_2.0,301,success,success,,0.7440563588872601,0.0
trajectory_std__box_2.0,302,success,success,,0.6591169765754664,0.0
trajectory_std__box_2.0,303,success,success,,0.10393326455074325,0.0
trajectory_std__box_2.0,304,success,success,,0.727593075971718,0.0
trajectory_std__box_2.0,305,success,success,,0.5633599811280527,0.0
trajectory_std__box_2.0,306,success,success,,0.23185233845472342,0.0
trajectory_std__box_2.0,307,success,success,,0.41846593526006576,0.0
trajectory_std__box_2.0,308,success,success,,0.5879725295406477,0.0
trajectory_std__box_2.0,309,success,success,,0.6265050141447257,0.0
trajectory_std__box_2.0,310,success,success,,0.32153769755057965,0.0
trajectory_std__box_2.0,311,success,success,,0.5595384958469783,0.0
trajectory_std__box_2.0,312,success,success,,0.3140224215354754,0.0
trajectory_std__box_2.0,313,success,success,,0.30003850721326625,0.0
trajectory_std__box_2.0,314,success,success,,0.6550991902647477,0.0
trajectory_std__box_2.0,315,success,success,,0.6889979710233803,0.0
trajectory_std__box_2.0,316,success,success,,0.7237133540944912,0.0
trajectory_std__box_2.0,317,success,success,,0.687898600179508,0.0
trajectory_std__box_2.0,318,success,success,,0.5504526589886451,0.0
trajectory_std__box_2.0,319,success,success,,0.5330822604373271,0.0
trajectory_std__box_2.0,320,success,success,,0.2628119138649624,0.0
trajectory_std__box_2.0,321,success,success,,0.7366501606427985,0.0
trajectory_std__box_2.0,322,success,success,,0.42075890691198303,0.0
trajectory_std__box_2.0,323,success,success,,0.6755709203901226,0.0
trajectory_std__box_2.0,324,success,success,,0.7529461185686432,0.0
trajectory_std__box_2.0,325,success,success,,0.34332987373447166,0.0
trajectory_std__box_2.0,326,success,success,,0.47167373114273,0.0
trajectory_std__box_2.0,327,success,success,,0.7181543029579337,0.0
trajectory_std__box_2.0,328,success,success,,0.19740458456732327,0.0
trajectory_std__box_2.0,329,success,success,,0.37333685363724045,0.0
trajectory_std__box_2.0,330,success,success,,0.5930869389705178,0.0
trajectory_std__box_2.0,331,success,success,,0.7766486823602291,0.0
trajectory_std__box_2.0,332,success,success,,0.6098745298610025,0.0
trajectory_std__box_2.0,333,success,success,,0.8059936921205207,0.0
trajectory_std__box_2.0,334,success,success,,0.7184111722604161,0.0
trajectory_std__box_2.0,335,success,success,,0.6050794211856476,0.0
trajectory_std__box_2.0,336,success,success,,0.5069760127164399,0.0
trajectory_std__box_2.0,337,success,success,,0.5504244609320025,0.0
trajectory_std__box_2.0,338,success,success,,0.23189407606329776,0.0
trajectory_std__box_2.0,339,success,success,,0.5067837578441254,0.0
trajectory_std__box_2.0,340,success,success,,0.6039225973678932,0.0
trajectory_std__box_2.0,341,success,success,,0.4197619280263262,0.0
trajectory_std__box_2.0,342,success,success,,0.21966784709315626,0.0
trajectory_std__box_2.0,343,success,success,,0.5548206795195765,0.0
trajectory_std__box_2.0,344,success,success,,0.6933105817476404,0.0
trajectory_std__box_2.0,345,success,success,,0.45948711976356743,0.0
trajectory_std__box_2.0,346,success,success,,0.49684151479049177,0.0
trajectory_std__box_2.0,347,success,success,,0.3927542034218292,0.0
trajectory_std__box_2.0,348,success,success,,0.37238956565943104,0.0
trajectory_std__box_2.0,349,success,success,,0.7768654495909053,0.0
trajectory_std__box_2.0,350,success,success,,0.6753150301427089,0.0
trajectory_std__box_2.0,351,success,success,,0.6755075985678514,0.0
trajectory_std__box_2.0,352,success,success,,0.14793742036294985,0.0
trajectory_std__box_2.0,353,success,success,,0.7118362688977478,0.0
trajectory_std__box_2.0,354,success,success,,0.7063952898587736,0.0
trajectory_std__box_2.0,355,success,success,,0.29933427701642035,0.0
trajectory_std__box_2.0,356,success,success,,0.4533355360819905,0.0
trajectory_std__box_2.0,357,success,success,,0.39610849767974254,0.0
trajectory_std__box_2.0,358,success,success,,0.3988918624402059,0.0
trajectory_std__box_2.0,359,success,success,,0.46088642256138057,0.0
trajectory_std__box_2.0,360,success,success,,0.22199567765914813,0.0
trajectory_std__box_2.0,361,success,success,,0.4928374354393985,0.0
trajectory_std__box_2.0,362,success,success,,0.5242989937181315,0.0
trajectory_std__box_2.0,363,success,success,,0.40831105137667256,0.0
trajectory_std__box_2.0,364,success,success,,0.6889180874619585,0.0
trajectory_std__box_2.0,365,success,success,,0.7568166398108204,0.0
trajectory_std__box_2.0,366,success,success,,0.6862899319053484,0.0
trajectory_std__box_2.0,367,success,success,,0.41296799844312854,0.0
trajectory_std__box_2.0,368,success,success,,0.7103083074676091,0.0
trajectory_std__box_2.0,369,success,success,,0.3222906322218585,0.0
trajectory_std__box_2.0,370,success,success,,0.6967661417545795,0.0
trajectory_std__box_2.0,371,success,success,,0.6414459264762777,0.0
trajectory_std__box_2.0,372,success,success,,0.6157489348351078,0.0
trajectory_std__box_2.0,373,success,success,,0.5521447571559857,0.0
trajectory_std__box_2.0,374,success,success,,0.22451887386381666,0.0
trajectory_std__box_2.0,375,success,success,,0.42250976441639193,0.0
trajectory_std__box_2.0,376,success,success,,0.6545169482531532,0.0
trajectory_std__box_2.0,377,success,success,,0.7687080686434293,0.0
trajectory_std__box_2.0,378,success,success,,0.4462082335602686,0.0
trajectory_std__box_2.0,379,success,success,,0.4807524256760978,0.0
trajectory_std__box_2.0,380,success,success,,0.540101594753217,0.0
trajectory_std__box_2.0,381,success,success,,0.5920718831512004,0.0
trajectory_std__box_2.0,382,success,success,,0.7662504857722987,0.0
trajectory_std__box_2.0,383,success,success,,0.8109389241401818,0.0
trajectory_std__box_2.0,384,success,success,,0.6497912427623509,0.0
trajectory_std__box_2.0,385,success,success,,0.5595521270013218,0.0
trajectory_std__box_2.0,386,success,success,,0.5520233010882275,0.0
trajectory_std__box_2.0,387,success,success,,0.585704600493852,0.0
trajectory_std__box_2.0,388,success,success,,0.37790298258291,0.0
trajectory_std__box_2.0,389,success,success,,0.6312155276494691,0.0
trajectory_std__box_2.0,390,success,success,,0.3722471587192685,0.0
trajectory_std__box_2.0,391,success,success,,0.08747209848365842,0.0
trajectory_std__box_2.0,392,success,success,,0.6652531987583116,0.0
trajectory_std__box_2.0,393,success,success,,0.17920464892806998,0.0
trajectory_std__box_2.0,394,success,success,,0.6929652770806356,0.0
trajectory_std__box_2.0,395,success,success,,0.5811169141284354,0.0
trajectory_std__box_2.0,396,success,success,,0.4101747482524319,0.0
trajectory_std__box_2.0,397,success,success,,0.5869369326282291,0.0
trajectory_std__box_2.0,398,success,success,,0.6029175062573837,0.0
trajectory_std__box_2.0,399,success,success,,0.3372112241155369,0.0
trajectory_std__box_2.0,400,success,success,,0.5075441685372309,0.0
trajectory_std__box_2.0,401,success,success,,0.6937390087829967,0.0
trajectory_std__box_2.0,402,success,success,,0.4564838249578521,0.0
trajectory_std__box_2.0,403,success,success,,0.14932002877840453,0.0
trajectory_std__box_2.0,404,success,success,,0.5535536717695743,0.0
trajectory_std__box_2.0,405,success,success,,0.5833121630907793,0.0
trajectory_std__box_2.0,406,success,success,,0.4104493384349621,0.0
trajectory_std__box_2.0,407,success,success,,0.7804518170680055,0.0
trajectory_std__box_2.0,408,success,success,,0.3907265483050353,0.0
trajectory_std__box_2.0,409,success,success,,0.6595453258773839,0.0
trajectory_std__box_2.0,410,success,success,,0.6094847681055785,0.0
trajectory_std__box_2.0,411,success,success,,0.7386829648532189,0.0
trajectory_std__box_2.0,412,success,success,,0.7289888684911336,0.0
trajectory_std__box_2.0,413,success,success,,0.5164735121056665,0.0
trajectory_std__box_2.0,414,success,success,,0.4773761188414403,0.0
trajectory_std__box_2.0,415,success,success,,0.498494541905069,0.0
trajectory_std__box_2.0,416,success,success,,0.7504863954758506,0.0
trajectory_std__box_2.0,417,success,success,,0.47275996959584055,0.0
trajectory_std__box_2.0,418,success,success,,0.3805608114861967,0.0
trajectory_std__box_2.0,419,success,success,,0.7026427493509094,0.0
trajectory_std__box_2.0,420,success,success,,0.3090007145275418,0.0
trajectory_std__box_2.0,421,success,success,,0.4165270746951478,0.0
trajectory_std__box_2.0,422,success,success,,0.4092576213789836,0.0
trajectory_std__box_2.0,423,success,success,,0.7953555087873369,0.0
trajectory_std__box_2.0,424,success,success,,0.44187988085114005,0.0
trajectory_std__box_2.0,425,success,success,,0.7929703238458842,0.0
trajectory_std__box_2.0,426,success,success,,0.44131466827597116,0.0
trajectory_std__box_2.0,427,success,success,,0.7630881808494154,0.0
trajectory_std__box_2.0,428,success,success,,0.3027540473634164,0.0
trajectory_std__box_2.0,429,success,success,,0.6550627860262339,0.0
trajectory_std__box_2.0,430,success,success,,0.46794281229924917,0.0
trajectory_std__box_2.0,431,success,success,,0.7031556858587226,0.0
trajectory_std__box_2.0,432,success,success,,0.4050719606010123,0.0
trajectory_std__box_2.0,433,success,success,,0.3330490785773181,0.0
trajectory_std__box_2.0,434,success,success,,0.48653492837937484,0.0
trajectory_std__box_2.0,435,success,success,,0.27314583757877064,0.0
trajectory_std__box_2.0,436,success,success,,0.6524932781958505,0.0
trajectory_std__box_2.0,437,success,success,,0.3600061211304123,0.0
trajectory_std__box_2.0,438,success,success,,0.1390761394504224,0.0
trajectory_std__box_2.0,439,success,success,,0.506060012460201,0.0
trajectory_std__box_2.0,440,success,success,,0.6870921969332502,0.0
trajectory_std__box_2.0,441,success,success,,0.6669524335669081,0.0
trajectory_std__box_2.0,442,success,success,,0.6630428989871636,0.0
trajectory_std__box_2.0,443,success,success,,0.5913060069412002,0.0
trajectory_std__box_2.0,444,success,success,,0.35982479113318827,0.0
trajectory_std__box_2.0,445,success,success,,0.6057918896567236,0.0
trajectory_std__box_2.0,446,success,success,,0.46483528974894234,0.0
trajectory_std__box_2.0,447,success,success,,0.482656213135213,0.0
trajectory_std__box_2.0,448,success,success,,0.6548173482296509,0.0
trajectory_std__box_2.0,449,success,success,,0.6096198101720461,0.0
trajectory_std__box_2.0,450,success,success,,0.5598382116444195,0.0
trajectory_std__box_2.0,451,success,success,,0.6982156012714688,0.0
trajectory_std__box_2.0,452,success,success,,0.6974689842985142,0.0
trajectory_std__box_2.0,453,success,success,,0.8218669807722223,0.0
trajectory_std__box_2.0,454,success,success,,0.6799660892801308,0.0
trajectory_std__box_2.0,455,success,success,,0.5610660870414308,0.0
trajectory_std__box_2.0,456,success,success,,0.19393947704880302,0.0
trajectory_std__box_2.0,457,success,success,,0.8184700491923895,0.0
trajectory_std__box_2.0,458,success,success,,0.371498610962667,0.0
trajectory_std__box_2.0,459,success,success,,0.5882238578210022,0.0
trajectory_std__box_2.0,460,success,success,,0.5332062636144795,0.0
trajectory_std__box_2.0,461,success,success,,0.49929365862652353,0.0
trajectory_std__box_2.0,462,success,success,,0.6426791327077015,0.0
trajectory_std__box_2.0,463,success,success,,0.25695698077524276,0.0
trajectory_std__box_2.0,464,success,success,,0.37235554135541754,0.0
trajectory_std__box_2.0,465,success,success,,0.45247876679595345,0.0
trajectory_std__box_2.0,466,success,success,,0.608631421478742,0.0
trajectory_std__box_2.0,467,success,success,,0.5550725615215493,0.0
trajectory_std__box_2.0,468,success,success,,0.39924689963933857,0.0
trajectory_std__box_2.0,469,success,success,,0.47902083062491424,0.0
trajectory_std__box_2.0,470,success,success,,0.5666052314844126,0.0
trajectory_std__box_2.0,471,success,success,,0.6700568921238781,0.0
trajectory_std__box_2.0,472,success,success,,0.2704064182294986,0.0
trajectory_std__box_2.0,473,success,success,,0.5130284398757143,0.0
trajectory_std__box_2.0,474,success,success,,0.6339522874780855,0.0
trajectory_std__box_2.0,475,success,success,,0.2689430199186287,0.0
trajectory_std__box_2.0,476,success,success,,0.4193281164626376,0.0
trajectory_std__box_2.0,477,success,success,,0.4196189992717998,0.0
trajectory_std__box_2.0,478,success,success,,0.5107969880278094,0.0
trajectory_std__box_2.0,479,success,success,,0.1714350829286448,0.0
trajectory_std__box_2.0,480,success,success,,0.5458603880617471,0.0
trajectory_std__box_2.0,481,success,success,,0.5479742804777985,0.0
trajectory_std__box_2.0,482,success,success,,0.6743162134773429,0.0
trajectory_std__box_2.0,483,success,success,,0.42723030203914175,0.0
trajectory_std__box_2.0,484,success,success,,0.42194270554676794,0.0
trajectory_std__box_2.0,485,success,success,,0.7523087777132754,0.0
trajectory_std__box_2.0,486,success,success,,0.5763750532969832,0.0
trajectory_std__box_2.0,487,success,success,,0.7590428858736242,0.0
trajectory_std__box_2.0,488,success,success,,0.66608604050597,0.0
trajectory_std__box_2.0,489,success,success,,0.5945992453637928,0.0
trajectory_std__box_2.0,490,success,success,,0.5275918812533295,0.0
trajectory_std__box_2.0,491,success,success,,0.6296233891596157,0.0
trajectory_std__box_2.0,492,success,success,,0.5333734227154301,0.0
trajectory_std__box_2.0,493,success,success,,0.32593920229831636,0.0
trajectory_std__box_2.0,494,success,success,,0.6619158362915701,0.0
trajectory_std__box_2.0,495,success,success,,0.444367494343282,0.0
trajectory_std__box_2.0,496,success,success,,0.22277974342551327,0.0
trajectory_std__box_2.0,497,success,success,,0.17081677703569204,0.0
trajectory_std__box_2.0,498,success,success,,0.6180565824530048,0.0
trajectory_std__box_2.0,499,success,success,,0.5929041720506163,0.0
trajectory_std__box_2.0,500,success,success,,0.42851814120034926,0.0
trajectory_std__box_2.0,501,success,success,,0.3825740819815087,0.0
trajectory_std__box_2.0,502,success,success,,0.7667762121937012,0.0
trajectory_std__box_2.0,503,success,success,,0.7663562762249585,0.0
trajectory_std__box_2.0,504,success,success,,0.16277171065806606,0.0
trajectory_std__box_2.0,505,success,success,,0.39952948277388634,0.0
trajectory_std__box_2.0,506,success,success,,0.7974235556401893,0.0
trajectory_std__box_2.0,507,success,success,,0.3396656729951618,0.0
trajectory_std__box_2.0,508,success,success,,0.7483840377297876,0.0
trajectory_std__box_2.0,509,success,success,,0.3661827297054506,0.0
trajectory_std__box_2.0,510,success,success,,0.4981205257195781,0.0
trajectory_std__box_2.0,511,success,success,,0.5369980509507586,0.0
trajectory_std__box_2.0,512,success,success,,0.8017442256151952,0.0
trajectory_std__box_2.0,513,success,success,,0.6736460236646228,0.0
trajectory_std__box_2.0,514,success,success,,0.7410725987864196,0.0
trajectory_std__box_2.0,515,success,success,,0.18259145147905073,0.0
trajectory_std__box_2.0,516,success,success,,0.7114528932309425,0.0
trajectory_std__box_2.0,517,success,success,,0.5111575884978393,0.0
trajectory_std__box_2.0,518,success,success,,0.6726997496455958,0.0
trajectory_std__box_2.0,519,success,success,,0.624554853284452,0.0
trajectory_std__box_2.0,520,success,success,,0.5289707010753892,0.0
trajectory_std__box_2.0,521,success,success,,0.6250558582524512,0.0
trajectory_std__box_2.0,522,success,success,,0.6539597061998949,0.0
trajectory_std__box_2.0,523,success,success,,0.7522844827463396,0.0
trajectory_std__box_2.0,524,success,success,,0.10671024008167415,0.0
trajectory_std__box_2.0,525,success,success,,0.5132992205328902,0.0
trajectory_std__box_2.0,526,success,success,,0.42981499432566195,0.0
trajectory_std__box_2.0,527,success,success,,0.7583697708402568,0.0
trajectory_std__box_2.0,528,success,success,,0.4478769516132279,0.0
trajectory_std__box_2.0,529,success,success,,0.6158845731313907,0.0
trajectory_std__box_2.0,530,success,success,,0.03426916608045832,0.0
trajectory_std__box_2.0,531,success,success,,0.7421444955313514,0.0
trajectory_std__box_2.0,532,success,success,,0.6518654491102358,0.0
trajectory_std__box_2.0,533,success,success,,0.7658828281637077,0.0
trajectory_std__box_2.0,534,success,success,,0.7801086490657588,0.0
trajectory_std__box_2.0,535,success,success,,0.5100956828654514,0.0
trajectory_std__box_2.0,536,success,success,,0.46049557376864997,0.0
trajectory_std__box_2.0,537,success,success,,0.22333772905019075,0.0
trajectory_std__box_2.0,538,success,success,,0.5291960693052844,0.0
trajectory_std__box_2.0,539,success,success,,0.8064473772583193,0.0
trajectory_std__box_2.0,540,success,success,,0.3989713923947047,0.0
trajectory_std__box_2.0,541,success,success,,0.10668762497220087,0.0
trajectory_std__box_2.0,542,success,success,,0.6552499695447797,0.0
trajectory_std__box_2.0,543,success,success,,0.19623839050536118,0.0
trajectory_std__box_2.0,544,success,success,,0.1323027050838213,0.0
trajectory_std__box_2.0,545,success,success,,0.6123690749147154,0.0
trajectory_std__box_2.0,546,success,success,,0.38191775282784685,0.0
trajectory_std__box_2.0,547,success,success,,0.31119037353427786,0.0
trajectory_std__box_2.0,548,success,success,,0.7314971532368495,0.0
trajectory_std__box_2.0,549,success,success,,0.7340872188950511,0.0
trajectory_std__box_2.0,550,success,success,,0.704819900735174,0.0
trajectory_std__box_2.0,551,success,success,,0.5704918700752385,0.0
trajectory_std__box_2.0,552,success,success,,0.09984827988033634,0.0
trajectory_std__box_2.0,553,success,success,,0.4518674002150238,0.0
trajectory_std__box_2.0,554,success,success,,0.334863518559503,0.0
trajectory_std__box_2.0,555,success,success,,0.5550063713602954,0.0
trajectory_std__box_2.0,556,success,success,,0.506598134379405,0.0
trajectory_std__box_2.0,557,success,success,,0.25726189171382347,0.0
trajectory_std__box_2.0,558,success,success,,0.49980928886577536,0.0
trajectory_std__box_2.0,559,success,success,,0.7110372987387765,0.0
trajectory_std__box_2.0,560,success,success,,0.18841910693914385,0.0
trajectory_std__box_2.0,561,success,success,,0.24553349629748608,0.0
trajectory_std__box_2.0,562,success,success,,0.6484860937305672,0.0
trajectory_std__box_2.0,563,success,success,,0.14090531686679025,0.0
trajectory_std__box_2.0,564,success,success,,0.5791681765953398,0.0
trajectory_std__box_2.0,565,success,success,,0.4053638072789908,0.0
trajectory_std__box_2.0,566,success,success,,0.6191154675285987,0.0
trajectory_std__box_2.0,567,success,success,,0.7059717893566547,0.0
trajectory_std__box_2.0,568,success,success,,0.6856961342400106,0.0
trajectory_std__box_2.0,569,success,success,,0.6177890481223776,0.0
trajectory_std__box_2.0,570,success,success,,0.6606259627570874,0.0
trajectory_std__box_2.0,571,success,success,,0.7391205908258487,0.0
trajectory_std__box_2.0,572,success,success,,0.5885171603538683,0.0
trajectory_std__box_2.0,573,success,success,,0.7313872560499521,0.0
trajectory_std__box_2.0,574,success,success,,0.3548370260463317,0.0
trajectory_std__box_2.0,575,success,success,,0.37446310360792245,0.0
trajectory_std__box_2.0,576,success,success,,0.7902080103628242,0.0
trajectory_std__box_2.0,577,success,success,,0.5103044970992963,0.0
trajectory_std__box_2.0,578,success,success,,0.3897140106518629,0.0
trajectory_std__box_2.0,579,success,success,,0.6332602358004169,0.0
trajectory_std__box_2.0,580,success,success,,0.3646839535610986,0.0
trajectory_std__box_2.0,581,success,success,,0.571598499109485,0.0
trajectory_std__box_2.0,582,success,success,,0.5575882277399278,0.0
trajectory_std__box_2.0,583,success,success,,0.3278911329698728,0.0
trajectory_std__box_2.0,584,success,success,,0.6694534219770418,0.0
trajectory_std__box_2.0,585,success,success,,0.5071288849688299,0.0
trajectory_std__box_2.0,586,success,success,,0.4764102728572437,0.0
trajectory_std__box_2.0,587,success,success,,0.13238703833703322,0.0
trajectory_std__box_2.0,588,success,success,,0.31904279953029135,0.0
trajectory_std__box_2.0,589,success,success,,0.4431278871458245,0.0
trajectory_std__box_2.0,590,success,success,,0.15593030583781803,0.0
trajectory_std__box_2.0,591,success,success,,0.4992266522175135,0.0
trajectory_std__box_2.0,592,success,success,,0.0876343736460618,0.0
trajectory_std__box_2.0,593,success,success,,0.5862938395722257,0.0
trajectory_std__box_2.0,594,success,success,,0.7940769263202033,0.0
trajectory_std__box_2.0,595,success,success,,0.7417116311135816,0.0
trajectory_std__box_2.0,596,success,success,,0.5374037153335828,0.0
trajectory_std__box_2.0,597,success,success,,0.7751530325740777,0.0
trajectory_std__box_2.0,598,success,success,,0.46788029699754435,0.0
trajectory_std__box_2.0,599,success,success,,0.5395689724116168,0.0
trajectory_std__box_2.0,600,success,success,,0.5160162079773891,0.0
trajectory_std__box_2.0,601,success,success,,0.2528905999566896,0.0
trajectory_std__box_2.0,602,success,success,,0.5844376371517049,0.0
trajectory_std__box_2.0,603,success,success,,0.6603602811129972,0.0
trajectory_std__box_2.0,604,success,success,,0.7278003371955828,0.0
trajectory_std__box_2.0,605,success,success,,0.7925206148444526,0.0
trajectory_std__box_2.0,606,success,success,,0.7903014226752784,0.0
trajectory_std__box_2.0,607,success,success,,0.7717800746160347,0.0
trajectory_std__box_2.0,608,success,success,,0.2933812936960018,0.0
trajectory_std__box_2.0,609,success,success,,0.7431079777436244,0.0
trajectory_std__box_2.0,610,success,success,,0.4896150157531659,0.0
trajectory_std__box_2.0,611,success,success,,0.2796898719929499,0.0
trajectory_std__box_2.0,612,success,success,,0.45730158946890137,0.0
trajectory_std__box_2.0,613,success,success,,0.42171076443394195,0.0
trajectory_std__box_2.0,614,success,success,,0.7523229710704901,0.0
trajectory_std__box_2.0,615,success,success,,0.7187292214404416,0.0
trajectory_std__box_2.0,616,success,success,,0.6023655378575556,0.0
trajectory_std__box_2.0,617,success,success,,0.4281577741373752,0.0
trajectory_std__box_2.0,618,success,success,,0.17404901065832518,0.0
trajectory_std__box_2.0,619,success,success,,0.6708276574350469,0.0
trajectory_std__box_2.0,620,success,success,,0.7344579608600352,0.0
trajectory_std__box_2.0,621,success,success,,0.7618856239958073,0.0
trajectory_std__box_2.0,622,success,success,,0.24316036581851383,0.0
trajectory_std__box_2.0,623,success,success,,0.32266655391900523,0.0
trajectory_std__box_2.0,624,success,success,,0.7033119166162051,0.0
trajectory_std__box_2.0,625,success,success,,0.535447585175059,0.0
trajectory_std__box_2.0,626,success,success,,0.46111666336037826,0.0
trajectory_std__box_2.0,627,success,success,,0.7089800082733869,0.0
trajectory_std__box_2.0,628,success,success,,0.5624431680203785,0.0
trajectory_std__box_2.0,629,success,success,,0.6555961025234769,0.0
trajectory_std__box_2.0,630,success,success,,0.7791717677942975,0.0
trajectory_std__box_2.0,631,success,success,,0.23618303321233017,0.0
trajectory_std__box_2.0,632,success,success,,0.6921986799049771,0.0
trajectory_std__box_2.0,633,success,success,,0.58125496084451,0.0
trajectory_std__box_2.0,634,success,success,,0.5280439617234296,0.0
trajectory_std__box_2.0,635,success,success,,0.4195418336082585,0.0
trajectory_std__box_2.0,636,success,success,,0.6104512678681296,0.0
trajectory_std__box_2.0,637,success,success,,0.5472116922616408,0.0
trajectory_std__box_2.0,638,success,success,,0.3859552241570719,0.0
trajectory_std__box_2.0,639,success,success,,0.8025090641255714,0.0
trajectory_std__box_2.0,640,success,success,,0.5059670613864282,0.0
trajectory_std__box_2.0,641,success,success,,0.4835406075583214,0.0
trajectory_std__box_2.0,642,success,success,,0.7947868671690375,0.0
trajectory_std__box_2.0,643,success,success,,0.4884876842369543,0.0
trajectory_std__box_2.0,644,success,success,,0.17793985481121152,0.0
trajectory_std__box_2.0,645,success,success,,0.4230432862251174,0.0
trajectory_std__box_2.0,646,success,success,,0.3468066210872708,0.0
trajectory_std__box_2.0,647,success,success,,0.3449338642689478,0.0
trajectory_std__box_2.0,648,success,success,,0.7553333487151646,0.0
trajectory_std__box_2.0,649,success,success,,0.13285956888196296,0.0
trajectory_std__box_2.0,650,success,success,,0.2179308383325029,0.0
trajectory_std__box_2.0,651,success,success,,0.6946091026575362,0.0
trajectory_std__box_2.0,652,success,success,,0.5965058507078758,0.0
trajectory_std__box_2.0,653,success,success,,0.6687175240470475,0.0
trajectory_std__box_2.0,654,success,success,,0.5895467066978117,0.0
trajectory_std__box_2.0,655,success,success,,0.4386488503190693,0.0
trajectory_std__box_2.0,656,success,success,,0.7526622087193444,0.0
trajectory_std__box_2.0,657,success,success,,0.8077142997384379,0.0
trajectory_std__box_2.0,658,success,success,,0.37432928267496113,0.0
trajectory_std__box_2.0,659,success,success,,0.7071785720845406,0.0
trajectory_std__box_2.0,660,success,success,,0.4942757389460498,0.0
trajectory_std__box_2.0,661,success,success,,0.4189364698763619,0.0
trajectory_std__box_2.0,662,success,success,,0.2976879680128797,0.0
trajectory_std__box_2.0,663,success,success,,0.6321623966331251,0.0
trajectory_std__box_2.0,664,success,success,,0.3092656748625257,0.0
trajectory_std__box_2.0,665,success,success,,0.6564246662757797,0.0
trajectory_std__box_2.0,666,success,success,,0.17309898236212118,0.0
trajectory_std__box_2.0,667,success,success,,0.7687870718543952,0.0
trajectory_std__box_2.0,668,success,success,,0.5869056888958566,0.0
trajectory_std__box_2.0,669,success,success,,0.8019266751183385,0.0
trajectory_std__box_2.0,670,success,success,,0.6617208159809782,0.0
trajectory_std__box_2.0,671,success,success,,0.2005733870307445,0.0
trajectory_std__box_2.0,672,success,success,,0.42949654635098045,0.0
trajectory_std__box_2.0,673,success,success,,0.6357454250889147,0.0
trajectory_std__box_2.0,674,success,success,,0.7447026304175692,0.0
trajectory_std__box_2.0,675,success,success,,0.6707202290861782,0.0
trajectory_std__box_2.0,676,success,success,,0.315997929970662,0.0
trajectory_std__box_2.0,677,success,success,,0.6914943205341902,0.0
trajectory_std__box_2.0,678,success,success,,0.23993027402127928,0.0
trajectory_std__box_2.0,679,success,success,,0.43188651576970905,0.0
trajectory_std__box_2.0,680,success,success,,0.4004194260876379,0.0
trajectory_std__box_2.0,681,success,success,,0.7634035874137236,0.0
trajectory_std__box_2.0,682,success,success,,0.6374877754636884,0.0
trajectory_std__box_2.0,683,success,success,,0.5982275746206835,0.0
trajectory_std__box_2.0,684,success,success,,0.6198134653637785,0.0
trajectory_std__box_2.0,685,success,success,,0.6850877750975313,0.0
trajectory_std__box_2.0,686,success,success,,0.4210970707521146,0.0
trajectory_std__box_2.0,687,success,success,,0.7188354724685523,0.0
trajectory_std__box_2.0,688,success,success,,0.5230543437698332,0.0
trajectory_std__box_2.0,689,success,success,,0.15759384452785308,0.0
trajectory_std__box_2.0,690,success,success,,0.5326040256599036,0.0
trajectory_std__box_2.0,691,success,success,,0.6853006966701202,0.0
trajectory_std__box_2.0,692,success,success,,0.6038673499449617,0.0
trajectory_std__box_2.0,693,success,success,,0.5194402849368617,0.0
trajectory_std__box_2.0,694,success,success,,0.8016878622382798,0.0
trajectory_std__box_2.0,695,success,success,,0.3642587172865114,0.0
trajectory_std__box_2.0,696,success,success,,0.45513266119011914,0.0
trajectory_std__box_2.0,697,success,success,,0.09343036009053533,0.0
trajectory_std__box_2.0,698,success,success,,0.3296088674877262,0.0
trajectory_std__box_2.0,699,success,success,,0.32778564529806115,0.0
trajectory_std__box_2.0,700,success,success,,0.6712045035956224,0.0
trajectory_std__box_2.0,701,success,success,,0.6386762511908572,0.0
trajectory_std__box_2.0,702,success,success,,0.5498786068034459,0.0
trajectory_std__box_2.0,703,success,success,,0.3110372961276284,0.0
trajectory_std__box_2.0,704,success,success,,0.5514676326989578,0.0
trajectory_std__box_2.0,705,success,success,,0.6332428833764521,0.0
trajectory_std__box_2.0,706,success,success,,0.35081239798515684,0.0
trajectory_std__box_2.0,707,success,success,,0.7503834147126777,0.0
trajectory_std__box_2.0,708,success,success,,0.26919663252777365,0.0
trajectory_std__box_2.0,709,success,success,,0.46789448765262365,0.0
trajectory_std__box_2.0,710,success,success,,0.7694884925439898,0.0
trajectory_std__box_2.0,711,success,success,,0.4985853380632155,0.0
trajectory_std__box_2.0,712,success,success,,0.5744023549546222,0.0
trajectory_std__box_2.0,713,success,success,,0.6651681184231333,0.0
trajectory_std__box_2.0,714,success,success,,0.7145147020941197,0.0
trajectory_std__box_2.0,715,success,success,,0.7816423488288318,0.0
trajectory_std__box_2.0,716,success,success,,0.6487341621032595,0.0
trajectory_std__box_2.0,717,success,success,,0.649194727264322,0.0
trajectory_std__box_2.0,718,success,success,,0.7101368205316277,0.0
trajectory_std__box_2.0,719,success,success,,0.6153500000070791,0.0
trajectory_std__box_2.0,720,success,success,,0.606541787383357,0.0
trajectory_std__box_2.0,721,success,success,,0.5616042796740853,0.0
trajectory_std__box_2.0,722,success,success,,0.6353866565286606,0.0
trajectory_std__box_2.0,723,success,success,,0.5269096974212992,0.0
trajectory_std__box_2.0,724,success,success,,0.3400915552379107,0.0
trajectory_std__box_2.0,725,success,success,,0.7497046719377825,0.0
trajectory_std__box_2.0,726,success,success,,0.5323583586156557,0.0
trajectory_std__box_2.0,727,success,success,,0.4317102999655331,0.0
trajectory_std__box_2.0,728,success,success,,0.7986749407542169,0.0
trajectory_std__box_2.0,729,success,success,,0.32822299304266195,0.0
trajectory_std__box_2.0,730,success,success,,0.441155754772156,0.0
trajectory_std__box_2.0,731,success,success,,0.5361852536088647,0.0
trajectory_std__box_2.0,732,success,success,,0.6788460687383504,0.0
trajectory_std__box_2.0,733,success,success,,0.6995411418768267,0.0
trajectory_std__box_2.0,734,success,success,,0.504219552773212,0.0
trajectory_std__box_2.0,735,success,success,,0.5754647948469735,0.0
trajectory_std__box_2.0,736,success,success,,0.7157469933053755,0.0
trajectory_std__box_2.0,737,success,success,,0.7935453334186946,0.0
trajectory_std__box_2.0,738,success,success,,0.7917349496411523,0.0
trajectory_std__box_2.0,739,success,success,,0.4184550166572247,0.0
trajectory_std__box_2.0,740,success,success,,0.14783800938536254,0.0
trajectory_std__box_2.0,741,success,success,,0.6164918697201484,0.0
trajectory_std__box_2.0,742,success,success,,0.7838600923501203,0.0
trajectory_std__box_2.0,743,success,success,,0.3732446280631343,0.0
trajectory_std__box_2.0,744,success,success,,0.724011334028298,0.0
trajectory_std__box_2.0,745,success,success,,0.5776494127297086,0.0
trajectory_std__box_2.0,746,success,success,,0.7524271006219514,0.0
trajectory_std__box_2.0,747,success,success,,0.5649288505471706,0.0
trajectory_std__box_2.0,748,success,success,,0.6082434461433215,0.0
trajectory_std__box_2.0,749,success,success,,0.4242268957119033,0.0
trajectory_std__box_2.0,750,success,success,,0.6493523855865081,0.0
trajectory_std__box_2.0,751,success,success,,0.4684718653336919,0.0
trajectory_std__box_2.0,752,success,success,,0.12560656382712015,0.0
trajectory_std__box_2.0,753,success,success,,0.746515084686272,0.0
trajectory_std__box_2.0,754,success,success,,0.6398562565771064,0.0
trajectory_std__box_2.0,755,success,success,,0.43462916072549596,0.0
trajectory_std__box_2.0,756,success,success,,0.520313773191169,0.0
trajectory_std__box_2.0,757,success,success,,0.3325255519297409,0.0
trajectory_std__box_2.0,758,success,success,,0.5721839046443412,0.0
trajectory_std__box_2.0,759,success,success,,0.5089892377423717,0.0
trajectory_std__box_2.0,760,success,success,,0.7304288590943487,0.0
trajectory_std__box_2.0,761,success,success,,0.6920484510957378,0.0
trajectory_std__box_2.0,762,success,success,,0.4310753080271623,0.0
trajectory_std__box_2.0,763,success,success,,0.679133183907163,0.0
trajectory_std__box_2.0,764,success,success,,0.41686233950924567,0.0
trajectory_std__box_2.0,765,success,success,,0.4929700412489779,0.0
trajectory_std__box_2.0,766,success,success,,0.818048754671419,0.0
trajectory_std__box_2.0,767,success,success,,0.7350467371299059,0.0
trajectory_std__box_2.0,768,success,success,,0.6843139289802268,0.0
trajectory_std__box_2.0,769,success,success,,0.39006284242796974,0.0
trajectory_std__box_2.0,770,success,success,,0.8077821459330947,0.0
trajectory_std__box_2.0,771,success,success,,0.7175235969268271,0.0
trajectory_std__box_2.0,772,success,success,,0.3602984658750126,0.0
trajectory_std__box_2.0,773,success,success,,0.4344130854333558,0.0
trajectory_std__box_2.0,774,success,success,,0.3833599233675046,0.0
trajectory_std__box_2.0,775,success,success,,0.24938143472339955,0.0
trajectory_std__box_2.0,776,success,success,,0.5398963460030138,0.0
trajectory_std__box_2.0,777,success,success,,0.7766349247875386,0.0
trajectory_std__box_2.0,778,success,success,,0.3382119711520493,0.0
trajectory_std__box_2.0,779,success,success,,0.42505751795475544,0.0
trajectory_std__box_2.0,780,success,success,,0.672212479661774,0.0
trajectory_std__box_2.0,781,success,success,,0.5997446314422621,0.0
trajectory_std__box_2.0,782,success,success,,0.3450506091457853,0.0
trajectory_std__box_2.0,783,success,success,,0.7033476261978857,0.0
trajectory_std__box_2.0,784,success,success,,0.6235662283074929,0.0
trajectory_std__box_2.0,785,success,success,,0.69180145464939,0.0
trajectory_std__box_2.0,786,success,success,,0.7746511024847936,0.0
trajectory_std__box_2.0,787,success,success,,0.4302282923197179,0.0
trajectory_std__box_2.0,788,success,success,,0.5698163339935273,0.0
trajectory_std__box_2.0,789,success,success,,0.6750918786198756,0.0
trajectory_std__box_2.0,790,success,success,,0.687428247431687,0.0
trajectory_std__box_2.0,791,success,success,,0.4407799299694007,0.0
trajectory_std__box_2.0,792,success,success,,0.5293013669402186,0.0
trajectory_std__box_2.0,793,success,success,,0.7925005952173797,0.0
trajectory_std__box_2.0,794,success,success,,0.2726378692062005,0.0
trajectory_std__box_2.0,795,success,success,,0.5151825575787414,0.0
trajectory_std__box_2.0,796,success,success,,0.3424503096820213,0.0
trajectory_std__box_2.0,797,success,success,,0.39864214562700817,0.0
trajectory_std__box_2.0,798,success,success,,0.5021944436771046,0.0
trajectory_std__box_2.0,799,success,success,,0.17579256027465337,0.0
trajectory_std__box_2.0,800,success,success,,0.6464589386078197,0.0
trajectory_std__box_2.0,801,success,success,,0.7031176798638095,0.0
trajectory_std__box_2.0,802,success,success,,0.802370261478681,0.0
trajectory_std__box_2.0,803,success,success,,0.4104527619371279,0.0
trajectory_std__box_2.0,804,success,success,,0.42334692862997925,0.0
trajectory_std__box_2.0,805,success,success,,0.6922317088803153,0.0
trajectory_std__box_2.0,806,success,success,,0.7128822752460668,0.0
trajectory_std__box_2.0,807,success,success,,0.18838864941466013,0.0
trajectory_std__box_2.0,808,success,success,,0.6802976526370214,0.0
trajectory_std__box_2.0,809,success,success,,0.3775816304995125,0.0
trajectory_std__box_2.0,810,success,success,,0.20146592130698637,0.0
trajectory_std__box_2.0,811,success,success,,0.5094341309776107,0.0
trajectory_std__box_2.0,812,success,success,,0.6600623662066435,0.0
trajectory_std__box_2.0,813,success,success,,0.6814179374922398,0.0
trajectory_std__box_2.0,814,success,success,,0.6621415311897428,0.0
trajectory_std__box_2.0,815,success,success,,0.6226871573795154,0.0
trajectory_std__box_2.0,816,success,success,,0.46542724416512093,0.0
trajectory_std__box_2.0,817,success,success,,0.37590070512189877,0.0
trajectory_std__box_2.0,818,success,success,,0.6255551753611074,0.0
trajectory_std__box_2.0,819,success,success,,0.04907138438647918,0.0
trajectory_std__box_2.0,820,success,success,,0.7859882937542209,0.0
trajectory_std__box_2.0,821,success,success,,0.34549306966606697,0.0
trajectory_std__box_2.0,822,success,success,,0.1569076254549383,0.0
trajectory_std__box_2.0,823,success,success,,0.7640374913281092,0.0
trajectory_std__box_2.0,824,success,success,,0.7126232020545,0.0
trajectory_std__box_2.0,825,success,success,,0.3061549780787505,0.0
trajectory_std__box_2.0,826,success,success,,0.5904385187016368,0.0
trajectory_std__box_2.0,827,success,success,,0.5459644651060868,0.0
trajectory_std__box_2.0,828,success,success,,0.3240426258431811,0.0
trajectory_std__box_2.0,829,success,success,,0.6405676144899262,0.0
trajectory_std__box_2.0,830,success,success,,0.7666036522967719,0.0
trajectory_std__box_2.0,831,success,success,,0.7071046714156699,0.0
trajectory_std__box_2.0,832,success,success,,0.6698132121612522,0.0
trajectory_std__box_2.0,833,success,success,,0.7597012486028605,0.0
trajectory_std__box_2.0,834,success,success,,0.660271255761581,0.0
trajectory_std__box_2.0,835,success,success,,0.5127321501231402,0.0
trajectory_std__box_2.0,836,success,success,,0.6032479045400094,0.0
trajectory_std__box_2.0,837,success,success,,0.5280866477231199,0.0
trajectory_std__box_2.0,838,success,success,,0.5868645399137734,0.0
trajectory_std__box_2.0,839,success,success,,0.4154887238845609,0.0
trajectory_std__box_2.0,840,success,success,,0.7608997623909243,0.0
trajectory_std__box_2.0,841,success,success,,0.41117254909831386,0.0
trajectory_std__box_2.0,842,success,success,,0.5821800249411307,0.0
trajectory_std__box_2.0,843,success,success,,0.42423044633814455,0.0
trajectory_std__box_2.0,844,success,success,,0.3747158042815317,0.0
trajectory_std__box_2.0,845,success,success,,0.6113711801668162,0.0
trajectory_std__box_2.0,846,success,success,,0.7697822172633405,0.0
trajectory_std__box_2.0,847,success,success,,0.7813843267170535,0.0
trajectory_std__box_2.0,848,success,success,,0.6778441339522127,0.0
trajectory_std__box_2.0,849,success,success,,0.43201072814862684,0.0
trajectory_std__box_2.0,850,success,success,,0.742324634888263,0.0
trajectory_std__box_2.0,851,success,success,,0.3258390187762932,0.0
trajectory_std__box_2.0,852,success,success,,0.5527688506084733,0.0
trajectory_std__box_2.0,853,success,success,,0.5783610608433141,0.0
trajectory_std__box_2.0,854,success,success,,0.6383505909442145,0.0
trajectory_std__box_2.0,855,success,success,,0.42297407629062983,0.0
trajectory_std__box_2.0,856,success,success,,0.4339617626662556,0.0
trajectory_std__box_2.0,857,success,success,,0.3146886294689325,0.0
trajectory_std__box_2.0,858,success,success,,0.5054164643975257,0.0
trajectory_std__box_2.0,859,success,success,,0.7483938867116237,0.0
trajectory_std__box_2.0,860,success,success,,0.04724582270893367,0.0
trajectory_std__box_2.0,861,success,success,,0.6922711354349531,0.0
trajectory_std__box_2.0,862,success,success,,0.5582285333670214,0.0
trajectory_std__box_2.0,863,success,success,,0.7321370049482869,0.0
trajectory_std__box_2.0,864,success,success,,0.7224883953681243,0.0
trajectory_std__box_2.0,865,success,success,,0.787145052453699,0.0
trajectory_std__box_2.0,866,success,success,,0.7825772051034868,0.0
trajectory_std__box_2.0,867,success,success,,0.7734411592020903,0.0
trajectory_std__box_2.0,868,success,success,,0.5877093855916229,0.0
trajectory_std__box_2.0,869,success,success,,0.23214159904898188,0.0
trajectory_std__box_2.0,870,success,success,,0.7934520034392211,0.0
trajectory_std__box_2.0,871,success,success,,0.775887115023099,0.0
trajectory_std__box_2.0,872,success,success,,0.33661266718357874,0.0
trajectory_std__box_2.0,873,success,success,,0.2413242382294491,0.0
trajectory_std__box_2.0,874,success,success,,0.5839238244517042,0.0
trajectory_std__box_2.0,875,success,success,,0.5591358758071114,0.0
trajectory_std__box_2.0,876,success,success,,0.7154854461912195,0.0
trajectory_std__box_2.0,877,success,success,,0.7943867771084372,0.0
trajectory_std__box_2.0,878,success,success,,0.6810465256750121,0.0
trajectory_std__box_2.0,879,success,success,,0.6470870261579679,0.0
trajectory_std__box_2.0,880,success,success,,0.5135856300030036,0.0
trajectory_std__box_2.0,881,success,success,,0.153538888261949,0.0
trajectory_std__box_2.0,882,success,success,,0.11970573706070314,0.0
trajectory_std__box_2.0,883,success,success,,0.5612568766349247,0.0
trajectory_std__box_2.0,884,success,success,,0.28647889389097325,0.0
trajectory_std__box_2.0,885,success,success,,0.702315515046303,0.0
trajectory_std__box_2.0,886,success,success,,0.755543847422214,0.0
trajectory_std__box_2.0,887,success,success,,0.6243981335008859,0.0
trajectory_std__box_2.0,888,success,success,,0.7252842116510652,0.0
trajectory_std__box_2.0,889,success,success,,0.5887830490466042,0.0
trajectory_std__box_2.0,890,success,success,,0.4282639036943198,0.0
trajectory_std__box_2.0,891,success,success,,0.4444255694178606,0.0
trajectory_std__box_2.0,892,success,success,,0.6506866553602094,0.0
trajectory_std__box_2.0,893,success,success,,0.22675548961718225,0.0
trajectory_std__box_2.0,894,success,success,,0.4779295726535204,0.0
trajectory_std__box_2.0,895,success,success,,0.5892248279190025,0.0
trajectory_std__box_2.0,896,success,success,,0.16503478813440894,0.0
trajectory_std__box_2.0,897,success,success,,0.6150716912584102,0.0
trajectory_std__box_2.0,898,success,success,,0.3207894213523297,0.0
trajectory_std__box_2.0,899,success,success,,0.6286230916289839,0.0
trajectory_std__box_2.0,900,success,success,,0.6698672834559962,0.0
trajectory_std__box_2.0,901,success,success,,0.7122816917400656,0.0
trajectory_std__box_2.0,902,success,success,,0.1250072962553264,0.0
trajectory_std__box_2.0,903,success,success,,0.39965237383444696,0.0
trajectory_std__box_2.0,904,success,success,,0.19820261849636245,0.0
trajectory_std__box_2.0,905,success,success,,0.5155263741829417,0.0
trajectory_std__box_2.0,906,success,success,,0.698396263031171,0.0
trajectory_std__box_2.0,907,success,success,,0.7485675667821189,0.0
trajectory_std__box_2.0,908,success,success,,0.7808513534728276,0.0
trajectory_std__box_2.0,909,success,success,,0.40679098347585385,0.0
trajectory_std__box_2.0,910,success,success,,0.5800546542971291,0.0
trajectory_std__box_2.0,911,success,success,,0.49860042230598617,0.0
trajectory_std__box_2.0,912,success,success,,0.3813525626937792,0.0
trajectory_std__box_2.0,913,success,success,,0.5005525089627142,0.0
trajectory_std__box_2.0,914,success,success,,0.5717180451039461,0.0
trajectory_std__box_2.0,915,success,success,,0.7251850003842468,0.0
trajectory_std__box_2.0,916,success,success,,0.7875106032064898,0.0
trajectory_std__box_2.0,917,success,success,,0.41460970084575904,0.0
trajectory_std__box_2.0,918,success,success,,0.5993883401672897,0.0
trajectory_std__box_2.0,919,success,success,,0.5325112385884856,0.0
trajectory_std__box_2.0,920,success,success,,0.26935225748220426,0.0
trajectory_std__box_2.0,921,success,success,,0.4732681056505702,0.0
trajectory_std__box_2.0,922,success,success,,0.7638169180464695,0.0
trajectory_std__box_2.0,923,success,success,,0.08898955459318415,0.0
trajectory_std__box_2.0,924,success,success,,0.15823231595349987,0.0
trajectory_std__box_2.0,925,success,success,,0.5748666427288167,0.0
trajectory_std__box_2.0,926,success,success,,0.7761938400871069,0.0
trajectory_std__box_2.0,927,success,success,,0.5226187927285477,0.0
trajectory_std__box_2.0,928,success,success,,0.606444002306438,0.0
trajectory_std__box_2.0,929,success,success,,0.6486599891917737,0.0
trajectory_std__box_2.0,930,success,success,,0.1765428502599616,0.0
trajectory_std__box_2.0,931,success,success,,0.6534174343009079,0.0
trajectory_std__box_2.0,932,success,success,,0.8234417089112014,0.0
trajectory_std__box_2.0,933,success,success,,0.5640556633107783,0.0
trajectory_std__box_2.0,934,success,success,,0.4982497334867985,0.0
trajectory_std__box_2.0,935,success,success,,0.6293143109638596,0.0
trajectory_std__box_2.0,936,success,success,,0.6650881848663587,0.0
trajectory_std__box_2.0,937,success,success,,0.7918323993192892,0.0
trajectory_std__box_2.0,938,success,success,,0.0992926033031518,0.0
trajectory_std__box_2.0,939,success,success,,0.33992291505748173,0.0
trajectory_std__box_2.0,940,success,success,,0.8114566726388491,0.0
trajectory_std__box_2.0,941,success,success,,0.3088643667887504,0.0
trajectory_std__box_2.0,942,success,success,,0.5802281495876773,0.0
trajectory_std__box_2.0,943,success,success,,0.43755490270512193,0.0
trajectory_std__box_2.0,944,success,success,,0.38637107909027824,0.0
trajectory_std__box_2.0,945,success,success,,0.7517403121968698,0.0
trajectory_std__box_2.0,946,success,success,,0.24927185251533315,0.0
trajectory_std__box_2.0,947,success,success,,0.6486665781409762,0.0
trajectory_std__box_2.0,948,success,success,,0.43030093639893685,0.0
trajectory_std__box_2.0,949,success,success,,0.19916237863740482,0.0
trajectory_std__box_2.0,950,success,success,,0.687394634011745,0.0
trajectory_std__box_2.0,951,success,success,,0.6394932227014289,0.0
trajectory_std__box_2.0,952,success,success,,0.3239841265515243,0.0
trajectory_std__box_2.0,953,success,success,,0.586437435800614,0.0
trajectory_std__box_2.0,954,success,success,,0.6160980878296717,0.0
trajectory_std__box_2.0,955,success,success,,0.5408335406328834,0.0
trajectory_std__box_2.0,956,success,success,,0.26770316546383643,0.0
trajectory_std__box_2.0,957,success,success,,0.6655659879753699,0.0
trajectory_std__box_2.0,958,success,success,,0.3836694306818205,0.0
trajectory_std__box_2.0,959,success,success,,0.09401854297485109,0.0
trajectory_std__box_2.0,960,success,success,,0.39134686430522103,0.0
trajectory_std__box_2.0,961,success,success,,0.6048140342675383,0.0
trajectory_std__box_2.0,962,success,success,,0.6830039850531171,0.0
trajectory_std__box_2.0,963,success,success,,0.6990368446262362,0.0
trajectory_std__box_2.0,964,success,success,,0.7481991281008809,0.0
trajectory_std__box_2.0,965,success,success,,0.33084839009212436,0.0
trajectory_std__box_2.0,966,success,success,,0.6385134169936327,0.0
trajectory_std__box_2.0,967,success,success,,0.0998144862547388,0.0
trajectory_std__box_2.0,968,success,success,,0.5404645232850817,0.0
trajectory_std__box_2.0,969,success,success,,0.4980521173993493,0.0
trajectory_std__box_2.0,970,success,success,,0.478265779870386,0.0
trajectory_std__box_2.0,971,success,success,,0.3571185353050118,0.0
trajectory_std__box_2.0,972,success,success,,0.5950627232025992,0.0
trajectory_std__box_2.0,973,success,success,,0.19917313170976572,0.0
trajectory_std__box_2.0,974,success,success,,0.5026141252772159,0.0
trajectory_std__box_2.0,975,success,success,,0.7137289294832404,0.0
trajectory_std__box_2.0,976,success,success,,0.7444336398238608,0.0
trajectory_std__box_2.0,977,success,success,,0.6398064137866105,0.0
trajectory_std__box_2.0,978,success,success,,0.3333732073080167,0.0
trajectory_std__box_2.0,979,success,success,,0.6996654735217677,0.0
trajectory_std__box_2.0,980,success,success,,0.44603697764064326,0.0
trajectory_std__box_2.0,981,success,success,,0.18979713193500408,0.0
trajectory_std__box_2.0,982,success,success,,0.7354539703091412,0.0
trajectory_std__box_2.0,983,success,success,,0.5715472434896622,0.0
trajectory_std__box_2.0,984,success,success,,0.7333121053344226,0.0
trajectory_std__box_2.0,985,success,success,,0.6743936858258082,0.0
trajectory_std__box_2.0,986,success,success,,0.35742760241251226,0.0
trajectory_std__box_2.0,987,success,success,,0.3886582015839274,0.0
trajectory_std__box_2.0,988,success,success,,0.6921318102560936,0.0
trajectory_std__box_2.0,989,success,success,,0.40161341369634507,0.0
trajectory_std__box_2.0,990,success,success,,0.5678762240848187,0.0
trajectory_std__box_2.0,991,success,success,,0.6478050536542178,0.0
trajectory_std__box_2.0,992,success,success,,0.3827217183041989,0.0
trajectory_std__box_2.0,993,success,success,,0.7283012654394119,0.0
trajectory_std__box_2.0,994,success,success,,0.5008111737297483,0.0
trajectory_std__box_2.0,995,success,success,,0.455324809323029,0.0
trajectory_std__box_2.0,996,success,success,,0.3876697959320944,0.0
trajectory_std__box_2.0,997,success,success,,0.7217801031219525,0.0
trajectory_std__box_2.0,998,success,success,,0.5537124320068719,0.0
trajectory_std__box_2.0,999,success,success,,0.4961772005807654,0.0
trajectory_std__box_2.0,1000,success,success,,0.34921036605762545,0.0
trajectory_std__box_3.0,1,success,success,,0.3041429686882137,0.0
trajectory_std__box_3.0,2,success,success,,0.48284816453421,0.0
trajectory_std__box_3.0,3,success,success,,0.2803240014334865,0.0
trajectory_std__box_3.0,4,success,success,,0.7033527307051712,0.0
trajectory_std__box_3.0,5,success,success,,0.5580341394587032,0.0
trajectory_std__box_3.0,6,success,success,,0.7507514711655155,0.0
trajectory_std__box_3.0,7,success,success,,0.6775400639231381,0.0
trajectory_std__box_3.0,8,success,success,,0.5869519183307426,0.0
trajectory_std__box_3.0,9,success,success,,0.6817229745367065,0.0
trajectory_std__box_3.0,10,success,success,,0.7157740621315831,0.0
trajectory_std__box_3.0,11,success,success,,0.6741981581855152,0.0
trajectory_std__box_3.0,12,success,success,,0.6810108187423324,0.0
trajectory_std__box_3.0,13,success,success,,0.3687347526589692,0.0
trajectory_std__box_3.0,14,success,success,,0.7540007070110908,0.0
trajectory_std__box_3.0,15,success,success,,0.6739164420625872,0.0
trajectory_std__box_3.0,16,success,success,,0.49970408503275004,0.0
trajectory_std__box_3.0,17,success,success,,0.5804226935090007,0.0
trajectory_std__box_3.0,18,success,success,,0.4872429346385435,0.0
trajectory_std__box_3.0,19,success,success,,0.41058561356470785,0.0
trajectory_std__box_3.0,20,success,success,,0.4640550281433532,0.0
trajectory_std__box_3.0,21,success,success,,0.24532754510490276,0.0
trajectory_std__box_3.0,22,success,success,,0.549525936035694,0.0
trajectory_std__box_3.0,23,success,success,,0.7951777188990674,0.0
trajectory_std__box_3.0,24,success,success,,0.4855467392224342,0.0
trajectory_std__box_3.0,25,success,success,,0.30910722636813215,0.0
trajectory_std__box_3.0,26,success,success,,0.4876828813527014,0.0
trajectory_std__box_3.0,27,success,success,,0.380252300827531,0.0
trajectory_std__box_3.0,28,success,success,,0.2654938528632498,0.0
trajectory_std__box_3.0,29,success,success,,0.4149000694923011,0.0
trajectory_std__box_3.0,30,success,success,,0.6596828036568143,0.0
trajectory_std__box_3.0,31,success,success,,0.4312023000213772,0.0
trajectory_std__box_3.0,32,success,success,,0.5822778329275453,0.0
trajectory_std__box_3.0,33,success,success,,0.6078393370225893,0.0
trajectory_std__box_3.0,34,success,success,,0.6271112242445064,0.0
trajectory_std__box_3.0,35,success,success,,0.6251608076967123,0.0
trajectory_std__box_3.0,36,success,success,,0.7831847950648405,0.0
trajectory_std__box_3.0,37,success,success,,0.7367281955287496,0.0
trajectory_std__box_3.0,38,success,success,,0.3850471547129348,0.0
trajectory_std__box_3.0,39,success,success,,0.39662602993511104,0.0
trajectory_std__box_3.0,40,success,success,,0.7897382755444798,0.0
trajectory_std__box_3.0,41,success,success,,0.24596797065685702,0.0
trajectory_std__box_3.0,42,success,success,,0.6211604716043555,0.0
trajectory_std__box_3.0,43,success,success,,0.6580518262820497,0.0
trajectory_std__box_3.0,44,success,success,,0.6301617076379229,0.0
trajectory_std__box_3.0,45,success,success,,0.6783677098634209,0.0
trajectory_std__box_3.0,46,success,success,,0.39103609101919234,0.0
trajectory_std__box_3.0,47,success,success,,0.8000766954225208,0.0
trajectory_std__box_3.0,48,success,success,,0.2125655443099727,0.0
trajectory_std__box_3.0,49,success,success,,0.3460024779299484,0.0
trajectory_std__box_3.0,50,success,success,,0.5601885364173901,0.0
trajectory_std__box_3.0,51,success,success,,0.2874508258462109,0.0
trajectory_std__box_3.0,52,success,success,,0.2059210920159124,0.0
trajectory_std__box_3.0,53,success,success,,0.2954103985047698,0.0
trajectory_std__box_3.0,54,success,success,,0.493097687035035,0.0
trajectory_std__box_3.0,55,success,success,,0.5725947196315188,0.0
trajectory_std__box_3.0,56,success,success,,0.6010807621574304,0.0
trajectory_std__box_3.0,57,success,success,,0.7462885287696428,0.0
trajectory_std__box_3.0,58,success,success,,0.7652497868783698,0.0
trajectory_std__box_3.0,59,success,success,,0.6686905646251524,0.0
trajectory_std__box_3.0,60,success,success,,0.6323043499963266,0.0
trajectory_std__box_3.0,61,success,success,,0.7998914331440166,0.0
trajectory_std__box_3.0,62,success,success,,0.3312872038439166,0.0
trajectory_std__box_3.0,63,success,success,,0.8096160697409429,0.0
trajectory_std__box_3.0,64,success,success,,0.5337454502081911,0.0
trajectory_std__box_3.0,65,success,success,,0.748780394542653,0.0
trajectory_std__box_3.0,66,success,success,,0.6126537869957522,0.0
trajectory_std__box_3.0,67,success,success,,0.4368598144584475,0.0
trajectory_std__box_3.0,68,success,success,,0.4557314921251638,0.0
trajectory_std__box_3.0,69,success,success,,0.6683610102712154,0.0
trajectory_std__box_3.0,70,success,success,,0.5735727163258549,0.0
trajectory_std__box_3.0,71,success,success,,0.15695063165684603,0.0
trajectory_std__box_3.0,72,success,success,,0.7709016098581608,0.0
trajectory_std__box_3.0,73,success,success,,0.5107568787365621,0.0
trajectory_std__box_3.0,74,success,success,,0.3363411993529726,0.0
trajectory_std__box_3.0,75,success,success,,0.6630460847006657,0.0
trajectory_std__box_3.0,76,success,success,,0.6213773952389181,0.0
trajectory_std__box_3.0,77,success,success,,0.5199481511769012,0.0
trajectory_std__box_3.0,78,success,success,,0.7842627391149253,0.0
trajectory_std__box_3.0,79,success,success,,0.5629302562804734,0.0
trajectory_std__box_3.0,80,success,success,,0.4138288127021317,0.0
trajectory_std__box_3.0,81,success,success,,0.11841485275288607,0.0
trajectory_std__box_3.0,82,success,success,,0.3475812759178103,0.0
trajectory_std__box_3.0,83,success,success,,0.5371887597904791,0.0
trajectory_std__box_3.0,84,success,success,,0.2523270302254556,0.0
trajectory_std__box_3.0,85,success,success,,0.4685818720277775,0.0
trajectory_std__box_3.0,86,success,success,,0.7529115937362396,0.0
trajectory_std__box_3.0,87,success,success,,0.7355726722881104,0.0
trajectory_std__box_3.0,88,success,success,,0.44159787744527335,0.0
trajectory_std__box_3.0,89,success,success,,0.6861349697284921,0.0
trajectory_std__box_3.0,90,success,success,,0.7445167447251615,0.0
trajectory_std__box_3.0,91,success,success,,0.6096919943268232,0.0
trajectory_std__box_3.0,92,success,success,,0.5090393990569932,0.0
trajectory_std__box_3.0,93,success,success,,0.650295414078633,0.0
trajectory_std__box_3.0,94,success,success,,0.3127419149014907,0.0
trajectory_std__box_3.0,95,success,success,,0.3337493950860575,0.0
trajectory_std__box_3.0,96,success,success,,0.715783308896655,0.0
trajectory_std__box_3.0,97,success,success,,0.17225040609136627,0.0
trajectory_std__box_3.0,98,success,success,,0.5986447148530533,0.0
trajectory_std__box_3.0,99,success,success,,0.2957422715196077,0.0
trajectory_std__box_3.0,100,success,success,,0.1991907978962286,0.0
trajectory_std__box_3.0,101,success,success,,0.526492518473277,0.0
trajectory_std__box_3.0,102,success,success,,0.48620241172739964,0.0
trajectory_std__box_3.0,103,success,success,,0.7262927995946067,0.0
trajectory_std__box_3.0,104,success,success,,0.5702982053459091,0.0
trajectory_std__box_3.0,105,success,success,,0.606044076939516,0.0
trajectory_std__box_3.0,106,success,success,,0.6543099496889702,0.0
trajectory_std__box_3.0,107,success,success,,0.4771636040428004,0.0
trajectory_std__box_3.0,108,success,success,,0.8035987767971966,0.0
trajectory_std__box_3.0,109,success,success,,0.47571404255314426,0.0
trajectory_std__box_3.0,110,success,success,,0.779490908460332,0.0
trajectory_std__box_3.0,111,success,success,,0.6857382490942663,0.0
trajectory_std__box_3.0,112,success,success,,0.44692727827018497,0.0
trajectory_std__box_3.0,113,success,success,,0.32861350858287247,0.0
trajectory_std__box_3.0,114,success,success,,0.7565645713355403,0.0
trajectory_std__box_3.0,115,success,success,,0.731729439626325,0.0
trajectory_std__box_3.0,116,success,success,,0.09093023076280735,0.0
trajectory_std__box_3.0,117,success,success,,0.45176331226415506,0.0
trajectory_std__box_3.0,118,success,success,,0.4826655920286407,0.0
trajectory_std__box_3.0,119,success,success,,0.5958029472454744,0.0
trajectory_std__box_3.0,120,success,success,,0.6151588952770384,0.0
trajectory_std__box_3.0,121,success,success,,0.5770474622322493,0.0
trajectory_std__box_3.0,122,success,success,,0.5264912419107252,0.0
trajectory_std__box_3.0,123,success,success,,0.7109293125919287,0.0
trajectory_std__box_3.0,124,success,success,,0.2844230029981169,0.0
trajectory_std__box_3.0,125,success,success,,0.29837421197192987,0.0
trajectory_std__box_3.0,126,success,success,,0.7718533458757061,0.0
trajectory_std__box_3.0,127,success,success,,0.3698520188572301,0.0
trajectory_std__box_3.0,128,success,success,,0.7997753998638171,0.0
trajectory_std__box_3.0,129,success,success,,0.5303742376005045,0.0
trajectory_std__box_3.0,130,success,success,,0.6117211658952767,0.0
trajectory_std__box_3.0,131,success,success,,0.44867852188720303,0.0
trajectory_std__box_3.0,132,success,success,,0.28708495759187735,0.0
trajectory_std__box_3.0,133,success,success,,0.4586318748032017,0.0
trajectory_std__box_3.0,134,success,success,,0.5902206571577822,0.0
trajectory_std__box_3.0,135,success,success,,0.24503887742394967,0.0
trajectory_std__box_3.0,136,success,success,,0.617761430665621,0.0
trajectory_std__box_3.0,137,success,success,,0.761070104938034,0.0
trajectory_std__box_3.0,138,success,success,,0.5827844341462604,0.0
trajectory_std__box_3.0,139,success,success,,0.6073310733671072,0.0
trajectory_std__box_3.0,140,success,success,,0.6839386957004212,0.0
trajectory_std__box_3.0,141,success,success,,0.7519209449088273,0.0
trajectory_std__box_3.0,142,success,success,,0.7193150684970994,0.0
trajectory_std__box_3.0,143,success,success,,0.4296542259650592,0.0
trajectory_std__box_3.0,144,success,success,,0.7575648414976776,0.0
trajectory_std__box_3.0,145,success,success,,0.703128191673463,0.0
trajectory_std__box_3.0,146,success,success,,0.3166640661068674,0.0
trajectory_std__box_3.0,147,success,success,,0.7322009651660427,0.0
trajectory_std__box_3.0,148,success,success,,0.6178888963447753,0.0
trajectory_std__box_3.0,149,success,success,,0.3687642931955134,0.0
trajectory_std__box_3.0,150,success,success,,0.4125863583242254,0.0
trajectory_std__box_3.0,151,success,success,,0.05564358512793197,0.0
trajectory_std__box_3.0,152,success,success,,0.6458091142006636,0.0
trajectory_std__box_3.0,153,success,success,,0.26981832909639875,0.0
trajectory_std__box_3.0,154,success,success,,0.33110742421975997,0.0
trajectory_std__box_3.0,155,success,success,,0.32705793927407156,0.0
trajectory_std__box_3.0,156,success,success,,0.3088811363360084,0.0
trajectory_std__box_3.0,157,success,success,,0.4872779999856567,0.0
trajectory_std__box_3.0,158,success,success,,0.5639588251267065,0.0
trajectory_std__box_3.0,159,success,success,,0.7327426396671204,0.0
trajectory_std__box_3.0,160,success,success,,0.41660985473290807,0.0
trajectory_std__box_3.0,161,success,success,,0.4148923126260407,0.0
trajectory_std__box_3.0,162,success,success,,0.20621568796000567,0.0
trajectory_std__box_3.0,163,success,success,,0.21938428550459813,0.0
trajectory_std__box_3.0,164,success,success,,0.6440194691481382,0.0
trajectory_std__box_3.0,165,success,success,,0.34769248722220514,0.0
trajectory_std__box_3.0,166,success,success,,0.587808202041949,0.0
trajectory_std__box_3.0,167,success,success,,0.6723841156814134,0.0
trajectory_std__box_3.0,168,success,success,,0.510202656088399,0.0
trajectory_std__box_3.0,169,success,success,,0.24412787045648832,0.0
trajectory_std__box_3.0,170,success,success,,0.6640250615013006,0.0
trajectory_std__box_3.0,171,success,success,,0.7450102574843491,0.0
trajectory_std__box_3.0,172,success,success,,0.3730929436753596,0.0
trajectory_std__box_3.0,173,success,success,,0.48124708587195153,0.0
trajectory_std__box_3.0,174,success,success,,0.24474142089975376,0.0
trajectory_std__box_3.0,175,success,success,,0.40691358642595493,0.0
trajectory_std__box_3.0,176,success,success,,0.7705329501381573,0.0
trajectory_std__box_3.0,177,success,success,,0.7316361060428296,0.0
trajectory_std__box_3.0,178,success,success,,0.18356056908117319,0.0
trajectory_std__box_3.0,179,success,success,,0.6656741656368979,0.0
trajectory_std__box_3.0,180,success,success,,0.6642276108390754,0.0
trajectory_std__box_3.0,181,success,success,,0.4897661562153393,0.0
trajectory_std__box_3.0,182,success,success,,0.46535479494706,0.0
trajectory_std__box_3.0,183,success,success,,0.7375234167425938,0.0
trajectory_std__box_3.0,184,success,success,,0.07642291431989723,0.0
trajectory_std__box_3.0,185,success,success,,0.6286151557602466,0.0
trajectory_std__box_3.0,186,success,success,,0.41476805758905433,0.0
trajectory_std__box_3.0,187,success,success,,0.37165798300955866,0.0
trajectory_std__box_3.0,188,success,success,,0.418821526818561,0.0
trajectory_std__box_3.0,189,success,success,,0.5492172722167828,0.0
trajectory_std__box_3.0,190,success,success,,0.1511836118354235,0.0
trajectory_std__box_3.0,191,success,success,,0.7923571345761421,0.0
trajectory_std__box_3.0,192,success,success,,0.40012601575474355,0.0
trajectory_std__box_3.0,193,success,success,,0.4872915388563406,0.0
trajectory_std__box_3.0,194,success,success,,0.3534506817630346,0.0
trajectory_std__box_3.0,195,success,success,,0.6994039143324523,0.0
trajectory_std__box_3.0,196,success,success,,0.7569338887484148,0.0
trajectory_std__box_3.0,197,success,success,,0.3792259244393632,0.0
trajectory_std__box_3.0,198,success,success,,0.7580116813613703,0.0
trajectory_std__box_3.0,199,success,success,,0.27484539606140845,0.0
trajectory_std__box_3.0,200,success,success,,0.7559859933287124,0.0
trajectory_std__box_3.0,201,success,success,,0.689336351507142,0.0
trajectory_std__box_3.0,202,success,success,,0.6247357108941783,0.0
trajectory_std__box_3.0,203,success,success,,0.7962208195569125,0.0
trajectory_std__box_3.0,204,success,success,,0.726456918730322,0.0
trajectory_std__box_3.0,205,success,success,,0.6499210011481483,0.0
trajectory_std__box_3.0,206,success,success,,0.5584005906285894,0.0
trajectory_std__box_3.0,207,success,success,,0.43995816666231646,0.0
trajectory_std__box_3.0,208,success,success,,0.7508994530592065,0.0
trajectory_std__box_3.0,209,success,success,,0.3911078833373013,0.0
trajectory_std__box_3.0,210,success,success,,0.6022486139254071,0.0
trajectory_std__box_3.0,211,success,success,,0.45755746765014627,0.0
trajectory_std__box_3.0,212,success,success,,0.6708625048204672,0.0
trajectory_std__box_3.0,213,success,success,,0.7942767081262552,0.0
trajectory_std__box_3.0,214,success,success,,0.4309711856576304,0.0
trajectory_std__box_3.0,215,success,success,,0.348512212095778,0.0
trajectory_std__box_3.0,216,success,success,,0.6996975865076094,0.0
trajectory_std__box_3.0,217,success,success,,0.7090877090769663,0.0
trajectory_std__box_3.0,218,success,success,,0.7452906305874897,0.0
trajectory_std__box_3.0,219,success,success,,0.7298627066921962,0.0
trajectory_std__box_3.0,220,success,success,,0.6732583061548926,0.0
trajectory_std__box_3.0,221,success,success,,0.13791580044872648,0.0
trajectory_std__box_3.0,222,success,success,,0.6808244398028961,0.0
trajectory_std__box_3.0,223,success,success,,0.6960126777099707,0.0
trajectory_std__box_3.0,224,success,success,,0.7980087458439351,0.0
trajectory_std__box_3.0,225,success,success,,0.6348804806098016,0.0
trajectory_std__box_3.0,226,success,success,,0.4764158819807486,0.0
trajectory_std__box_3.0,227,success,success,,0.22930863442234767,0.0
trajectory_std__box_3.0,228,success,success,,0.20980815427797245,0.0
trajectory_std__box_3.0,229,success,success,,0.5628610324821635,0.0
trajectory_std__box_3.0,230,success,success,,0.5869338935622685,0.0
trajectory_std__box_3.0,231,success,success,,0.5150555610545248,0.0
trajectory_std__box_3.0,232,success,success,,0.5592052186859059,0.0
trajectory_std__box_3.0,233,success,success,,0.4077683712850143,0.0
trajectory_std__box_3.0,234,success,success,,0.15918189089355483,0.0
trajectory_std__box_3.0,235,success,success,,0.42320788195575315,0.0
trajectory_std__box_3.0,236,success,success,,0.5829336997912339,0.0
trajectory_std__box_3.0,237,success,success,,0.5119611171357298,0.0
trajectory_std__box_3.0,238,success,success,,0.5699663725166446,0.0
trajectory_std__box_3.0,239,success,success,,0.5089145360785692,0.0
trajectory_std__box_3.0,240,success,success,,0.6848826409797653,0.0
trajectory_std__box_3.0,241,success,success,,0.5059046734704433,0.0
trajectory_std__box_3.0,242,success,success,,0.4978919891118607,0.0
trajectory_std__box_3.0,243,success,success,,0.4202796168387055,0.0
trajectory_std__box_3.0,244,success,success,,0.33335609114043346,0.0
trajectory_std__box_3.0,245,success,success,,0.760450682437738,0.0
trajectory_std__box_3.0,246,success,success,,0.7462790611317079,0.0
trajectory_std__box_3.0,247,success,success,,0.3899595829423759,0.0
trajectory_std__box_3.0,248,success,success,,0.12638227790176004,0.0
trajectory_std__box_3.0,249,success,success,,0.4378262489752775,0.0
trajectory_std__box_3.0,250,success,success,,0.5731861277223577,0.0
trajectory_std__box_3.0,251,success,success,,0.6142054075041703,0.0
trajectory_std__box_3.0,252,success,success,,0.5543510752730253,0.0
trajectory_std__box_3.0,253,success,success,,0.37082650011755375,0.0
trajectory_std__box_3.0,254,success,success,,0.6615543780934106,0.0
trajectory_std__box_3.0,255,success,success,,0.4664367303813038,0.0
trajectory_std__box_3.0,256,success,success,,0.46427377577509876,0.0
trajectory_std__box_3.0,257,success,success,,0.7325260769034306,0.0
trajectory_std__box_3.0,258,success,success,,0.25232715120768856,0.0
trajectory_std__box_3.0,259,success,success,,0.29611908419895616,0.0
trajectory_std__box_3.0,260,success,success,,0.49014192880948987,0.0
trajectory_std__box_3.0,261,success,success,,0.45946862550794115,0.0
trajectory_std__box_3.0,262,success,success,,0.7410381004543063,0.0
trajectory_std__box_3.0,263,success,success,,0.10404088796410635,0.0
trajectory_std__box_3.0,264,success,success,,0.06579873176551786,0.0
trajectory_std__box_3.0,265,success,success,,0.6471111044754888,0.0
trajectory_std__box_3.0,266,success,success,,0.7838923014305771,0.0
trajectory_std__box_3.0,267,success,success,,0.45071868026872675,0.0
trajectory_std__box_3.0,268,success,success,,0.6481729878935139,0.0
trajectory_std__box_3.0,269,success,success,,0.5702601991611107,0.0
trajectory_std__box_3.0,270,success,success,,0.11095816665009552,0.0
trajectory_std__box_3.0,271,success,success,,0.6011670367687504,0.0
trajectory_std__box_3.0,272,success,success,,0.40725124432269993,0.0
trajectory_std__box_3.0,273,success,success,,0.7692308353912778,0.0
trajectory_std__box_3.0,274,success,success,,0.6355582231292736,0.0
trajectory_std__box_3.0,275,success,success,,0.5815381197936668,0.0
trajectory_std__box_3.0,276,success,success,,0.6108902307897738,0.0
trajectory_std__box_3.0,277,success,success,,0.7868270569011999,0.0
trajectory_std__box_3.0,278,success,success,,0.582419444877765,0.0
trajectory_std__box_3.0,279,success,success,,0.29967626570788297,0.0
trajectory_std__box_3.0,280,success,success,,0.4659701612620571,0.0
trajectory_std__box_3.0,281,success,success,,0.752423370914576,0.0
trajectory_std__box_3.0,282,success,success,,0.6823491099943264,0.0
trajectory_std__box_3.0,283,success,success,,0.36195850695793425,0.0
trajectory_std__box_3.0,284,success,success,,0.3010878469411152,0.0
trajectory_std__box_3.0,285,success,success,,0.7262042880443323,0.0
trajectory_std__box_3.0,286,success,success,,0.64940571073486,0.0
trajectory_std__box_3.0,287,success,success,,0.572559801188126,0.0
trajectory_std__box_3.0,288,success,success,,0.492793278970854,0.0
trajectory_std__box_3.0,289,success,success,,0.6082914455545351,0.0
trajectory_std__box_3.0,290,success,success,,0.6666727175290237,0.0
trajectory_std__box_3.0,291,success,success,,0.026719492206137837,0.0
trajectory_std__box_3.0,292,success,success,,0.6134701566517966,0.0
trajectory_std__box_3.0,293,success,success,,0.6707211611696944,0.0
trajectory_std__box_3.0,294,success,success,,0.6908544734710971,0.0
trajectory_std__box_3.0,295,success,success,,0.6487158907194558,0.0
trajectory_std__box_3.0,296,success,success,,0.5408726933267534,0.0
trajectory_std__box_3.0,297,success,success,,0.34341399507950715,0.0
trajectory_std__box_3.0,298,success,success,,0.4580103078836807,0.0
trajectory_std__box_3.0,299,success,success,,0.6921098617705533,0.0
trajectory_std__box_3.0,300,success,success,,0.6060118983363886,0.0
trajectory_std__box_3.0,301,success,success,,0.48200477264018066,0.0
trajectory_std__box_3.0,302,success,success,,0.6479023862185131,0.0
trajectory_std__box_3.0,303,success,success,,0.4665929738162171,0.0
trajectory_std__box_3.0,304,success,success,,0.46411512943821354,0.0
trajectory_std__box_3.0,305,success,success,,0.7321946392345874,0.0
trajectory_std__box_3.0,306,success,success,,0.507013246309465,0.0
trajectory_std__box_3.0,307,success,success,,0.507228335664931,0.0
trajectory_std__box_3.0,308,success,success,,0.5195388949769062,0.0
trajectory_std__box_3.0,309,success,success,,0.55653422014741,0.0
trajectory_std__box_3.0,310,success,success,,0.6118443527457808,0.0
trajectory_std__box_3.0,311,success,success,,0.5316169304086397,0.0
trajectory_std__box_3.0,312,success,success,,0.043040182240323285,0.0
trajectory_std__box_3.0,313,success,success,,0.720260672086969,0.0
trajectory_std__box_3.0,314,success,success,,0.12513006305534383,0.0
trajectory_std__box_3.0,315,success,success,,0.6979614766211713,0.0
trajectory_std__box_3.0,316,success,success,,0.6177443269545183,0.0
trajectory_std__box_3.0,317,success,success,,0.8133363676106277,0.0
trajectory_std__box_3.0,318,success,success,,0.24694012102852658,0.0
trajectory_std__box_3.0,319,success,success,,0.6081950154464764,0.0
trajectory_std__box_3.0,320,success,success,,0.5578542705482588,0.0
trajectory_std__box_3.0,321,success,success,,0.7585875178203936,0.0
trajectory_std__box_3.0,322,success,success,,0.1876285622943182,0.0
trajectory_std__box_3.0,323,success,success,,0.13234316080325445,0.0
trajectory_std__box_3.0,324,success,success,,0.38751595005207307,0.0
trajectory_std__box_3.0,325,success,success,,0.7954482852250767,0.0
trajectory_std__box_3.0,326,success,success,,0.7038894131455731,0.0
trajectory_std__box_3.0,327,success,success,,0.4792842614313463,0.0
trajectory_std__box_3.0,328,success,success,,0.603525094617629,0.0
trajectory_std__box_3.0,329,success,success,,0.16027878087411968,0.0
trajectory_std__box_3.0,330,success,success,,0.31557226435379926,0.0
trajectory_std__box_3.0,331,success,success,,0.8111907479431567,0.0
trajectory_std__box_3.0,332,success,success,,0.4368996472279307,0.0
trajectory_std__box_3.0,333,success,success,,0.5788152481888762,0.0
trajectory_std__box_3.0,334,success,success,,0.41115143105604246,0.0
trajectory_std__box_3.0,335,success,success,,0.6858072956329916,0.0
trajectory_std__box_3.0,336,success,success,,0.39882481761962163,0.0
trajectory_std__box_3.0,337,success,success,,0.7924440636558574,0.0
trajectory_std__box_3.0,338,success,success,,0.43854938220218487,0.0
trajectory_std__box_3.0,339,success,success,,0.5450814895031674,0.0
trajectory_std__box_3.0,340,success,success,,0.3067378526122501,0.0
trajectory_std__box_3.0,341,success,success,,0.4957346547435876,0.0
trajectory_std__box_3.0,342,success,success,,0.6326346199255218,0.0
trajectory_std__box_3.0,343,success,success,,0.45505537725932055,0.0
trajectory_std__box_3.0,344,success,success,,0.603976896568963,0.0
trajectory_std__box_3.0,345,success,success,,0.23153544146794394,0.0
trajectory_std__box_3.0,346,success,success,,0.7367344171331863,0.0
trajectory_std__box_3.0,347,success,success,,0.6882187088784637,0.0
trajectory_std__box_3.0,348,success,success,,0.23040490182721066,0.0
trajectory_std__box_3.0,349,success,success,,0.41618475602181587,0.0
trajectory_std__box_3.0,350,success,success,,0.5973831826365676,0.0
trajectory_std__box_3.0,351,success,success,,0.5871408364892521,0.0
trajectory_std__box_3.0,352,success,success,,0.7138540853246113,0.0
trajectory_std__box_3.0,353,success,success,,0.6254651598142309,0.0
trajectory_std__box_3.0,354,success,success,,0.6609626053722049,0.0
trajectory_std__box_3.0,355,success,success,,0.49070985809966944,0.0
trajectory_std__box_3.0,356,success,success,,0.3726745154290058,0.0
trajectory_std__box_3.0,357,success,success,,0.5246263744425841,0.0
trajectory_std__box_3.0,358,success,success,,0.7884024451106411,0.0
trajectory_std__box_3.0,359,success,success,,0.5942798591545401,0.0
trajectory_std__box_3.0,360,success,success,,0.5842382073673535,0.0
trajectory_std__box_3.0,361,success,success,,0.6339016816250335,0.0
trajectory_std__box_3.0,362,success,success,,0.6701415722707822,0.0
trajectory_std__box_3.0,363,success,success,,0.47555556037157276,0.0
trajectory_std__box_3.0,364,success,success,,0.430585933646146,0.0
trajectory_std__box_3.0,365,success,success,,0.6072972383236935,0.0
trajectory_std__box_3.0,366,success,success,,0.7699147166798278,0.0
trajectory_std__box_3.0,367,success,success,,0.6920797209380624,0.0
trajectory_std__box_3.0,368,success,success,,0.4788700855048058,0.0
trajectory_std__box_3.0,369,success,success,,0.48661447704792943,0.0
trajectory_std__box_3.0,370,success,success,,0.41731466549760887,0.0
trajectory_std__box_3.0,371,success,success,,0.3867426745664908,0.0
trajectory_std__box_3.0,372,success,success,,0.17717997466056956,0.0
trajectory_std__box_3.0,373,success,success,,0.7094678179896281,0.0
trajectory_std__box_3.0,374,success,success,,0.44099386757500547,0.0
trajectory_std__box_3.0,375,success,success,,0.516922878365512,0.0
trajectory_std__box_3.0,376,success,success,,0.7255701599918509,0.0
trajectory_std__box_3.0,377,success,success,,0.2992600684077569,0.0
trajectory_std__box_3.0,378,success,success,,0.3809313186246328,0.0
trajectory_std__box_3.0,379,success,success,,0.46422741262473477,0.0
trajectory_std__box_3.0,380,success,success,,0.5071324876983075,0.0
trajectory_std__box_3.0,381,success,success,,0.8161366119195709,0.0
trajectory_std__box_3.0,382,success,success,,0.2555699701350371,0.0
trajectory_std__box_3.0,383,success,success,,0.6909007237225606,0.0
trajectory_std__box_3.0,384,success,success,,0.20605951180367965,0.0
trajectory_std__box_3.0,385,success,success,,0.6290983415763463,0.0
trajectory_std__box_3.0,386,success,success,,0.7688028460834472,0.0
trajectory_std__box_3.0,387,success,success,,0.3818767222013799,0.0
trajectory_std__box_3.0,388,success,success,,0.454395498945907,0.0
trajectory_std__box_3.0,389,success,success,,0.2867559103594167,0.0
trajectory_std__box_3.0,390,success,success,,0.6723626705244389,0.0
trajectory_std__box_3.0,391,success,success,,0.524156315748372,0.0
trajectory_std__box_3.0,392,success,success,,0.7338728809694022,0.0
trajectory_std__box_3.0,393,success,success,,0.5617679918259971,0.0
trajectory_std__box_3.0,394,success,success,,0.5943468971188994,0.0
trajectory_std__box_3.0,395,success,success,,0.6293258886392655,0.0
trajectory_std__box_3.0,396,success,success,,0.4464068176724044,0.0
trajectory_std__box_3.0,397,success,success,,0.5053083499874415,0.0
trajectory_std__box_3.0,398,success,success,,0.7678250493968308,0.0
trajectory_std__box_3.0,399,success,success,,0.4821804391510307,0.0
trajectory_std__box_3.0,400,success,success,,0.7253708971927606,0.0
trajectory_std__box_3.0,401,success,success,,0.07058207921434051,0.0
trajectory_std__box_3.0,402,success,success,,0.28984897976202895,0.0
trajectory_std__box_3.0,403,success,success,,0.428616627286771,0.0
trajectory_std__box_3.0,404,success,success,,0.2695768183692237,0.0
trajectory_std__box_3.0,405,success,success,,0.6808254491179236,0.0
trajectory_std__box_3.0,406,success,success,,0.5338380307205361,0.0
trajectory_std__box_3.0,407,success,success,,0.6199525956376265,0.0
trajectory_std__box_3.0,408,success,success,,0.35637951491344055,0.0
trajectory_std__box_3.0,409,success,success,,0.5321139073633168,0.0
trajectory_std__box_3.0,410,success,success,,0.4406475795095567,0.0
trajectory_std__box_3.0,411,success,success,,0.15337286506811687,0.0
trajectory_std__box_3.0,412,success,success,,0.6303585408675001,0.0
trajectory_std__box_3.0,413,success,success,,0.43768743969503043,0.0
trajectory_std__box_3.0,414,success,success,,0.5574684097194039,0.0
trajectory_std__box_3.0,415,success,success,,0.7287704315564454,0.0
trajectory_std__box_3.0,416,success,success,,0.621530409328362,0.0
trajectory_std__box_3.0,417,success,success,,0.5914957885748582,0.0
trajectory_std__box_3.0,418,success,success,,0.46825142811106174,0.0
trajectory_std__box_3.0,419,success,success,,0.630938853393417,0.0
trajectory_std__box_3.0,420,success,success,,0.19945989358886554,0.0
trajectory_std__box_3.0,421,success,success,,0.3383924413401219,0.0
trajectory_std__box_3.0,422,success,success,,0.21410655967374426,0.0
trajectory_std__box_3.0,423,success,success,,0.2508905614405148,0.0
trajectory_std__box_3.0,424,success,success,,0.5963940327683971,0.0
trajectory_std__box_3.0,425,success,success,,0.3788002812050306,0.0
trajectory_std__box_3.0,426,success,success,,0.24671901280978611,0.0
trajectory_std__box_3.0,427,success,success,,0.23602515048638828,0.0
trajectory_std__box_3.0,428,success,success,,0.5517628484595375,0.0
trajectory_std__box_3.0,429,success,success,,0.5526310461287502,0.0
trajectory_std__box_3.0,430,success,success,,0.7652978301031271,0.0
trajectory_std__box_3.0,431,success,success,,0.46455866733555434,0.0
trajectory_std__box_3.0,432,success,success,,0.6438494153423322,0.0
trajectory_std__box_3.0,433,success,success,,0.44115310242683553,0.0
trajectory_std__box_3.0,434,success,success,,0.14493704395569623,0.0
trajectory_std__box_3.0,435,success,success,,0.2409006693706929,0.0
trajectory_std__box_3.0,436,success,success,,0.7110230727991508,0.0
trajectory_std__box_3.0,437,success,success,,0.7124155409655426,0.0
trajectory_std__box_3.0,438,success,success,,0.5413475388137772,0.0
trajectory_std__box_3.0,439,success,success,,0.44978091831680944,0.0
trajectory_std__box_3.0,440,success,success,,0.6826278789234617,0.0
trajectory_std__box_3.0,441,success,success,,0.6324679890522752,0.0
trajectory_std__box_3.0,442,success,success,,0.5417987570214502,0.0
trajectory_std__box_3.0,443,success,success,,0.7551614412982448,0.0
trajectory_std__box_3.0,444,success,success,,0.6292188575553618,0.0
trajectory_std__box_3.0,445,success,success,,0.7133408888397644,0.0
trajectory_std__box_3.0,446,success,success,,0.23536311200332624,0.0
trajectory_std__box_3.0,447,success,success,,0.6194235340931723,0.0
trajectory_std__box_3.0,448,success,success,,0.4555010699698763,0.0
trajectory_std__box_3.0,449,success,success,,0.37370016240975135,0.0
trajectory_std__box_3.0,450,success,success,,0.7988489380609538,0.0
trajectory_std__box_3.0,451,success,success,,0.5793976603456173,0.0
trajectory_std__box_3.0,452,success,success,,0.6931801929915806,0.0
trajectory_std__box_3.0,453,success,success,,0.28356466481394416,0.0
trajectory_std__box_3.0,454,success,success,,0.6831212398028247,0.0
trajectory_std__box_3.0,455,success,success,,0.36090244679003397,0.0
trajectory_std__box_3.0,456,success,success,,0.4431370800056611,0.0
trajectory_std__box_3.0,457,success,success,,0.5361529772358313,0.0
trajectory_std__box_3.0,458,success,success,,0.365880071899655,0.0
trajectory_std__box_3.0,459,success,success,,0.4876217184102572,0.0
trajectory_std__box_3.0,460,success,success,,0.6845246129003467,0.0
trajectory_std__box_3.0,461,success,success,,0.7772511796103352,0.0
trajectory_std__box_3.0,462,success,success,,0.6550281762105553,0.0
trajectory_std__box_3.0,463,success,success,,0.49906543580286544,0.0
trajectory_std__box_3.0,464,success,success,,0.6568648072747457,0.0
trajectory_std__box_3.0,465,success,success,,0.7516623799308375,0.0
trajectory_std__box_3.0,466,success,success,,0.4655554696882989,0.0
trajectory_std__box_3.0,467,success,success,,0.3932076801523296,0.0
trajectory_std__box_3.0,468,success,success,,0.6170518696107622,0.0
trajectory_std__box_3.0,469,success,success,,0.35135998928857237,0.0
trajectory_std__box_3.0,470,success,success,,0.42307061198207907,0.0
trajectory_std__box_3.0,471,success,success,,0.6143068364733315,0.0
trajectory_std__box_3.0,472,success,success,,0.1693301421011026,0.0
trajectory_std__box_3.0,473,success,success,,0.5491645563854168,0.0
trajectory_std__box_3.0,474,success,success,,0.8058146355759641,0.0
trajectory_std__box_3.0,475,success,success,,0.6915438128807476,0.0
trajectory_std__box_3.0,476,success,success,,0.43323720633219837,0.0
trajectory_std__box_3.0,477,success,success,,0.6202299702673284,0.0
trajectory_std__box_3.0,478,success,success,,0.550884767317392,0.0
trajectory_std__box_3.0,479,success,success,,0.49110735317842547,0.0
trajectory_std__box_3.0,480,success,success,,0.5361424954842497,0.0
trajectory_std__box_3.0,481,success,success,,0.19648525593579325,0.0
trajectory_std__box_3.0,482,success,success,,0.6626892295574366,0.0
trajectory_std__box_3.0,483,success,success,,0.2862163125652023,0.0
trajectory_std__box_3.0,484,success,success,,0.32398570266629867,0.0
trajectory_std__box_3.0,485,success,success,,0.7021014381710942,0.0
trajectory_std__box_3.0,486,success,success,,0.6034155357584473,0.0
trajectory_std__box_3.0,487,success,success,,0.4842319432162392,0.0
trajectory_std__box_3.0,488,success,success,,0.29950324717135857,0.0
trajectory_std__box_3.0,489,success,success,,0.747930148183803,0.0
trajectory_std__box_3.0,490,success,success,,0.7012467764045464,0.0
trajectory_std__box_3.0,491,success,success,,0.6190166952587335,0.0
trajectory_std__box_3.0,492,success,success,,0.33386960823136513,0.0
trajectory_std__box_3.0,493,success,success,,0.5937331081326883,0.0
trajectory_std__box_3.0,494,success,success,,0.18381676476563902,0.0
trajectory_std__box_3.0,495,success,success,,0.4946667406489955,0.0
trajectory_std__box_3.0,496,success,success,,0.7741728868494394,0.0
trajectory_std__box_3.0,497,success,success,,0.7691873588242835,0.0
trajectory_std__box_3.0,498,success,success,,0.6428800695146958,0.0
trajectory_std__box_3.0,499,success,success,,0.376501033086059,0.0
trajectory_std__box_3.0,500,success,success,,0.687608932599849,0.0
trajectory_std__box_3.0,501,success,success,,0.6161780506060993,0.0
trajectory_std__box_3.0,502,success,success,,0.4357888070293658,0.0
trajectory_std__box_3.0,503,success,success,,0.40407243723395986,0.0
trajectory_std__box_3.0,504,success,success,,0.4020385288112559,0.0
trajectory_std__box_3.0,505,success,success,,0.35388588825879297,0.0
trajectory_std__box_3.0,506,success,success,,0.48803600939621206,0.0
trajectory_std__box_3.0,507,success,success,,0.34943095136640595,0.0
trajectory_std__box_3.0,508,success,success,,0.2372984882552805,0.0
trajectory_std__box_3.0,509,success,success,,0.5323375216501786,0.0
trajectory_std__box_3.0,510,success,success,,0.7042517700536906,0.0
trajectory_std__box_3.0,511,success,success,,0.7321434672735876,0.0
trajectory_std__box_3.0,512,success,success,,0.7407949282967592,0.0
trajectory_std__box_3.0,513,success,success,,0.1685998514022805,0.0
trajectory_std__box_3.0,514,success,success,,0.7521310539708953,0.0
trajectory_std__box_3.0,515,success,success,,0.7351995416229911,0.0
trajectory_std__box_3.0,516,success,success,,0.11976803163422714,0.0
trajectory_std__box_3.0,517,success,success,,0.6388453034900223,0.0
trajectory_std__box_3.0,518,success,success,,0.7970405204236441,0.0
trajectory_std__box_3.0,519,success,success,,0.1521716559448675,0.0
trajectory_std__box_3.0,520,success,success,,0.5376439217153074,0.0
trajectory_std__box_3.0,521,success,success,,0.4255780610812936,0.0
trajectory_std__box_3.0,522,success,success,,0.3392753551582773,0.0
trajectory_std__box_3.0,523,success,success,,0.18044029646398707,0.0
trajectory_std__box_3.0,524,success,success,,0.6570483343054879,0.0
trajectory_std__box_3.0,525,success,success,,0.4247789095910812,0.0
trajectory_std__box_3.0,526,success,success,,0.5730097897336117,0.0
trajectory_std__box_3.0,527,success,success,,0.7162618843808433,0.0
trajectory_std__box_3.0,528,success,success,,0.17583416338952323,0.0
trajectory_std__box_3.0,529,success,success,,0.740315741799418,0.0
trajectory_std__box_3.0,530,success,success,,0.6715005413533511,0.0
trajectory_std__box_3.0,531,success,success,,0.7423323921471792,0.0
trajectory_std__box_3.0,532,success,success,,0.37324642286514115,0.0
trajectory_std__box_3.0,533,success,success,,0.6864625761925967,0.0
trajectory_std__box_3.0,534,success,success,,0.09950763226004744,0.0
trajectory_std__box_3.0,535,success,success,,0.5312448197269763,0.0
trajectory_std__box_3.0,536,success,success,,0.6908022191613742,0.0
trajectory_std__box_3.0,537,success,success,,0.2883910768676595,0.0
trajectory_std__box_3.0,538,success,success,,0.6990402703425385,0.0
trajectory_std__box_3.0,539,success,success,,0.6433012835193211,0.0
trajectory_std__box_3.0,540,success,success,,0.48126831435310263,0.0
trajectory_std__box_3.0,541,success,success,,0.7513697335354306,0.0
trajectory_std__box_3.0,542,success,success,,0.5090151068968873,0.0
trajectory_std__box_3.0,543,success,success,,0.6910024467576504,0.0
trajectory_std__box_3.0,544,success,success,,0.4279935523062737,0.0
trajectory_std__box_3.0,545,success,success,,0.3064795456155054,0.0
trajectory_std__box_3.0,546,success,success,,0.4567364301331477,0.0
trajectory_std__box_3.0,547,success,success,,0.5316959411553979,0.0
trajectory_std__box_3.0,548,success,success,,0.1985563552888868,0.0
trajectory_std__box_3.0,549,success,success,,0.3939221408821759,0.0
trajectory_std__box_3.0,550,success,success,,0.27945232515633955,0.0
trajectory_std__box_3.0,551,success,success,,0.5364853429185401,0.0
trajectory_std__box_3.0,552,success,success,,0.627439721977013,0.0
trajectory_std__box_3.0,553,success,success,,0.21584371312014217,0.0
trajectory_std__box_3.0,554,success,success,,0.5407618106894505,0.0
trajectory_std__box_3.0,555,success,success,,0.6966325657043008,0.0
trajectory_std__box_3.0,556,success,success,,0.32524523390590754,0.0
trajectory_std__box_3.0,557,success,success,,0.6433365562845994,0.0
trajectory_std__box_3.0,558,success,success,,0.10360787135982308,0.0
trajectory_std__box_3.0,559,success,success,,0.28227853850094375,0.0
trajectory_std__box_3.0,560,success,success,,0.40311196654572956,0.0
trajectory_std__box_3.0,561,success,success,,0.7973770181979081,0.0
trajectory_std__box_3.0,562,success,success,,0.6390838725384037,0.0
trajectory_std__box_3.0,563,success,success,,0.53638377056263,0.0
trajectory_std__box_3.0,564,success,success,,0.5497013030726997,0.0
trajectory_std__box_3.0,565,success,success,,0.3207059249658756,0.0
trajectory_std__box_3.0,566,success,success,,0.6124524132357709,0.0
trajectory_std__box_3.0,567,success,success,,0.6807674978456508,0.0
trajectory_std__box_3.0,568,success,success,,0.4668273197523641,0.0
trajectory_std__box_3.0,569,success,success,,0.2829153742245978,0.0
trajectory_std__box_3.0,570,success,success,,0.8227021901898646,0.0
trajectory_std__box_3.0,571,success,success,,0.2899998604719402,0.0
trajectory_std__box_3.0,572,success,success,,0.519405996096468,0.0
trajectory_std__box_3.0,573,success,success,,0.33922946842845814,0.0
trajectory_std__box_3.0,574,success,success,,0.4814041325413067,0.0
trajectory_std__box_3.0,575,success,success,,0.33250918939639784,0.0
trajectory_std__box_3.0,576,success,success,,0.4916927060829439,0.0
trajectory_std__box_3.0,577,success,success,,0.34822411590622526,0.0
trajectory_std__box_3.0,578,success,success,,0.46868919051785557,0.0
trajectory_std__box_3.0,579,success,success,,0.7831390415126382,0.0
trajectory_std__box_3.0,580,success,success,,0.7549138193895173,0.0
trajectory_std__box_3.0,581,success,success,,0.2865428681461718,0.0
trajectory_std__box_3.0,582,success,success,,0.569379619965642,0.0
trajectory_std__box_3.0,583,success,success,,0.6369699990429536,0.0
trajectory_std__box_3.0,584,success,success,,0.4312810421101083,0.0
trajectory_std__box_3.0,585,success,success,,0.6406431833683268,0.0
trajectory_std__box_3.0,586,success,success,,0.7341230386121451,0.0
trajectory_std__box_3.0,587,success,success,,0.42476907791344376,0.0
trajectory_std__box_3.0,588,success,success,,0.33172994604656003,0.0
trajectory_std__box_3.0,589,success,success,,0.21546453858809758,0.0
trajectory_std__box_3.0,590,success,success,,0.7897264722940709,0.0
trajectory_std__box_3.0,591,success,success,,0.4999677115404143,0.0
trajectory_std__box_3.0,592,success,success,,0.5393821628777231,0.0
trajectory_std__box_3.0,593,success,success,,0.40129638407640167,0.0
trajectory_std__box_3.0,594,success,success,,0.4843855676594546,0.0
trajectory_std__box_3.0,595,success,success,,0.6086200731927929,0.0
trajectory_std__box_3.0,596,success,success,,0.702939348209976,0.0
trajectory_std__box_3.0,597,success,success,,0.7445225157189088,0.0
trajectory_std__box_3.0,598,success,success,,0.48064216909717145,0.0
trajectory_std__box_3.0,599,success,success,,0.5213255590489884,0.0
trajectory_std__box_3.0,600,success,success,,0.7655562503736905,0.0
trajectory_std__box_3.0,601,success,success,,0.46579567646081854,0.0
trajectory_std__box_3.0,602,success,success,,0.4749450048760324,0.0
trajectory_std__box_3.0,603,success,success,,0.4769186870241247,0.0
trajectory_std__box_3.0,604,success,success,,0.5593953034227267,0.0
trajectory_std__box_3.0,605,success,success,,0.3051805233638171,0.0
trajectory_std__box_3.0,606,success,success,,0.46073951529768636,0.0
trajectory_std__box_3.0,607,success,success,,0.3762636392168914,0.0
trajectory_std__box_3.0,608,success,success,,0.5207893764705391,0.0
trajectory_std__box_3.0,609,success,success,,0.7407606004600318,0.0
trajectory_std__box_3.0,610,success,success,,0.796769379832166,0.0
trajectory_std__box_3.0,611,success,success,,0.40652008428427944,0.0
trajectory_std__box_3.0,612,success,success,,0.680989631802574,0.0
trajectory_std__box_3.0,613,success,success,,0.49188483311997966,0.0
trajectory_std__box_3.0,614,success,success,,0.6984457956915924,0.0
trajectory_std__box_3.0,615,success,success,,0.5435518615957455,0.0
trajectory_std__box_3.0,616,success,success,,0.6307797232742021,0.0
trajectory_std__box_3.0,617,success,success,,0.393967904034991,0.0
trajectory_std__box_3.0,618,success,success,,0.6240075874178665,0.0
trajectory_std__box_3.0,619,success,success,,0.7650880161387699,0.0
trajectory_std__box_3.0,620,success,success,,0.271167593162496,0.0
trajectory_std__box_3.0,621,success,success,,0.661660502835465,0.0
trajectory_std__box_3.0,622,success,success,,0.40943781067109086,0.0
trajectory_std__box_3.0,623,success,success,,0.6688839603974133,0.0
trajectory_std__box_3.0,624,success,success,,0.6360183167084846,0.0
trajectory_std__box_3.0,625,success,success,,0.7518670080073355,0.0
trajectory_std__box_3.0,626,success,success,,0.43806454884933443,0.0
trajectory_std__box_3.0,627,success,success,,0.18153343442379946,0.0
trajectory_std__box_3.0,628,success,success,,0.4669436585089831,0.0
trajectory_std__box_3.0,629,success,success,,0.3022437758454526,0.0
trajectory_std__box_3.0,630,success,success,,0.5077983386524928,0.0
trajectory_std__box_3.0,631,success,success,,0.4231751251251196,0.0
trajectory_std__box_3.0,632,success,success,,0.548335541234495,0.0
trajectory_std__box_3.0,633,success,success,,0.3846626091341669,0.0
trajectory_std__box_3.0,634,success,success,,0.4939470515630541,0.0
trajectory_std__box_3.0,635,success,success,,0.3328418733385585,0.0
trajectory_std__box_3.0,636,success,success,,0.46493843307039706,0.0
trajectory_std__box_3.0,637,success,success,,0.5584300426014255,0.0
trajectory_std__box_3.0,638,success,success,,0.5160412131483092,0.0
trajectory_std__box_3.0,639,success,success,,0.6465534081727387,0.0
trajectory_std__box_3.0,640,success,success,,0.5610722172056357,0.0
trajectory_std__box_3.0,641,success,success,,0.7953955107791936,0.0
trajectory_std__box_3.0,642,success,success,,0.4465445917084937,0.0
trajectory_std__box_3.0,643,success,success,,0.6994858346411235,0.0
trajectory_std__box_3.0,644,success,success,,0.6152543860917972,0.0
trajectory_std__box_3.0,645,success,success,,0.7249592067373705,0.0
trajectory_std__box_3.0,646,success,success,,0.7449772593435322,0.0
trajectory_std__box_3.0,647,success,success,,0.08447270691090103,0.0
trajectory_std__box_3.0,648,success,success,,0.725325634887451,0.0
trajectory_std__box_3.0,649,success,success,,0.5277824705399998,0.0
trajectory_std__box_3.0,650,success,success,,0.49634468047349306,0.0
trajectory_std__box_3.0,651,success,success,,0.6634960938743657,0.0
trajectory_std__box_3.0,652,success,success,,0.7298039430118481,0.0
trajectory_std__box_3.0,653,success,success,,0.5919866489100951,0.0
trajectory_std__box_3.0,654,success,success,,0.1943279274370351,0.0
trajectory_std__box_3.0,655,success,success,,0.7438057092362703,0.0
trajectory_std__box_3.0,656,success,success,,0.17281771187997264,0.0
trajectory_std__box_3.0,657,success,success,,0.35176752780315257,0.0
trajectory_std__box_3.0,658,success,success,,0.37435727415159636,0.0
trajectory_std__box_3.0,659,success,success,,0.4622840607095388,0.0
trajectory_std__box_3.0,660,success,success,,0.2019191941785835,0.0
trajectory_std__box_3.0,661,success,success,,0.5651036180249855,0.0
trajectory_std__box_3.0,662,success,success,,0.3293011583350929,0.0
trajectory_std__box_3.0,663,success,success,,0.5125120242502644,0.0
trajectory_std__box_3.0,664,success,success,,0.3818651210179319,0.0
trajectory_std__box_3.0,665,success,success,,0.6734382544075432,0.0
trajectory_std__box_3.0,666,success,success,,0.7419555467166001,0.0
trajectory_std__box_3.0,667,success,success,,0.629939299175869,0.0
trajectory_std__box_3.0,668,success,success,,0.3951864867008219,0.0
trajectory_std__box_3.0,669,success,success,,0.46606306422716465,0.0
trajectory_std__box_3.0,670,success,success,,0.760599267152013,0.0
trajectory_std__box_3.0,671,success,success,,0.7363235124629461,0.0
trajectory_std__box_3.0,672,success,success,,0.7329752230021003,0.0
trajectory_std__box_3.0,673,success,success,,0.33030580773625534,0.0
trajectory_std__box_3.0,674,success,success,,0.6294461400538497,0.0
trajectory_std__box_3.0,675,success,success,,0.5785232698701512,0.0
trajectory_std__box_3.0,676,success,success,,0.7555262672213376,0.0
trajectory_std__box_3.0,677,success,success,,0.10376143650943338,0.0
trajectory_std__box_3.0,678,success,success,,0.5639329904059717,0.0
trajectory_std__box_3.0,679,success,success,,0.6084912369640259,0.0
trajectory_std__box_3.0,680,success,success,,0.53153510080417,0.0
trajectory_std__box_3.0,681,success,success,,0.5361158742688268,0.0
trajectory_std__box_3.0,682,success,success,,0.8002165068611514,0.0
trajectory_std__box_3.0,683,success,success,,0.43600927468063394,0.0
trajectory_std__box_3.0,684,success,success,,0.7958087878938465,0.0
trajectory_std__box_3.0,685,success,success,,0.41816043875849357,0.0
trajectory_std__box_3.0,686,success,success,,0.617550905601482,0.0
trajectory_std__box_3.0,687,success,success,,0.2702008665240999,0.0
trajectory_std__box_3.0,688,success,success,,0.47368656394785136,0.0
trajectory_std__box_3.0,689,success,success,,0.8231711031643788,0.0
trajectory_std__box_3.0,690,success,success,,0.698367572830414,0.0
trajectory_std__box_3.0,691,success,success,,0.4509949681023237,0.0
trajectory_std__box_3.0,692,success,success,,0.741996398686366,0.0
trajectory_std__box_3.0,693,success,success,,0.5888555045135211,0.0
trajectory_std__box_3.0,694,success,success,,0.6115963894866936,0.0
trajectory_std__box_3.0,695,success,success,,0.4803455367605387,0.0
trajectory_std__box_3.0,696,success,success,,0.7777123559833323,0.0
trajectory_std__box_3.0,697,success,success,,0.35023531812171954,0.0
trajectory_std__box_3.0,698,success,success,,0.5270600913303256,0.0
trajectory_std__box_3.0,699,success,success,,0.7029541657512245,0.0
trajectory_std__box_3.0,700,success,success,,0.3145823146112848,0.0
trajectory_std__box_3.0,701,success,success,,0.40571659532564347,0.0
trajectory_std__box_3.0,702,success,success,,0.633174546320781,0.0
trajectory_std__box_3.0,703,success,success,,0.7112529608167576,0.0
trajectory_std__box_3.0,704,success,success,,0.3202283681718303,0.0
trajectory_std__box_3.0,705,success,success,,0.18751636482175543,0.0
trajectory_std__box_3.0,706,success,success,,0.41030194170267265,0.0
trajectory_std__box_3.0,707,success,success,,0.5831561122019582,0.0
trajectory_std__box_3.0,708,success,success,,0.2658332923211274,0.0
trajectory_std__box_3.0,709,success,success,,0.638682493918955,0.0
trajectory_std__box_3.0,710,success,success,,0.7799239329161061,0.0
trajectory_std__box_3.0,711,success,success,,0.18959240454220067,0.0
trajectory_std__box_3.0,712,success,success,,0.5829071227411595,0.0
trajectory_std__box_3.0,713,success,success,,0.2235132474980967,0.0
trajectory_std__box_3.0,714,success,success,,0.6697104378997909,0.0
trajectory_std__box_3.0,715,success,success,,0.3324015974698891,0.0
trajectory_std__box_3.0,716,success,success,,0.6985919390146018,0.0
trajectory_std__box_3.0,717,success,success,,0.20413066151542775,0.0
trajectory_std__box_3.0,718,success,success,,0.4230271132638012,0.0
trajectory_std__box_3.0,719,success,success,,0.6521110610664376,0.0
trajectory_std__box_3.0,720,success,success,,0.7174833157356395,0.0
trajectory_std__box_3.0,721,success,success,,0.7748837772733865,0.0
trajectory_std__box_3.0,722,success,success,,0.6308805387995219,0.0
trajectory_std__box_3.0,723,success,success,,0.5993889650488947,0.0
trajectory_std__box_3.0,724,success,success,,0.7443420197161816,0.0
trajectory_std__box_3.0,725,success,success,,0.08220271130790721,0.0
trajectory_std__box_3.0,726,success,success,,0.7424733619327766,0.0
trajectory_std__box_3.0,727,success,success,,0.2818666262159582,0.0
trajectory_std__box_3.0,728,success,success,,0.6182263083366031,0.0
trajectory_std__box_3.0,729,success,success,,0.6281261351056913,0.0
trajectory_std__box_3.0,730,success,success,,0.822860216312344,0.0
trajectory_std__box_3.0,731,success,success,,0.13905283901590912,0.0
trajectory_std__box_3.0,732,success,success,,0.6684077666542472,0.0
trajectory_std__box_3.0,733,success,success,,0.7386640487702546,0.0
trajectory_std__box_3.0,734,success,success,,0.5409824343285263,0.0
trajectory_std__box_3.0,735,success,success,,0.6905262924086579,0.0
trajectory_std__box_3.0,736,success,success,,0.5607893719900895,0.0
trajectory_std__box_3.0,737,success,success,,0.4002670258202783,0.0
trajectory_std__box_3.0,738,success,success,,0.52316644464693,0.0
trajectory_std__box_3.0,739,success,success,,0.5159927896554432,0.0
trajectory_std__box_3.0,740,success,success,,0.2221766899251562,0.0
trajectory_std__box_3.0,741,success,success,,0.4496798031070862,0.0
trajectory_std__box_3.0,742,success,success,,0.5985306675862195,0.0
trajectory_std__box_3.0,743,success,success,,0.720490090691521,0.0
trajectory_std__box_3.0,744,success,success,,0.6789713410901214,0.0
trajectory_std__box_3.0,745,success,success,,0.7034489054086484,0.0
trajectory_std__box_3.0,746,success,success,,0.6798879971191982,0.0
trajectory_std__box_3.0,747,success,success,,0.3473323162306286,0.0
trajectory_std__box_3.0,748,success,success,,0.6070269933445436,0.0
trajectory_std__box_3.0,749,success,success,,0.23445070050821673,0.0
trajectory_std__box_3.0,750,success,success,,0.6116820465386259,0.0
trajectory_std__box_3.0,751,success,success,,0.3796910736389485,0.0
trajectory_std__box_3.0,752,success,success,,0.4963192627683606,0.0
trajectory_std__box_3.0,753,success,success,,0.7064228945184399,0.0
trajectory_std__box_3.0,754,success,success,,0.7865153939402182,0.0
trajectory_std__box_3.0,755,success,success,,0.3186476975337228,0.0
trajectory_std__box_3.0,756,success,success,,0.6646899447583355,0.0
trajectory_std__box_3.0,757,success,success,,0.12363080462948428,0.0
trajectory_std__box_3.0,758,success,success,,0.7485055574940921,0.0
trajectory_std__box_3.0,759,success,success,,0.3612768458665154,0.0
trajectory_std__box_3.0,760,success,success,,0.2423109306586976,0.0
trajectory_std__box_3.0,761,success,success,,0.33435697980960916,0.0
trajectory_std__box_3.0,762,success,success,,0.41865610795030983,0.0
trajectory_std__box_3.0,763,success,success,,0.29587300675118927,0.0
trajectory_std__box_3.0,764,success,success,,0.2852859397208119,0.0
trajectory_std__box_3.0,765,success,success,,0.7554533540996784,0.0
trajectory_std__box_3.0,766,success,success,,0.7606829640919232,0.0
trajectory_std__box_3.0,767,success,success,,0.6136739487385531,0.0
trajectory_std__box_3.0,768,success,success,,0.7786371993172142,0.0
trajectory_std__box_3.0,769,success,success,,0.7277832992792567,0.0
trajectory_std__box_3.0,770,success,success,,0.5848847560440051,0.0
trajectory_std__box_3.0,771,success,success,,0.586843055246437,0.0
trajectory_std__box_3.0,772,success,success,,0.6362809579186705,0.0
trajectory_std__box_3.0,773,success,success,,0.47308780223058183,0.0
trajectory_std__box_3.0,774,success,success,,0.5627812626221478,0.0
trajectory_std__box_3.0,775,success,success,,0.7991729436041072,0.0
trajectory_std__box_3.0,776,success,success,,0.2749048650733033,0.0
trajectory_std__box_3.0,777,success,success,,0.5288183836040617,0.0
trajectory_std__box_3.0,778,success,success,,0.7586161734483258,0.0
trajectory_std__box_3.0,779,success,success,,0.519041580950069,0.0
trajectory_std__box_3.0,780,success,success,,0.48039468639549227,0.0
trajectory_std__box_3.0,781,success,success,,0.7106065853946254,0.0
trajectory_std__box_3.0,782,success,success,,0.09505245407998032,0.0
trajectory_std__box_3.0,783,success,success,,0.6039333711107011,0.0
trajectory_std__box_3.0,784,success,success,,0.44654290431402466,0.0
trajectory_std__box_3.0,785,success,success,,0.5068644140292585,0.0
trajectory_std__box_3.0,786,success,success,,0.3975441893922316,0.0
trajectory_std__box_3.0,787,success,success,,0.644673198993655,0.0
trajectory_std__box_3.0,788,success,success,,0.21490495900095527,0.0
trajectory_std__box_3.0,789,success,success,,0.5389927489858894,0.0
trajectory_std__box_3.0,790,success,success,,0.5825905335830509,0.0
trajectory_std__box_3.0,791,success,success,,0.6296397621165899,0.0
trajectory_std__box_3.0,792,success,success,,0.45014443523215963,0.0
trajectory_std__box_3.0,793,success,success,,0.21663396245480684,0.0
trajectory_std__box_3.0,794,success,success,,0.5231830997525718,0.0
trajectory_std__box_3.0,795,success,success,,0.7575352184402363,0.0
trajectory_std__box_3.0,796,success,success,,0.37733419466535667,0.0
trajectory_std__box_3.0,797,success,success,,0.7275327565879675,0.0
trajectory_std__box_3.0,798,success,success,,0.786066285733397,0.0
trajectory_std__box_3.0,799,success,success,,0.4079752107630153,0.0
trajectory_std__box_3.0,800,success,success,,0.43596950616333374,0.0
trajectory_std__box_3.0,801,success,success,,0.6972697304396892,0.0
trajectory_std__box_3.0,802,success,success,,0.49127636915542955,0.0
trajectory_std__box_3.0,803,success,success,,0.7353102009319732,0.0
trajectory_std__box_3.0,804,success,success,,0.5669656296435481,0.0
trajectory_std__box_3.0,805,success,success,,0.7507433428772803,0.0
trajectory_std__box_3.0,806,success,success,,0.12323926615788966,0.0
trajectory_std__box_3.0,807,success,success,,0.6051902422416717,0.0
trajectory_std__box_3.0,808,success,success,,0.7696604669348632,0.0
trajectory_std__box_3.0,809,success,success,,0.639024493204031,0.0
trajectory_std__box_3.0,810,success,success,,0.7395074393125107,0.0
trajectory_std__box_3.0,811,success,success,,0.6942194879365241,0.0
trajectory_std__box_3.0,812,success,success,,0.6012608556218562,0.0
trajectory_std__box_3.0,813,success,success,,0.5239318988319681,0.0
trajectory_std__box_3.0,814,success,success,,0.541011894721066,0.0
trajectory_std__box_3.0,815,success,success,,0.2974919178522825,0.0
trajectory_std__box_3.0,816,success,success,,0.7544724374057512,0.0
trajectory_std__box_3.0,817,success,success,,0.3184959754633251,0.0
trajectory_std__box_3.0,818,success,success,,0.5259512263821436,0.0
trajectory_std__box_3.0,819,success,success,,0.3390969308022418,0.0
trajectory_std__box_3.0,820,success,success,,0.7861273120623701,0.0
trajectory_std__box_3.0,821,success,success,,0.6319351574206394,0.0
trajectory_std__box_3.0,822,success,success,,0.7545565529304918,0.0
trajectory_std__box_3.0,823,success,success,,0.7976245940944371,0.0
trajectory_std__box_3.0,824,success,success,,0.2680691913203604,0.0
trajectory_std__box_3.0,825,success,success,,0.378590580447549,0.0
trajectory_std__box_3.0,826,success,success,,0.6431965148828865,0.0
trajectory_std__box_3.0,827,success,success,,0.13567868507381695,0.0
trajectory_std__box_3.0,828,success,success,,0.16378990815320651,0.0
trajectory_std__box_3.0,829,success,success,,0.47491742127084396,0.0
trajectory_std__box_3.0,830,success,success,,0.544863822839505,0.0
trajectory_std__box_3.0,831,success,success,,0.7795297899791473,0.0
trajectory_std__box_3.0,832,success,success,,0.737608748610882,0.0
trajectory_std__box_3.0,833,success,success,,0.40738613916465705,0.0
trajectory_std__box_3.0,834,success,success,,0.7601375675981312,0.0
trajectory_std__box_3.0,835,success,success,,0.10269654192161132,0.0
trajectory_std__box_3.0,836,success,success,,0.7553348869025341,0.0
trajectory_std__box_3.0,837,success,success,,0.39138826749230693,0.0
trajectory_std__box_3.0,838,success,success,,0.49446149136497003,0.0
trajectory_std__box_3.0,839,success,success,,0.3944752630652677,0.0
trajectory_std__box_3.0,840,success,success,,0.4220075620411971,0.0
trajectory_std__box_3.0,841,success,success,,0.35805016522568595,0.0
trajectory_std__box_3.0,842,success,success,,0.5437111771856186,0.0
trajectory_std__box_3.0,843,success,success,,0.4581939472418542,0.0
trajectory_std__box_3.0,844,success,success,,0.24606797105739406,0.0
trajectory_std__box_3.0,845,success,success,,0.39711253163803184,0.0
trajectory_std__box_3.0,846,success,success,,0.7540767653303375,0.0
trajectory_std__box_3.0,847,success,success,,0.1259479086171758,0.0
trajectory_std__box_3.0,848,success,success,,0.6075056124628209,0.0
trajectory_std__box_3.0,849,success,success,,0.6964905261990064,0.0
trajectory_std__box_3.0,850,success,success,,0.38128112012736903,0.0
trajectory_std__box_3.0,851,success,success,,0.5954491897335206,0.0
trajectory_std__box_3.0,852,success,success,,0.5896694899683358,0.0
trajectory_std__box_3.0,853,success,success,,0.7747664884311843,0.0
trajectory_std__box_3.0,854,success,success,,0.45836947600318056,0.0
trajectory_std__box_3.0,855,success,success,,0.61484016489285,0.0
trajectory_std__box_3.0,856,success,success,,0.7765271813106911,0.0
trajectory_std__box_3.0,857,success,success,,0.6955047687795579,0.0
trajectory_std__box_3.0,858,success,success,,0.77507502056836,0.0
trajectory_std__box_3.0,859,success,success,,0.4826961382666225,0.0
trajectory_std__box_3.0,860,success,success,,0.5795442173612217,0.0
trajectory_std__box_3.0,861,success,success,,0.7293268916895308,0.0
trajectory_std__box_3.0,862,success,success,,0.5406134990226438,0.0
trajectory_std__box_3.0,863,success,success,,0.5141017224899926,0.0
trajectory_std__box_3.0,864,success,success,,0.6614867035515888,0.0
trajectory_std__box_3.0,865,success,success,,0.6572221394104063,0.0
trajectory_std__box_3.0,866,success,success,,0.6838807474776183,0.0
trajectory_std__box_3.0,867,success,success,,0.7671693577416204,0.0
trajectory_std__box_3.0,868,success,success,,0.34435662803321687,0.0
trajectory_std__box_3.0,869,success,success,,0.5773555848637131,0.0
trajectory_std__box_3.0,870,success,success,,0.5349926380090174,0.0
trajectory_std__box_3.0,871,success,success,,0.502059557601398,0.0
trajectory_std__box_3.0,872,success,success,,0.7312400743104848,0.0
trajectory_std__box_3.0,873,success,success,,0.7024974438839034,0.0
trajectory_std__box_3.0,874,success,success,,0.4657220294101686,0.0
trajectory_std__box_3.0,875,success,success,,0.7127511650630206,0.0
trajectory_std__box_3.0,876,success,success,,0.7732035907819036,0.0
trajectory_std__box_3.0,877,success,success,,0.7145796908002726,0.0
trajectory_std__box_3.0,878,success,success,,0.7626422186448392,0.0
trajectory_std__box_3.0,879,success,success,,0.7171677238153366,0.0
trajectory_std__box_3.0,880,success,success,,0.4238071276933908,0.0
trajectory_std__box_3.0,881,success,success,,0.26938867792551424,0.0
trajectory_std__box_3.0,882,success,success,,0.7054610944224309,0.0
trajectory_std__box_3.0,883,success,success,,0.7995081227870153,0.0
trajectory_std__box_3.0,884,success,success,,0.3056902906438288,0.0
trajectory_std__box_3.0,885,success,success,,0.6227217039180637,0.0
trajectory_std__box_3.0,886,success,success,,0.6296638581313233,0.0
trajectory_std__box_3.0,887,success,success,,0.7360532407940318,0.0
trajectory_std__box_3.0,888,success,success,,0.32170058278341357,0.0
trajectory_std__box_3.0,889,success,success,,0.4339574423157097,0.0
trajectory_std__box_3.0,890,success,success,,0.3252907190940321,0.0
trajectory_std__box_3.0,891,success,success,,0.6624258473634582,0.0
trajectory_std__box_3.0,892,success,success,,0.5769434381249541,0.0
trajectory_std__box_3.0,893,success,success,,0.10651080980810049,0.0
trajectory_std__box_3.0,894,success,success,,0.2149600735393652,0.0
trajectory_std__box_3.0,895,success,success,,0.3397154725455703,0.0
trajectory_std__box_3.0,896,success,success,,0.6579138973053371,0.0
trajectory_std__box_3.0,897,success,success,,0.739108844989828,0.0
trajectory_std__box_3.0,898,success,success,,0.3300556123916537,0.0
trajectory_std__box_3.0,899,success,success,,0.5975394852581557,0.0
trajectory_std__box_3.0,900,success,success,,0.4024917352863774,0.0
trajectory_std__box_3.0,901,success,success,,0.7474695766665874,0.0
trajectory_std__box_3.0,902,success,success,,0.6814632912980145,0.0
trajectory_std__box_3.0,903,success,success,,0.3343812057339043,0.0
trajectory_std__box_3.0,904,success,success,,0.5242122457135249,0.0
trajectory_std__box_3.0,905,success,success,,0.5573026044432323,0.0
trajectory_std__box_3.0,906,success,success,,0.3626216542540785,0.0
trajectory_std__box_3.0,907,success,success,,0.8029672703057954,0.0
trajectory_std__box_3.0,908,success,success,,0.6029401808292649,0.0
trajectory_std__box_3.0,909,success,success,,0.5620151253802248,0.0
trajectory_std__box_3.0,910,success,success,,0.5696088801786646,0.0
trajectory_std__box_3.0,911,success,success,,0.4398976945261458,0.0
trajectory_std__box_3.0,912,success,success,,0.32467903347782545,0.0
trajectory_std__box_3.0,913,success,success,,0.4651932203721381,0.0
trajectory_std__box_3.0,914,success,success,,0.5437161700555732,0.0
trajectory_std__box_3.0,915,success,success,,0.07619572126941966,0.0
trajectory_std__box_3.0,916,success,success,,0.5970825375232901,0.0
trajectory_std__box_3.0,917,success,success,,0.4064293787441079,0.0
trajectory_std__box_3.0,918,success,success,,0.525825918470578,0.0
trajectory_std__box_3.0,919,success,success,,0.30092866326101136,0.0
trajectory_std__box_3.0,920,success,success,,0.7651935305161448,0.0
trajectory_std__box_3.0,921,success,success,,0.3283001628641044,0.0
trajectory_std__box_3.0,922,success,success,,0.5636548783057989,0.0
trajectory_std__box_3.0,923,success,success,,0.3774418519291705,0.0
trajectory_std__box_3.0,924,success,success,,0.3534602303433048,0.0
trajectory_std__box_3.0,925,success,success,,0.4342926843019125,0.0
trajectory_std__box_3.0,926,success,success,,0.06334254420236259,0.0
trajectory_std__box_3.0,927,success,success,,0.2602797702214471,0.0
trajectory_std__box_3.0,928,success,success,,0.6482936380290819,0.0
trajectory_std__box_3.0,929,success,success,,0.6020820405818713,0.0
trajectory_std__box_3.0,930,success,success,,0.09455063155844579,0.0
trajectory_std__box_3.0,931,success,success,,0.509052769436596,0.0
trajectory_std__box_3.0,932,success,success,,0.3371443326041491,0.0
trajectory_std__box_3.0,933,success,success,,0.5056602947489139,0.0
trajectory_std__box_3.0,934,success,success,,0.5520493441952978,0.0
trajectory_std__box_3.0,935,success,success,,0.5494849696985552,0.0
trajectory_std__box_3.0,936,success,success,,0.5949945919368637,0.0
trajectory_std__box_3.0,937,success,success,,0.6867022082671355,0.0
trajectory_std__box_3.0,938,success,success,,0.7984471281352473,0.0
trajectory_std__box_3.0,939,success,success,,0.6766935297839288,0.0
trajectory_std__box_3.0,940,success,success,,0.4952303096559201,0.0
trajectory_std__box_3.0,941,success,success,,0.6105834619208945,0.0
trajectory_std__box_3.0,942,success,success,,0.4010133374118405,0.0
trajectory_std__box_3.0,943,success,success,,0.2825121783675918,0.0
trajectory_std__box_3.0,944,success,success,,0.7203432974796365,0.0
trajectory_std__box_3.0,945,success,success,,0.3742739561368965,0.0
trajectory_std__box_3.0,946,success,success,,0.4439020869067867,0.0
trajectory_std__box_3.0,947,success,success,,0.4372532462132567,0.0
trajectory_std__box_3.0,948,success,success,,0.15473123483160284,0.0
trajectory_std__box_3.0,949,success,success,,0.7297832812895416,0.0
trajectory_std__box_3.0,950,success,success,,0.5412242648328663,0.0
trajectory_std__box_3.0,951,success,success,,0.6160783617682832,0.0
trajectory_std__box_3.0,952,success,success,,0.7012306736920293,0.0
trajectory_std__box_3.0,953,success,success,,0.6151885503444727,0.0
trajectory_std__box_3.0,954,success,success,,0.19426781689995282,0.0
trajectory_std__box_3.0,955,success,success,,0.7755332524220366,0.0
trajectory_std__box_3.0,956,success,success,,0.4747608494643538,0.0
trajectory_std__box_3.0,957,success,success,,0.1752874677658501,0.0
trajectory_std__box_3.0,958,success,success,,0.8255599123332793,0.0
trajectory_std__box_3.0,959,success,success,,0.29785207209542436,0.0
trajectory_std__box_3.0,960,success,success,,0.4921624932928223,0.0
trajectory_std__box_3.0,961,success,success,,0.14738734460423294,0.0
trajectory_std__box_3.0,962,success,success,,0.6801911117863995,0.0
trajectory_std__box_3.0,963,success,success,,0.7504365167191095,0.0
trajectory_std__box_3.0,964,success,success,,0.6513189767516592,0.0
trajectory_std__box_3.0,965,success,success,,0.4890884247174636,0.0
trajectory_std__box_3.0,966,success,success,,0.5639280362400462,0.0
trajectory_std__box_3.0,967,success,success,,0.7065549353048268,0.0
trajectory_std__box_3.0,968,success,success,,0.3698022343427093,0.0
trajectory_std__box_3.0,969,success,success,,0.5143706752762492,0.0
trajectory_std__box_3.0,970,success,success,,0.7081188988436156,0.0
trajectory_std__box_3.0,971,success,success,,0.48897763474099315,0.0
trajectory_std__box_3.0,972,success,success,,0.49368493226463517,0.0
trajectory_std__box_3.0,973,success,success,,0.5942854219718692,0.0
trajectory_std__box_3.0,974,success,success,,0.70766137706559,0.0
trajectory_std__box_3.0,975,success,success,,0.623464665832962,0.0
trajectory_std__box_3.0,976,success,success,,0.5577186300466002,0.0
trajectory_std__box_3.0,977,success,success,,0.6321988529767103,0.0
trajectory_std__box_3.0,978,success,success,,0.6628761537528912,0.0
trajectory_std__box_3.0,979,success,success,,0.566737641134798,0.0
trajectory_std__box_3.0,980,success,success,,0.4553196068080448,0.0
trajectory_std__box_3.0,981,success,success,,0.546579285775981,0.0
trajectory_std__box_3.0,982,success,success,,0.35374530990569264,0.0
trajectory_std__box_3.0,983,success,success,,0.6051373101675321,0.0
trajectory_std__box_3.0,984,success,success,,0.5327385388070279,0.0
trajectory_std__box_3.0,985,success,success,,0.20471919033774255,0.0
trajectory_std__box_3.0,986,success,success,,0.4026573965537778,0.0
trajectory_std__box_3.0,987,success,success,,0.39894884271062037,0.0
trajectory_std__box_3.0,988,success,success,,0.6121499819338829,0.0
trajectory_std__box_3.0,989,success,success,,0.5659680668996588,0.0
trajectory_std__box_3.0,990,success,success,,0.3318259470152918,0.0
trajectory_std__box_3.0,991,success,success,,0.4123101346611092,0.0
trajectory_std__box_3.0,992,success,success,,0.6239058914336018,0.0
trajectory_std__box_3.0,993,success,success,,0.6682805946901279,0.0
trajectory_std__box_3.0,994,success,success,,0.6560358010315979,0.0
trajectory_std__box_3.0,995,success,success,,0.5987928537232733,0.0
trajectory_std__box_3.0,996,success,success,,0.7000952520342616,0.0
trajectory_std__box_3.0,997,success,success,,0.6350700170839689,0.0
trajectory_std__box_3.0,998,success,success,,0.3311383833155046,0.0
trajectory_std__box_3.0,999,success,success,,0.5081320902114509,0.0
trajectory_std__box_3.0,1000,success,success,,0.36875838608070033,0.0
trajectory_range__box_1.0,1,success,success,,0.41806042349776873,0.0
trajectory_range__box_1.0,2,success,success,,0.10691650579929404,0.0
trajectory_range__box_1.0,3,success,success,,0.7542811196547681,0.0
trajectory_range__box_1.0,4,success,success,,0.772451248128103,0.0
trajectory_range__box_1.0,5,success,success,,0.32533639226203254,0.0
trajectory_range__box_1.0,6,success,success,,0.3805223976238085,0.0
trajectory_range__box_1.0,7,success,success,,0.6391448631893553,0.0
trajectory_range__box_1.0,8,success,success,,0.710208392318803,0.0
trajectory_range__box_1.0,9,success,success,,0.5763013979561061,0.0
trajectory_range__box_1.0,10,success,success,,0.8420909981154475,0.0
trajectory_range__box_1.0,11,success,success,,0.7059827522952498,0.0
trajectory_range__box_1.0,12,success,success,,0.22752501896864702,0.0
trajectory_range__box_1.0,13,success,success,,0.56240041562334,0.0
trajectory_range__box_1.0,14,success,success,,0.7579367056296775,0.0
trajectory_range__box_1.0,15,success,success,,0.12850541436546628,0.0
trajectory_range__box_1.0,16,success,success,,0.15510836121025848,0.0
trajectory_range__box_1.0,17,success,success,,0.24228657038078633,0.0
trajectory_range__box_1.0,18,success,success,,0.24758701935551233,0.0
trajectory_range__box_1.0,19,success,success,,0.5222540257852766,0.0
trajectory_range__box_1.0,20,success,success,,0.5386290280061918,0.0
trajectory_range__box_1.0,21,success,success,,0.6978920513347069,0.0
trajectory_range__box_1.0,22,success,success,,0.724660859716846,0.0
trajectory_range__box_1.0,23,success,success,,0.27008172863915986,0.0
trajectory_range__box_1.0,24,success,success,,0.5563030114815293,0.0
trajectory_range__box_1.0,25,success,success,,0.5902258347274109,0.0
trajectory_range__box_1.0,26,success,success,,0.4942050323853315,0.0
trajectory_range__box_1.0,27,success,success,,0.4991245927951809,0.0
trajectory_range__box_1.0,28,success,success,,0.7478275075963722,0.0
trajectory_range__box_1.0,29,success,success,,0.7693116227437782,0.0
trajectory_range__box_1.0,30,success,success,,0.6633876538049072,0.0
trajectory_range__box_1.0,31,success,success,,0.6097610529636995,0.0
trajectory_range__box_1.0,32,success,success,,0.4833580268013789,0.0
trajectory_range__box_1.0,33,success,success,,0.5555733763202332,0.0
trajectory_range__box_1.0,34,success,success,,0.680773075913631,0.0
trajectory_range__box_1.0,35,success,success,,0.6750498570068781,0.0
trajectory_range__box_1.0,36,success,success,,0.3560255543734843,0.0
trajectory_range__box_1.0,37,success,success,,0.47393919607246177,0.0
trajectory_range__box_1.0,38,success,success,,0.3360851945700772,0.0
trajectory_range__box_1.0,39,success,success,,0.24497263161683414,0.0
trajectory_range__box_1.0,40,success,success,,0.6654570254678456,0.0
trajectory_range__box_1.0,41,success,success,,0.7377083993437956,0.0
trajectory_range__box_1.0,42,success,success,,0.5940838199878394,0.0
trajectory_range__box_1.0,43,success,success,,0.6009241327533159,0.0
trajectory_range__box_1.0,44,success,success,,0.5032226419342176,0.0
trajectory_range__box_1.0,45,success,success,,0.41818621949227985,0.0
trajectory_range__box_1.0,46,success,success,,0.7352414284502682,0.0
trajectory_range__box_1.0,47,success,success,,0.4783540757945273,0.0
trajectory_range__box_1.0,48,success,success,,0.7453789090081522,0.0
trajectory_range__box_1.0,49,success,success,,0.551592988162415,0.0
trajectory_range__box_1.0,50,success,success,,0.6618604438040238,0.0
trajectory_range__box_1.0,51,success,success,,0.6187882678024464,0.0
trajectory_range__box_1.0,52,success,success,,0.32532866362790525,0.0
trajectory_range__box_1.0,53,success,success,,0.21535570569080256,0.0
trajectory_range__box_1.0,54,success,success,,0.6447527640877322,0.0
trajectory_range__box_1.0,55,success,success,,0.6586169531821024,0.0
trajectory_range__box_1.0,56,success,success,,0.6551285585864767,0.0
trajectory_range__box_1.0,57,success,success,,0.6504390415696443,0.0
trajectory_range__box_1.0,58,success,success,,0.3063942027312383,0.0
trajectory_range__box_1.0,59,success,success,,0.6825273077682035,0.0
trajectory_range__box_1.0,60,success,success,,0.7157644450897888,0.0
trajectory_range__box_1.0,61,success,success,,0.7014031634682076,0.0
trajectory_range__box_1.0,62,success,success,,0.5494869214668706,0.0
trajectory_range__box_1.0,63,success,success,,0.7309429848921016,0.0
trajectory_range__box_1.0,64,success,success,,0.714334151742305,0.0
trajectory_range__box_1.0,65,success,success,,0.715744647010883,0.0
trajectory_range__box_1.0,66,success,success,,0.8161188296662022,0.0
trajectory_range__box_1.0,67,success,success,,0.23357384384003876,0.0
trajectory_range__box_1.0,68,success,success,,0.7470331416916698,0.0
trajectory_range__box_1.0,69,success,success,,0.658475754538568,0.0
trajectory_range__box_1.0,70,success,success,,0.19574086065546764,0.0
trajectory_range__box_1.0,71,success,success,,0.6957910261555172,0.0
trajectory_range__box_1.0,72,success,success,,0.5993159300627812,0.0
trajectory_range__box_1.0,73,success,success,,0.5900835955185424,0.0
trajectory_range__box_1.0,74,success,success,,0.8206246615068793,0.0
trajectory_range__box_1.0,75,success,success,,0.28159172058076554,0.0
trajectory_range__box_1.0,76,success,success,,0.15558594555515384,0.0
trajectory_range__box_1.0,77,success,success,,0.6509947791808854,0.0
trajectory_range__box_1.0,78,success,success,,0.6657383347284993,0.0
trajectory_range__box_1.0,79,success,success,,0.6716344585063115,0.0
trajectory_range__box_1.0,80,success,success,,0.588895666396899,0.0
trajectory_range__box_1.0,81,success,success,,0.5985992625999883,0.0
trajectory_range__box_1.0,82,success,success,,0.6014340740198222,0.0
trajectory_range__box_1.0,83,success,success,,0.6520035986794623,0.0
trajectory_range__box_1.0,84,success,success,,0.4484611836453785,0.0
trajectory_range__box_1.0,85,success,success,,0.5410667197116591,0.0
trajectory_range__box_1.0,86,success,success,,0.4109197267879416,0.0
trajectory_range__box_1.0,87,success,success,,0.5914254074380367,0.0
trajectory_range__box_1.0,88,success,success,,0.04000447783879988,0.0
trajectory_range__box_1.0,89,success,success,,0.40573161309898076,0.0
trajectory_range__box_1.0,90,success,success,,0.7667744136049952,0.0
trajectory_range__box_1.0,91,success,success,,0.3822176172185209,0.0
trajectory_range__box_1.0,92,success,success,,0.732247597468719,0.0
trajectory_range__box_1.0,93,success,success,,0.6597476091866213,0.0
trajectory_range__box_1.0,94,success,success,,0.7430518726983562,0.0
trajectory_range__box_1.0,95,success,success,,0.40955424510510324,0.0
trajectory_range__box_1.0,96,success,success,,0.8224874242544649,0.0
trajectory_range__box_1.0,97,success,success,,0.31554353958085235,0.0
trajectory_range__box_1.0,98,success,success,,0.6645397696386932,0.0
trajectory_range__box_1.0,99,success,success,,0.6700141661704647,0.0
trajectory_range__box_1.0,100,success,success,,0.45909162508893453,0.0
trajectory_range__box_1.0,101,success,success,,0.5811288109747562,0.0
trajectory_range__box_1.0,102,success,success,,0.6251626460539423,0.0
trajectory_range__box_1.0,103,success,success,,0.8056453968402524,0.0
trajectory_range__box_1.0,104,success,success,,0.5503110114028386,0.0
trajectory_range__box_1.0,105,success,success,,0.714350642397636,0.0
trajectory_range__box_1.0,106,success,success,,0.5847774127612451,0.0
trajectory_range__box_1.0,107,success,success,,0.5250584383491428,0.0
trajectory_range__box_1.0,108,success,success,,0.7043952962624811,0.0
trajectory_range__box_1.0,109,success,success,,0.7418238040832943,0.0
trajectory_range__box_1.0,110,success,success,,0.5601642137449839,0.0
trajectory_range__box_1.0,111,success,success,,0.4912936741863621,0.0
trajectory_range__box_1.0,112,success,success,,0.5665108235358544,0.0
trajectory_range__box_1.0,113,success,success,,0.6803068826714315,0.0
trajectory_range__box_1.0,114,success,success,,0.714769248908544,0.0
trajectory_range__box_1.0,115,success,success,,0.516219623726512,0.0
trajectory_range__box_1.0,116,success,success,,0.5334596737480048,0.0
trajectory_range__box_1.0,117,success,success,,0.4488093786760739,0.0
trajectory_range__box_1.0,118,success,success,,0.6410487350164704,0.0
trajectory_range__box_1.0,119,success,success,,0.4785703621458448,0.0
trajectory_range__box_1.0,120,success,success,,0.39522499096812125,0.0
trajectory_range__box_1.0,121,success,success,,0.6193252041849288,0.0
trajectory_range__box_1.0,122,success,success,,0.586783717085364,0.0
trajectory_range__box_1.0,123,success,success,,0.3899734009485298,0.0
trajectory_range__box_1.0,124,success,success,,0.6051890473656601,0.0
trajectory_range__box_1.0,125,success,success,,0.4848977680808151,0.0
trajectory_range__box_1.0,126,success,success,,0.2989508458151656,0.0
trajectory_range__box_1.0,127,success,success,,0.3867711217092658,0.0
trajectory_range__box_1.0,128,success,success,,0.7057767472552263,0.0
trajectory_range__box_1.0,129,success,success,,0.7538537108971609,0.0
trajectory_range__box_1.0,130,success,success,,0.07228445505409078,0.0
trajectory_range__box_1.0,131,success,success,,0.5515978130426452,0.0
trajectory_range__box_1.0,132,success,success,,0.41026162880867195,0.0
trajectory_range__box_1.0,133,success,success,,0.5019058906500174,0.0
trajectory_range__box_1.0,134,success,success,,0.6936781607333125,0.0
trajectory_range__box_1.0,135,success,success,,0.7644526013036385,0.0
trajectory_range__box_1.0,136,success,success,,0.6024374480874585,0.0
trajectory_range__box_1.0,137,success,success,,0.5490673923993418,0.0
trajectory_range__box_1.0,138,success,success,,0.5880363531252368,0.0
trajectory_range__box_1.0,139,success,success,,0.672841055100356,0.0
trajectory_range__box_1.0,140,success,success,,0.6314342707341162,0.0
trajectory_range__box_1.0,141,success,success,,0.7477340119296088,0.0
trajectory_range__box_1.0,142,success,success,,0.6372195486599687,0.0
trajectory_range__box_1.0,143,success,success,,0.6045261662309983,0.0
trajectory_range__box_1.0,144,success,success,,0.520569418832356,0.0
trajectory_range__box_1.0,145,success,success,,0.5410129933998813,0.0
trajectory_range__box_1.0,146,success,success,,0.2885560240358261,0.0
trajectory_range__box_1.0,147,success,success,,0.3544730443610644,0.0
trajectory_range__box_1.0,148,success,success,,0.5847851503609082,0.0
trajectory_range__box_1.0,149,success,success,,0.49375172187387634,0.0
trajectory_range__box_1.0,150,success,success,,0.33091544792702393,0.0
trajectory_range__box_1.0,151,success,success,,0.22853415548654965,0.0
trajectory_range__box_1.0,152,success,success,,0.31202918533555596,0.0
trajectory_range__box_1.0,153,success,success,,0.669894347581983,0.0
trajectory_range__box_1.0,154,success,success,,0.6143319409069903,0.0
trajectory_range__box_1.0,155,success,success,,0.2412356334550872,0.0
trajectory_range__box_1.0,156,success,success,,0.3976739744893295,0.0
trajectory_range__box_1.0,157,success,success,,0.49340767595906965,0.0
trajectory_range__box_1.0,158,success,success,,0.6568817761807232,0.0
trajectory_range__box_1.0,159,success,success,,0.3174548097188567,0.0
trajectory_range__box_1.0,160,success,success,,0.7354115734952273,0.0
trajectory_range__box_1.0,161,success,success,,0.6083649079537021,0.0
trajectory_range__box_1.0,162,success,success,,0.7853943179221334,0.0
trajectory_range__box_1.0,163,success,success,,0.39900489515796406,0.0
trajectory_range__box_1.0,164,success,success,,0.6301529059327444,0.0
trajectory_range__box_1.0,165,success,success,,0.6134201339387995,0.0
trajectory_range__box_1.0,166,success,success,,0.5176959369803363,0.0
trajectory_range__box_1.0,167,success,success,,0.4416157748891441,0.0
trajectory_range__box_1.0,168,success,success,,0.7305485376205281,0.0
trajectory_range__box_1.0,169,success,success,,0.2591180452509351,0.0
trajectory_range__box_1.0,170,success,success,,0.21580621498683786,0.0
trajectory_range__box_1.0,171,success,success,,0.7744901865677826,0.0
trajectory_range__box_1.0,172,success,success,,0.7039727514516443,0.0
trajectory_range__box_1.0,173,success,success,,0.4316110732124888,0.0
trajectory_range__box_1.0,174,success,success,,0.3062362050782229,0.0
trajectory_range__box_1.0,175,success,success,,0.33717990133636266,0.0
trajectory_range__box_1.0,176,success,success,,0.788621444038006,0.0
trajectory_range__box_1.0,177,success,success,,0.7463276019050764,0.0
trajectory_range__box_1.0,178,success,success,,0.7372236891180298,0.0
trajectory_range__box_1.0,179,success,success,,0.542891597100648,0.0
trajectory_range__box_1.0,180,success,success,,0.10884454569113916,0.0
trajectory_range__box_1.0,181,success,success,,0.8079656516092655,0.0
trajectory_range__box_1.0,182,success,success,,0.5327490181766155,0.0
trajectory_range__box_1.0,183,success,success,,0.5801096131345517,0.0
trajectory_range__box_1.0,184,success,success,,0.33853579031955516,0.0
trajectory_range__box_1.0,185,success,success,,0.30705905545617124,0.0
trajectory_range__box_1.0,186,success,success,,0.31170540423031995,0.0
trajectory_range__box_1.0,187,success,success,,0.509821767900388,0.0
trajectory_range__box_1.0,188,success,success,,0.5002384388034598,0.0
trajectory_range__box_1.0,189,success,success,,0.293504062504999,0.0
trajectory_range__box_1.0,190,success,success,,0.5315847009488421,0.0
trajectory_range__box_1.0,191,success,success,,0.5299709701924318,0.0
trajectory_range__box_1.0,192,success,success,,0.7448593750029697,0.0
trajectory_range__box_1.0,193,success,success,,0.293453006071777,0.0
trajectory_range__box_1.0,194,success,success,,0.5429307278062158,0.0
trajectory_range__box_1.0,195,success,success,,0.4998775066265362,0.0
trajectory_range__box_1.0,196,success,success,,0.7602227504360141,0.0
trajectory_range__box_1.0,197,success,success,,0.5792392721504173,0.0
trajectory_range__box_1.0,198,success,success,,0.532478446289048,0.0
trajectory_range__box_1.0,199,success,success,,0.6955638794092106,0.0
trajectory_range__box_1.0,200,success,success,,0.7414689757552685,0.0
trajectory_range__box_1.0,201,success,success,,0.557988339343226,0.0
trajectory_range__box_1.0,202,success,success,,0.3984150768512834,0.0
trajectory_range__box_1.0,203,success,success,,0.5610648442268613,0.0
trajectory_range__box_1.0,204,success,success,,0.32274349350475945,0.0
trajectory_range__box_1.0,205,success,success,,0.3722474617586153,0.0
trajectory_range__box_1.0,206,success,success,,0.5412383952609121,0.0
trajectory_range__box_1.0,207,success,success,,0.7661032633368473,0.0
trajectory_range__box_1.0,208,success,success,,0.2809774601948449,0.0
trajectory_range__box_1.0,209,success,success,,0.38422641967593474,0.0
trajectory_range__box_1.0,210,success,success,,0.5023052789696316,0.0
trajectory_range__box_1.0,211,success,success,,0.2631320404692428,0.0
trajectory_range__box_1.0,212,success,success,,0.6713232499185176,0.0
trajectory_range__box_1.0,213,success,success,,0.41995814130869447,0.0
trajectory_range__box_1.0,214,success,success,,0.3349975183296305,0.0
trajectory_range__box_1.0,215,success,success,,0.24721634192883418,0.0
trajectory_range__box_1.0,216,success,success,,0.11634519650640146,0.0
trajectory_range__box_1.0,217,success,success,,0.7675319083494958,0.0
trajectory_range__box_1.0,218,success,success,,0.13030540405221744,0.0
trajectory_range__box_1.0,219,success,success,,0.3518445963405044,0.0
trajectory_range__box_1.0,220,success,success,,0.8136233855697701,0.0
trajectory_range__box_1.0,221,success,success,,0.6788180247704493,0.0
trajectory_range__box_1.0,222,success,success,,0.6358415190072948,0.0
trajectory_range__box_1.0,223,success,success,,0.42945901565362027,0.0
trajectory_range__box_1.0,224,success,success,,0.5214811421360183,0.0
trajectory_range__box_1.0,225,success,success,,0.7192330351681103,0.0
trajectory_range__box_1.0,226,success,success,,0.08506006404249025,0.0
trajectory_range__box_1.0,227,success,success,,0.7832962170147169,0.0
trajectory_range__box_1.0,228,success,success,,0.19075802865453192,0.0
trajectory_range__box_1.0,229,success,success,,0.6480290751818292,0.0
trajectory_range__box_1.0,230,success,success,,0.6195563517907122,0.0
trajectory_range__box_1.0,231,success,success,,0.19133003435681878,0.0
trajectory_range__box_1.0,232,success,success,,0.6345790919883134,0.0
trajectory_range__box_1.0,233,success,success,,0.7244769772096242,0.0
trajectory_range__box_1.0,234,success,success,,0.5965812600262741,0.0
trajectory_range__box_1.0,235,success,success,,0.36315753254049205,0.0
trajectory_range__box_1.0,236,success,success,,0.4498220483111335,0.0
trajectory_range__box_1.0,237,success,success,,0.06930191926159743,0.0
trajectory_range__box_1.0,238,success,success,,0.688618360583093,0.0
trajectory_range__box_1.0,239,success,success,,0.45559040655877137,0.0
trajectory_range__box_1.0,240,success,success,,0.7093323377232184,0.0
trajectory_range__box_1.0,241,success,success,,0.5617421502889132,0.0
trajectory_range__box_1.0,242,success,success,,0.15775878701817958,0.0
trajectory_range__box_1.0,243,success,success,,0.6408110413862971,0.0
trajectory_range__box_1.0,244,success,success,,0.2237962107562267,0.0
trajectory_range__box_1.0,245,success,success,,0.6344323615763351,0.0
trajectory_range__box_1.0,246,success,success,,0.6429241160668044,0.0
trajectory_range__box_1.0,247,success,success,,0.31373049537641384,0.0
trajectory_range__box_1.0,248,success,success,,0.21199762274387346,0.0
trajectory_range__box_1.0,249,success,success,,0.49771954314384403,0.0
trajectory_range__box_1.0,250,success,success,,0.32783771418322505,0.0
trajectory_range__box_1.0,251,success,success,,0.5544414407612215,0.0
trajectory_range__box_1.0,252,success,success,,0.3369663494099553,0.0
trajectory_range__box_1.0,253,success,success,,0.6215879683320619,0.0
trajectory_range__box_1.0,254,success,success,,0.32086619497425684,0.0
trajectory_range__box_1.0,255,success,success,,0.4709543680384045,0.0
trajectory_range__box_1.0,256,success,success,,0.4866466202525316,0.0
trajectory_range__box_1.0,257,success,success,,0.5466548763534637,0.0
trajectory_range__box_1.0,258,success,success,,0.00911069409349367,0.0
trajectory_range__box_1.0,259,success,success,,0.44615624628612066,0.0
trajectory_range__box_1.0,260,success,success,,0.7316383292766597,0.0
trajectory_range__box_1.0,261,success,success,,0.6869094752751832,0.0
trajectory_range__box_1.0,262,success,success,,0.46931104505872473,0.0
trajectory_range__box_1.0,263,success,success,,0.6794767179057685,0.0
trajectory_range__box_1.0,264,success,success,,0.6821635270200368,0.0
trajectory_range__box_1.0,265,success,success,,0.75510470307262,0.0
trajectory_range__box_1.0,266,success,success,,0.7664625739372651,0.0
trajectory_range__box_1.0,267,success,success,,0.5541954053903769,0.0
trajectory_range__box_1.0,268,success,success,,0.29355348285347216,0.0
trajectory_range__box_1.0,269,success,success,,0.7153261557967582,0.0
trajectory_range__box_1.0,270,success,success,,0.16292502571367717,0.0
trajectory_range__box_1.0,271,success,success,,0.35465417532735855,0.0
trajectory_range__box_1.0,272,success,success,,0.656691279268573,0.0
trajectory_range__box_1.0,273,success,success,,0.6825030960667892,0.0
trajectory_range__box_1.0,274,success,success,,0.23621345599458343,0.0
trajectory_range__box_1.0,275,success,success,,0.25518488912933024,0.0
trajectory_range__box_1.0,276,success,success,,0.6879362361233304,0.0
trajectory_range__box_1.0,277,success,success,,0.49262288183789094,0.0
trajectory_range__box_1.0,278,success,success,,0.7158690574552335,0.0
trajectory_range__box_1.0,279,success,success,,0.3606801208210221,0.0
trajectory_range__box_1.0,280,success,success,,0.5074116646938288,0.0
trajectory_range__box_1.0,281,success,success,,0.5944840572067069,0.0
trajectory_range__box_1.0,282,success,success,,0.3020818256154014,0.0
trajectory_range__box_1.0,283,success,success,,0.7245652786702834,0.0
trajectory_range__box_1.0,284,success,success,,0.47398584103157587,0.0
trajectory_range__box_1.0,285,success,success,,0.4183379433065744,0.0
trajectory_range__box_1.0,286,success,success,,0.6884762274496492,0.0
trajectory_range__box_1.0,287,success,success,,0.5304375583189503,0.0
trajectory_range__box_1.0,288,success,success,,0.7040640993000298,0.0
trajectory_range__box_1.0,289,success,success,,0.6657591963809696,0.0
trajectory_range__box_1.0,290,success,success,,0.6541154676601431,0.0
trajectory_range__box_1.0,291,success,success,,0.24922582436149315,0.0
trajectory_range__box_1.0,292,success,success,,0.7244036098682117,0.0
trajectory_range__box_1.0,293,success,success,,0.5021849612846745,0.0
trajectory_range__box_1.0,294,success,success,,0.7064311118782218,0.0
trajectory_range__box_1.0,295,success,success,,0.5727619266376012,0.0
trajectory_range__box_1.0,296,success,success,,0.7528759819430412,0.0
trajectory_range__box_1.0,297,success,success,,0.30966181491716943,0.0
trajectory_range__box_1.0,298,success,success,,0.6849966840562027,0.0
trajectory_range__box_1.0,299,success,success,,0.3632381525789219,0.0
trajectory_range__box_1.0,300,success,success,,0.5871493970174846,0.0
trajectory_range__box_1.0,301,success,success,,0.45219994444388323,0.0
trajectory_range__box_1.0,302,success,success,,0.31891458543740925,0.0
trajectory_range__box_1.0,303,success,success,,0.17379386439526548,0.0
trajectory_range__box_1.0,304,success,success,,0.7843507761790641,0.0
trajectory_range__box_1.0,305,success,success,,0.3129845790026655,0.0
trajectory_range__box_1.0,306,success,success,,0.7279954160547589,0.0
trajectory_range__box_1.0,307,success,success,,0.7039269724278463,0.0
trajectory_range__box_1.0,308,success,success,,0.6704759483641256,0.0
trajectory_range__box_1.0,309,success,success,,0.6628040175451367,0.0
trajectory_range__box_1.0,310,success,success,,0.5807580612779812,0.0
trajectory_range__box_1.0,311,success,success,,0.4777719019226045,0.0
trajectory_range__box_1.0,312,success,success,,0.7715014648920425,0.0
trajectory_range__box_1.0,313,success,success,,0.6388009732691189,0.0
trajectory_range__box_1.0,314,success,success,,0.6669673212954421,0.0
trajectory_range__box_1.0,315,success,success,,0.6890770449836398,0.0
trajectory_range__box_1.0,316,success,success,,0.3145343129312083,0.0
trajectory_range__box_1.0,317,success,success,,0.5271274680274703,0.0
trajectory_range__box_1.0,318,success,success,,0.42794537291925067,0.0
trajectory_range__box_1.0,319,success,success,,0.47114541365293716,0.0
trajectory_range__box_1.0,320,success,success,,0.6482273622467452,0.0
trajectory_range__box_1.0,321,success,success,,0.3920860311337607,0.0
trajectory_range__box_1.0,322,success,success,,0.5761397636410325,0.0
trajectory_range__box_1.0,323,success,success,,0.7445571577742103,0.0
trajectory_range__box_1.0,324,success,success,,0.5854663379854397,0.0
trajectory_range__box_1.0,325,success,success,,0.7858011141805136,0.0
trajectory_range__box_1.0,326,success,success,,0.4691959535817145,0.0
trajectory_range__box_1.0,327,success,success,,0.50761033061695,0.0
trajectory_range__box_1.0,328,success,success,,0.4317883268275274,0.0
trajectory_range__box_1.0,329,success,success,,0.28146232404952,0.0
trajectory_range__box_1.0,330,success,success,,0.691813674093215,0.0
trajectory_range__box_1.0,331,success,success,,0.6005243594195183,0.0
trajectory_range__box_1.0,332,success,success,,0.41240332902886656,0.0
trajectory_range__box_1.0,333,success,success,,0.7744407959599064,0.0
trajectory_range__box_1.0,334,success,success,,0.6703263308388863,0.0
trajectory_range__box_1.0,335,success,success,,0.7360932226253688,0.0
trajectory_range__box_1.0,336,success,success,,0.13479779077180995,0.0
trajectory_range__box_1.0,337,success,success,,0.38862108702136605,0.0
trajectory_range__box_1.0,338,success,success,,0.666489760377983,0.0
trajectory_range__box_1.0,339,success,success,,0.7188521011989297,0.0
trajectory_range__box_1.0,340,success,success,,0.5571985437273442,0.0
trajectory_range__box_1.0,341,success,success,,0.44630425128543627,0.0
trajectory_range__box_1.0,342,success,success,,0.41735392876695937,0.0
trajectory_range__box_1.0,343,success,success,,0.5662591440025295,0.0
trajectory_range__box_1.0,344,success,success,,0.7580089606625856,0.0
trajectory_range__box_1.0,345,success,success,,0.7639883573770878,0.0
trajectory_range__box_1.0,346,success,success,,0.2962668219935086,0.0
trajectory_range__box_1.0,347,success,success,,0.31038703572898857,0.0
trajectory_range__box_1.0,348,success,success,,0.46147994306354095,0.0
trajectory_range__box_1.0,349,success,success,,0.46993583914864406,0.0
trajectory_range__box_1.0,350,success,success,,0.5337890799105015,0.0
trajectory_range__box_1.0,351,success,success,,0.5160306142143973,0.0
trajectory_range__box_1.0,352,success,success,,0.6096049044279289,0.0
trajectory_range__box_1.0,353,success,success,,0.8034012199167366,0.0
trajectory_range__box_1.0,354,success,success,,0.5432309605120885,0.0
trajectory_range__box_1.0,355,success,success,,0.37285854730063156,0.0
trajectory_range__box_1.0,356,success,success,,0.20322176241061857,0.0
trajectory_range__box_1.0,357,success,success,,0.3573047813602093,0.0
trajectory_range__box_1.0,358,success,success,,0.3834543936884844,0.0
trajectory_range__box_1.0,359,success,success,,0.3660355213277249,0.0
trajectory_range__box_1.0,360,success,success,,0.3876903329973872,0.0
trajectory_range__box_1.0,361,success,success,,0.5667230990142633,0.0
trajectory_range__box_1.0,362,success,success,,0.8026239042077409,0.0
trajectory_range__box_1.0,363,success,success,,0.3704473669240078,0.0
trajectory_range__box_1.0,364,success,success,,0.25806537840411675,0.0
trajectory_range__box_1.0,365,success,success,,0.7584118223077185,0.0
trajectory_range__box_1.0,366,success,success,,0.6748982412556029,0.0
trajectory_range__box_1.0,367,success,success,,0.5989264408760515,0.0
trajectory_range__box_1.0,368,success,success,,0.1760570514100343,0.0
trajectory_range__box_1.0,369,success,success,,0.31091522518767223,0.0
trajectory_range__box_1.0,370,success,success,,0.7405655595966277,0.0
trajectory_range__box_1.0,371,success,success,,0.512271284987257,0.0
trajectory_range__box_1.0,372,success,success,,0.43575385624331087,0.0
trajectory_range__box_1.0,373,success,success,,0.7331737352875842,0.0
trajectory_range__box_1.0,374,success,success,,0.6672485598201868,0.0
trajectory_range__box_1.0,375,success,success,,0.5255048888991676,0.0
trajectory_range__box_1.0,376,success,success,,0.14819062014466478,0.0
trajectory_range__box_1.0,377,success,success,,0.7320550556114025,0.0
trajectory_range__box_1.0,378,success,success,,0.7908239776516878,0.0
trajectory_range__box_1.0,379,success,success,,0.7206633995283278,0.0
trajectory_range__box_1.0,380,success,success,,0.6945598263812715,0.0
trajectory_range__box_1.0,381,success,success,,0.559673638714001,0.0
trajectory_range__box_1.0,382,success,success,,0.5788153016039629,0.0
trajectory_range__box_1.0,383,success,success,,0.3962343707533842,0.0
trajectory_range__box_1.0,384,success,success,,0.4840291216539942,0.0
trajectory_range__box_1.0,385,success,success,,0.4952685934235648,0.0
trajectory_range__box_1.0,386,success,success,,0.8432551413100352,0.0
trajectory_range__box_1.0,387,success,success,,0.3305460642632387,0.0
trajectory_range__box_1.0,388,success,success,,0.2609428172634862,0.0
trajectory_range__box_1.0,389,success,success,,0.47103561082551537,0.0
trajectory_range__box_1.0,390,success,success,,0.7554674712152626,0.0
trajectory_range__box_1.0,391,success,success,,0.76725844839198,0.0
trajectory_range__box_1.0,392,success,success,,0.3184006517002649,0.0
trajectory_range__box_1.0,393,success,success,,0.5963220622237901,0.0
trajectory_range__box_1.0,394,success,success,,0.5175375589522444,0.0
trajectory_range__box_1.0,395,success,success,,0.7011198739855682,0.0
trajectory_range__box_1.0,396,success,success,,0.40925195592360347,0.0
trajectory_range__box_1.0,397,success,success,,0.5975857254574303,0.0
trajectory_range__box_1.0,398,success,success,,0.7185429997056401,0.0
trajectory_range__box_1.0,399,success,success,,0.610315225157089,0.0
trajectory_range__box_1.0,400,success,success,,0.5765701049831204,0.0
trajectory_range__box_1.0,401,success,success,,0.533909003868779,0.0
trajectory_range__box_1.0,402,success,success,,0.5721447219466691,0.0
trajectory_range__box_1.0,403,success,success,,0.7638299006464757,0.0
trajectory_range__box_1.0,404,success,success,,0.5506811725837806,0.0
trajectory_range__box_1.0,405,success,success,,0.2517502864904987,0.0
trajectory_range__box_1.0,406,success,success,,0.47518040528819533,0.0
trajectory_range__box_1.0,407,success,success,,0.5837081408279957,0.0
trajectory_range__box_1.0,408,success,success,,0.6296195030857396,0.0
trajectory_range__box_1.0,409,success,success,,0.5398241450913565,0.0
trajectory_range__box_1.0,410,success,success,,0.6399760954790138,0.0
trajectory_range__box_1.0,411,success,success,,0.4229882052153884,0.0
trajectory_range__box_1.0,412,success,success,,0.3440684927079912,0.0
trajectory_range__box_1.0,413,success,success,,0.3349684908277244,0.0
trajectory_range__box_1.0,414,success,success,,0.09414135595108296,0.0
trajectory_range__box_1.0,415,success,success,,0.06259915425155606,0.0
trajectory_range__box_1.0,416,success,success,,0.4803642526292526,0.0
trajectory_range__box_1.0,417,success,success,,0.3972979442006582,0.0
trajectory_range__box_1.0,418,success,success,,0.6563550745567812,0.0
trajectory_range__box_1.0,419,success,success,,0.7288771216328249,0.0
trajectory_range__box_1.0,420,success,success,,0.7679615207932045,0.0
trajectory_range__box_1.0,421,success,success,,0.5538673354449019,0.0
trajectory_range__box_1.0,422,success,success,,0.7433907965393659,0.0
trajectory_range__box_1.0,423,success,success,,0.608535717240532,0.0
trajectory_range__box_1.0,424,success,success,,0.656578650235988,0.0
trajectory_range__box_1.0,425,success,success,,0.36686036534748,0.0
trajectory_range__box_1.0,426,success,success,,0.4446021486606803,0.0
trajectory_range__box_1.0,427,success,success,,0.2910926899887939,0.0
trajectory_range__box_1.0,428,success,success,,0.4495232905211103,0.0
trajectory_range__box_1.0,429,success,success,,0.4501916120672014,0.0
trajectory_range__box_1.0,430,success,success,,0.5199280038807818,0.0
trajectory_range__box_1.0,431,success,success,,0.1990304616050992,0.0
trajectory_range__box_1.0,432,success,success,,0.2082863624104032,0.0
trajectory_range__box_1.0,433,success,success,,0.691393797289696,0.0
trajectory_range__box_1.0,434,success,success,,0.6448298776217772,0.0
trajectory_range__box_1.0,435,success,success,,0.28297452584642085,0.0
trajectory_range__box_1.0,436,success,success,,0.5500075839264057,0.0
trajectory_range__box_1.0,437,success,success,,0.6130678451686983,0.0
trajectory_range__box_1.0,438,success,success,,0.5178116941390261,0.0
trajectory_range__box_1.0,439,success,success,,0.534309382979893,0.0
trajectory_range__box_1.0,440,success,success,,0.6646901029171897,0.0
trajectory_range__box_1.0,441,success,success,,0.6034876942449277,0.0
trajectory_range__box_1.0,442,success,success,,0.3719250191109054,0.0
trajectory_range__box_1.0,443,success,success,,0.20872122972971602,0.0
trajectory_range__box_1.0,444,success,success,,0.35744906012476374,0.0
trajectory_range__box_1.0,445,success,success,,0.5300426078175162,0.0
trajectory_range__box_1.0,446,success,success,,0.40322806527187594,0.0
trajectory_range__box_1.0,447,success,success,,0.8085007828358733,0.0
trajectory_range__box_1.0,448,success,success,,0.5271729594125547,0.0
trajectory_range__box_1.0,449,success,success,,0.6083299135581397,0.0
trajectory_range__box_1.0,450,success,success,,0.706781564004862,0.0
trajectory_range__box_1.0,451,success,success,,0.5614478720505549,0.0
trajectory_range__box_1.0,452,success,success,,0.6918640196247292,0.0
trajectory_range__box_1.0,453,success,success,,0.7652346154053664,0.0
trajectory_range__box_1.0,454,success,success,,0.3919496542342461,0.0
trajectory_range__box_1.0,455,success,success,,0.5506906534379035,0.0
trajectory_range__box_1.0,456,success,success,,0.6461224502791919,0.0
trajectory_range__box_1.0,457,success,success,,0.6814598605052373,0.0
trajectory_range__box_1.0,458,success,success,,0.6927806367273609,0.0
trajectory_range__box_1.0,459,success,success,,0.7858553979663645,0.0
trajectory_range__box_1.0,460,success,success,,0.5249737239930741,0.0
trajectory_range__box_1.0,461,success,success,,0.5018449322649534,0.0
trajectory_range__box_1.0,462,success,success,,0.4659962360245901,0.0
trajectory_range__box_1.0,463,success,success,,0.14785792845005236,0.0
trajectory_range__box_1.0,464,success,success,,0.540594690668273,0.0
trajectory_range__box_1.0,465,success,success,,0.6173986928520993,0.0
trajectory_range__box_1.0,466,success,success,,0.3006737452225644,0.0
trajectory_range__box_1.0,467,success,success,,0.6756901254568888,0.0
trajectory_range__box_1.0,468,success,success,,0.5175160730024166,0.0
trajectory_range__box_1.0,469,success,success,,0.48800583686356647,0.0
trajectory_range__box_1.0,470,success,success,,0.5690486002383348,0.0
trajectory_range__box_1.0,471,success,success,,0.33801722375746446,0.0
trajectory_range__box_1.0,472,success,success,,0.763293239948726,0.0
trajectory_range__box_1.0,473,success,success,,0.24824865179548034,0.0
trajectory_range__box_1.0,474,success,success,,0.5089622298985323,0.0
trajectory_range__box_1.0,475,success,success,,0.6277131197438902,0.0
trajectory_range__box_1.0,476,success,success,,0.4685056573605915,0.0
trajectory_range__box_1.0,477,success,success,,0.551612746926779,0.0
trajectory_range__box_1.0,478,success,success,,0.6025825089616031,0.0
trajectory_range__box_1.0,479,success,success,,0.27720109405947996,0.0
trajectory_range__box_1.0,480,success,success,,0.2983191781093125,0.0
trajectory_range__box_1.0,481,success,success,,0.6896902235772182,0.0
trajectory_range__box_1.0,482,success,success,,0.7204238322523071,0.0
trajectory_range__box_1.0,483,success,success,,0.37281000795650787,0.0
trajectory_range__box_1.0,484,success,success,,0.495075091748235,0.0
trajectory_range__box_1.0,485,success,success,,0.6256052355513696,0.0
trajectory_range__box_1.0,486,success,success,,0.3382382307778261,0.0
trajectory_range__box_1.0,487,success,success,,0.3654569621848604,0.0
trajectory_range__box_1.0,488,success,success,,0.5525162714154627,0.0
trajectory_range__box_1.0,489,success,success,,0.6774722882989144,0.0
trajectory_range__box_1.0,490,success,success,,0.5389847376752748,0.0
trajectory_range__box_1.0,491,success,success,,0.5339307341516917,0.0
trajectory_range__box_1.0,492,success,success,,0.503221980767644,0.0
trajectory_range__box_1.0,493,success,success,,0.8016391746678112,0.0
trajectory_range__box_1.0,494,success,success,,0.2696425475972184,0.0
trajectory_range__box_1.0,495,success,success,,0.6225714871687281,0.0
trajectory_range__box_1.0,496,success,success,,0.6668227725062685,0.0
trajectory_range__box_1.0,497,success,success,,0.2663909056006497,0.0
trajectory_range__box_1.0,498,success,success,,0.48496153040946205,0.0
trajectory_range__box_1.0,499,success,success,,0.17697453145227532,0.0
trajectory_range__box_1.0,500,success,success,,0.337201477191049,0.0
trajectory_range__box_1.0,501,success,success,,0.8306790487060881,0.0
trajectory_range__box_1.0,502,success,success,,0.319558718151781,0.0
trajectory_range__box_1.0,503,success,success,,0.16408149875990177,0.0
trajectory_range__box_1.0,504,success,success,,0.6137561179807549,0.0
trajectory_range__box_1.0,505,success,success,,0.8027212185507777,0.0
trajectory_range__box_1.0,506,success,success,,0.5064592071265365,0.0
trajectory_range__box_1.0,507,success,success,,0.5770513303040533,0.0
trajectory_range__box_1.0,508,success,success,,0.666210530907591,0.0
trajectory_range__box_1.0,509,success,success,,0.09373483411306471,0.0
trajectory_range__box_1.0,510,success,success,,0.6885554053194546,0.0
trajectory_range__box_1.0,511,success,success,,0.3576326672441215,0.0
trajectory_range__box_1.0,512,success,success,,0.319513663878856,0.0
trajectory_range__box_1.0,513,success,success,,0.6295201087214221,0.0
trajectory_range__box_1.0,514,success,success,,0.47236612480893114,0.0
trajectory_range__box_1.0,515,success,success,,0.6700983820059511,0.0
trajectory_range__box_1.0,516,success,success,,0.7246530187147863,0.0
trajectory_range__box_1.0,517,success,success,,0.5331312164770615,0.0
trajectory_range__box_1.0,518,success,success,,0.18518105492602938,0.0
trajectory_range__box_1.0,519,success,success,,0.565191661812843,0.0
trajectory_range__box_1.0,520,success,success,,0.30930867375761306,0.0
trajectory_range__box_1.0,521,success,success,,0.6275340028006492,0.0
trajectory_range__box_1.0,522,success,success,,0.49156025910310497,0.0
trajectory_range__box_1.0,523,success,success,,0.44805301030102024,0.0
trajectory_range__box_1.0,524,success,success,,0.3722153185016621,0.0
trajectory_range__box_1.0,525,success,success,,0.06489154783673498,0.0
trajectory_range__box_1.0,526,success,success,,0.31261895724167144,0.0
trajectory_range__box_1.0,527,success,success,,0.6485229535093833,0.0
trajectory_range__box_1.0,528,success,success,,0.5604316464299437,0.0
trajectory_range__box_1.0,529,success,success,,0.30116696369710366,0.0
trajectory_range__box_1.0,530,success,success,,0.6189534403704613,0.0
trajectory_range__box_1.0,531,success,success,,0.8216724955218933,0.0
trajectory_range__box_1.0,532,success,success,,0.624785150857434,0.0
trajectory_range__box_1.0,533,success,success,,0.7219658250575852,0.0
trajectory_range__box_1.0,534,success,success,,0.5516698649933054,0.0
trajectory_range__box_1.0,535,success,success,,0.46941777953514835,0.0
trajectory_range__box_1.0,536,success,success,,0.4100614558050673,0.0
trajectory_range__box_1.0,537,success,success,,0.26196041964010375,0.0
trajectory_range__box_1.0,538,success,success,,0.5347857768784672,0.0
trajectory_range__box_1.0,539,success,success,,0.5758235517897088,0.0
trajectory_range__box_1.0,540,success,success,,0.8278642200771675,0.0
trajectory_range__box_1.0,541,success,success,,0.08724027981614921,0.0
trajectory_range__box_1.0,542,success,success,,0.46161881096213175,0.0
trajectory_range__box_1.0,543,success,success,,0.4626338229520258,0.0
trajectory_range__box_1.0,544,success,success,,0.05053100304102185,0.0
trajectory_range__box_1.0,545,success,success,,0.48762583788087766,0.0
trajectory_range__box_1.0,546,success,success,,0.1593806701189997,0.0
trajectory_range__box_1.0,547,success,success,,0.7288983749455632,0.0
trajectory_range__box_1.0,548,success,success,,0.5302032595059271,0.0
trajectory_range__box_1.0,549,success,success,,0.8132122338296289,0.0
trajectory_range__box_1.0,550,success,success,,0.2882838976338614,0.0
trajectory_range__box_1.0,551,success,success,,0.10775923278251655,0.0
trajectory_range__box_1.0,552,success,success,,0.5532118679575403,0.0
trajectory_range__box_1.0,553,success,success,,0.39535953522095946,0.0
trajectory_range__box_1.0,554,success,success,,0.34606785151244174,0.0
trajectory_range__box_1.0,555,success,success,,0.38170193387341556,0.0
trajectory_range__box_1.0,556,success,success,,0.23667804295868328,0.0
trajectory_range__box_1.0,557,success,success,,0.7003073747737527,0.0
trajectory_range__box_1.0,558,success,success,,0.4433128373953103,0.0
trajectory_range__box_1.0,559,success,success,,0.634848034115627,0.0
trajectory_range__box_1.0,560,success,success,,0.6286674154556983,0.0
trajectory_range__box_1.0,561,success,success,,0.7199250249211944,0.0
trajectory_range__box_1.0,562,success,success,,0.5068170171547518,0.0
trajectory_range__box_1.0,563,success,success,,0.7225267388155366,0.0
trajectory_range__box_1.0,564,success,success,,0.6249818058591574,0.0
trajectory_range__box_1.0,565,success,success,,0.14252973747177133,0.0
trajectory_range__box_1.0,566,success,success,,0.7090644611558081,0.0
trajectory_range__box_1.0,567,success,success,,0.73767914711494,0.0
trajectory_range__box_1.0,568,success,success,,0.07627294105441132,0.0
trajectory_range__box_1.0,569,success,success,,0.68236803474951,0.0
trajectory_range__box_1.0,570,success,success,,0.28038100774023106,0.0
trajectory_range__box_1.0,571,success,success,,0.23343622960868865,0.0
trajectory_range__box_1.0,572,success,success,,0.5134373436566624,0.0
trajectory_range__box_1.0,573,success,success,,0.37862508896644026,0.0
trajectory_range__box_1.0,574,success,success,,0.6616536880839025,0.0
trajectory_range__box_1.0,575,success,success,,0.7159880020815488,0.0
trajectory_range__box_1.0,576,success,success,,0.3562885945484505,0.0
trajectory_range__box_1.0,577,success,success,,0.3403943867611863,0.0
trajectory_range__box_1.0,578,success,success,,0.2523207412594666,0.0
trajectory_range__box_1.0,579,success,success,,0.4282442179244268,0.0
trajectory_range__box_1.0,580,success,success,,0.7368902240024116,0.0
trajectory_range__box_1.0,581,success,success,,0.4241189098407598,0.0
trajectory_range__box_1.0,582,success,success,,0.3548508860355396,0.0
trajectory_range__box_1.0,583,success,success,,0.5113701698661861,0.0
trajectory_range__box_1.0,584,success,success,,0.5373597761456766,0.0
trajectory_range__box_1.0,585,success,success,,0.36233665064129816,0.0
trajectory_range__box_1.0,586,success,success,,0.4131982597882605,0.0
trajectory_range__box_1.0,587,success,success,,0.6631092751682072,0.0
trajectory_range__box_1.0,588,success,success,,0.457540160730002,0.0
trajectory_range__box_1.0,589,success,success,,0.4247283097295802,0.0
trajectory_range__box_1.0,590,success,success,,0.44661088458455583,0.0
trajectory_range__box_1.0,591,success,success,,0.2172697924526786,0.0
trajectory_range__box_1.0,592,success,success,,0.5883287657223435,0.0
trajectory_range__box_1.0,593,success,success,,0.5542327336475891,0.0
trajectory_range__box_1.0,594,success,success,,0.41077400084055243,0.0
trajectory_range__box_1.0,595,success,success,,0.24026789412234714,0.0
trajectory_range__box_1.0,596,success,success,,0.46342665475692757,0.0
trajectory_range__box_1.0,597,success,success,,0.6930535061247464,0.0
trajectory_range__box_1.0,598,success,success,,0.6473582347102185,0.0
trajectory_range__box_1.0,599,success,success,,0.6683485260344282,0.0
trajectory_range__box_1.0,600,success,success,,0.6728532955109663,0.0
trajectory_range__box_1.0,601,success,success,,0.718614722707783,0.0
trajectory_range__box_1.0,602,success,success,,0.5582153844247162,0.0
trajectory_range__box_1.0,603,success,success,,0.6479121752336046,0.0
trajectory_range__box_1.0,604,success,success,,0.5201778214634659,0.0
trajectory_range__box_1.0,605,success,success,,0.40190643119168395,0.0
trajectory_range__box_1.0,606,success,success,,0.47368753954292775,0.0
trajectory_range__box_1.0,607,success,success,,0.1993914673471745,0.0
trajectory_range__box_1.0,608,success,success,,0.802314145282863,0.0
trajectory_range__box_1.0,609,success,success,,0.5381547799962673,0.0
trajectory_range__box_1.0,610,success,success,,0.16699297470453361,0.0
trajectory_range__box_1.0,611,success,success,,0.7298757215197026,0.0
trajectory_range__box_1.0,612,success,success,,0.27440899337402713,0.0
trajectory_range__box_1.0,613,success,success,,0.4727745582268783,0.0
trajectory_range__box_1.0,614,success,success,,0.22658678030150425,0.0
trajectory_range__box_1.0,615,success,success,,0.4473658674180797,0.0
trajectory_range__box_1.0,616,success,success,,0.49945314031716015,0.0
trajectory_range__box_1.0,617,success,success,,0.5943855995230016,0.0
trajectory_range__box_1.0,618,success,success,,0.7142167313514491,0.0
trajectory_range__box_1.0,619,success,success,,0.4486103925286566,0.0
trajectory_range__box_1.0,620,success,success,,0.5076030497802655,0.0
trajectory_range__box_1.0,621,success,success,,0.3800092124511306,0.0
trajectory_range__box_1.0,622,success,success,,0.49246429992621743,0.0
trajectory_range__box_1.0,623,success,success,,0.4987065918344585,0.0
trajectory_range__box_1.0,624,success,success,,0.35687340594293226,0.0
trajectory_range__box_1.0,625,success,success,,0.3410773327906504,0.0
trajectory_range__box_1.0,626,success,success,,0.26144610741996555,0.0
trajectory_range__box_1.0,627,success,success,,0.7599667563112622,0.0
trajectory_range__box_1.0,628,success,success,,0.24772685867883887,0.0
trajectory_range__box_1.0,629,success,success,,0.6538250777258481,0.0
trajectory_range__box_1.0,630,success,success,,0.673794803654852,0.0
trajectory_range__box_1.0,631,success,success,,0.4150642867040006,0.0
trajectory_range__box_1.0,632,success,success,,0.7803434701655079,0.0
trajectory_range__box_1.0,633,success,success,,0.721775587210696,0.0
trajectory_range__box_1.0,634,success,success,,0.7429708488909718,0.0
trajectory_range__box_1.0,635,success,success,,0.46985693289775887,0.0
trajectory_range__box_1.0,636,success,success,,0.18606041031236575,0.0
trajectory_range__box_1.0,637,success,success,,0.5304663552540463,0.0
trajectory_range__box_1.0,638,success,success,,0.393260104261301,0.0
trajectory_range__box_1.0,639,success,success,,0.7009031949304264,0.0
trajectory_range__box_1.0,640,success,success,,0.28358434056737447,0.0
trajectory_range__box_1.0,641,success,success,,0.11828572756673453,0.0
trajectory_range__box_1.0,642,success,success,,0.7164306228351385,0.0
trajectory_range__box_1.0,643,success,success,,0.634396639244609,0.0
trajectory_range__box_1.0,644,success,success,,0.4688380299402906,0.0
trajectory_range__box_1.0,645,success,success,,0.7035245886196886,0.0
trajectory_range__box_1.0,646,success,success,,0.4654435083569385,0.0
trajectory_range__box_1.0,647,success,success,,0.5118701097507785,0.0
trajectory_range__box_1.0,648,success,success,,0.4513634041057,0.0
trajectory_range__box_1.0,649,success,success,,0.382820831272398,0.0
trajectory_range__box_1.0,650,success,success,,0.29670090976951613,0.0
trajectory_range__box_1.0,651,success,success,,0.3178421233628761,0.0
trajectory_range__box_1.0,652,success,success,,0.37668532779554253,0.0
trajectory_range__box_1.0,653,success,success,,0.3723875688927465,0.0
trajectory_range__box_1.0,654,success,success,,0.6723073745758757,0.0
trajectory_range__box_1.0,655,success,success,,0.5177730637637141,0.0
trajectory_range__box_1.0,656,success,success,,0.7395930284064709,0.0
trajectory_range__box_1.0,657,success,success,,0.22857945107334687,0.0
trajectory_range__box_1.0,658,success,success,,0.5111817462600121,0.0
trajectory_range__box_1.0,659,success,success,,0.43382948787034004,0.0
trajectory_range__box_1.0,660,success,success,,0.3107864752147505,0.0
trajectory_range__box_1.0,661,success,success,,0.03972404116785779,0.0
trajectory_range__box_1.0,662,success,success,,0.6090462026709647,0.0
trajectory_range__box_1.0,663,success,success,,0.1914120570320084,0.0
trajectory_range__box_1.0,664,success,success,,0.5904706787156633,0.0
trajectory_range__box_1.0,665,success,success,,0.6207363729080977,0.0
trajectory_range__box_1.0,666,success,success,,0.6356784011276173,0.0
trajectory_range__box_1.0,667,success,success,,0.21779417868885484,0.0
trajectory_range__box_1.0,668,success,success,,0.6558616885554411,0.0
trajectory_range__box_1.0,669,success,success,,0.2570723249056561,0.0
trajectory_range__box_1.0,670,success,success,,0.6220726554866363,0.0
trajectory_range__box_1.0,671,success,success,,0.5588587815661389,0.0
trajectory_range__box_1.0,672,success,success,,0.5957357694269728,0.0
trajectory_range__box_1.0,673,success,success,,0.5948912108118858,0.0
trajectory_range__box_1.0,674,success,success,,0.2077164815516599,0.0
trajectory_range__box_1.0,675,success,success,,0.5601675369389971,0.0
trajectory_range__box_1.0,676,success,success,,0.391023516105523,0.0
trajectory_range__box_1.0,677,success,success,,0.5593883792086513,0.0
trajectory_range__box_1.0,678,success,success,,0.762796747421492,0.0
trajectory_range__box_1.0,679,success,success,,0.6666599403712282,0.0
trajectory_range__box_1.0,680,success,success,,0.19732472561576053,0.0
trajectory_range__box_1.0,681,success,success,,0.5112200067715107,0.0
trajectory_range__box_1.0,682,success,success,,0.4913742479413452,0.0
trajectory_range__box_1.0,683,success,success,,0.7534616218648265,0.0
trajectory_range__box_1.0,684,success,success,,0.6022914723720529,0.0
trajectory_range__box_1.0,685,success,success,,0.6635362167293255,0.0
trajectory_range__box_1.0,686,success,success,,0.8105008009873299,0.0
trajectory_range__box_1.0,687,success,success,,0.58271759209242,0.0
trajectory_range__box_1.0,688,success,success,,0.7192828431679692,0.0
trajectory_range__box_1.0,689,success,success,,0.6718132071340872,0.0
trajectory_range__box_1.0,690,success,success,,0.6596540477928154,0.0
trajectory_range__box_1.0,691,success,success,,0.4712207191757939,0.0
trajectory_range__box_1.0,692,success,success,,0.654053922947283,0.0
trajectory_range__box_1.0,693,success,success,,0.5601496679550108,0.0
trajectory_range__box_1.0,694,success,success,,0.6347215688223906,0.0
trajectory_range__box_1.0,695,success,success,,0.6051251784046632,0.0
trajectory_range__box_1.0,696,success,success,,0.6378760827219938,0.0
trajectory_range__box_1.0,697,success,success,,0.7831887236884071,0.0
trajectory_range__box_1.0,698,success,success,,0.591769742990631,0.0
trajectory_range__box_1.0,699,success,success,,0.7063516131347339,0.0
trajectory_range__box_1.0,700,success,success,,0.5159292709463008,0.0
trajectory_range__box_1.0,701,success,success,,0.609017903563337,0.0
trajectory_range__box_1.0,702,success,success,,0.7811593137947817,0.0
trajectory_range__box_1.0,703,success,success,,0.26434244405022495,0.0
trajectory_range__box_1.0,704,success,success,,0.48196462031110987,0.0
trajectory_range__box_1.0,705,success,success,,0.608579568347936,0.0
trajectory_range__box_1.0,706,success,success,,0.2362394446029063,0.0
trajectory_range__box_1.0,707,success,success,,0.6199507964004293,0.0
trajectory_range__box_1.0,708,success,success,,0.6358178498179692,0.0
trajectory_range__box_1.0,709,success,success,,0.02054392090943261,0.0
trajectory_range__box_1.0,710,success,success,,0.492915511080594,0.0
trajectory_range__box_1.0,711,success,success,,0.5945949909679433,0.0
trajectory_range__box_1.0,712,success,success,,0.11198949711564565,0.0
trajectory_range__box_1.0,713,success,success,,0.5779032580291443,0.0
trajectory_range__box_1.0,714,success,success,,0.8139804697613034,0.0
trajectory_range__box_1.0,715,success,success,,0.8418782895946407,0.0
trajectory_range__box_1.0,716,success,success,,0.515847363777991,0.0
trajectory_range__box_1.0,717,success,success,,0.5619714962141287,0.0
trajectory_range__box_1.0,718,success,success,,0.5617698314941568,0.0
trajectory_range__box_1.0,719,success,success,,0.735705659281888,0.0
trajectory_range__box_1.0,720,success,success,,0.788032591714673,0.0
trajectory_range__box_1.0,721,success,success,,0.6078679383731511,0.0
trajectory_range__box_1.0,722,success,success,,0.524525386588451,0.0
trajectory_range__box_1.0,723,success,success,,0.7638161910509971,0.0
trajectory_range__box_1.0,724,success,success,,0.525727515504065,0.0
trajectory_range__box_1.0,725,success,success,,0.7116713272199489,0.0
trajectory_range__box_1.0,726,success,success,,0.39917222689761134,0.0
trajectory_range__box_1.0,727,success,success,,0.5241869628873596,0.0
trajectory_range__box_1.0,728,success,success,,0.5463569217160354,0.0
trajectory_range__box_1.0,729,success,success,,0.7068061435017431,0.0
trajectory_range__box_1.0,730,success,success,,0.7290404333966396,0.0
trajectory_range__box_1.0,731,success,success,,0.7957947806955284,0.0
trajectory_range__box_1.0,732,success,success,,0.6369234051414715,0.0
trajectory_range__box_1.0,733,success,success,,0.5954560613298241,0.0
trajectory_range__box_1.0,734,success,success,,0.29519429410923104,0.0
trajectory_range__box_1.0,735,success,success,,0.05857780054922885,0.0
trajectory_range__box_1.0,736,success,success,,0.6738124627859143,0.0
trajectory_range__box_1.0,737,success,success,,0.5050412160248474,0.0
trajectory_range__box_1.0,738,success,success,,0.4172927075344289,0.0
trajectory_range__box_1.0,739,success,success,,0.7371073393651594,0.0
trajectory_range__box_1.0,740,success,success,,0.5395109451738335,0.0
trajectory_range__box_1.0,741,success,success,,0.7595359860507096,0.0
trajectory_range__box_1.0,742,success,success,,0.7453216640256755,0.0
trajectory_range__box_1.0,743,success,success,,0.38694339387658144,0.0
trajectory_range__box_1.0,744,success,success,,0.21834570956772867,0.0
trajectory_range__box_1.0,745,success,success,,0.5244338804982638,0.0
trajectory_range__box_1.0,746,success,success,,0.5456412350191401,0.0
trajectory_range__box_1.0,747,success,success,,0.578978487768306,0.0
trajectory_range__box_1.0,748,success,success,,0.6443917894670398,0.0
trajectory_range__box_1.0,749,success,success,,0.7105377152582337,0.0
trajectory_range__box_1.0,750,success,success,,0.4195790228894322,0.0
trajectory_range__box_1.0,751,success,success,,0.27463486038628243,0.0
trajectory_range__box_1.0,752,success,success,,0.6838006131738742,0.0
trajectory_range__box_1.0,753,success,success,,0.6454734741302584,0.0
trajectory_range__box_1.0,754,success,success,,0.627008535170953,0.0
trajectory_range__box_1.0,755,success,success,,0.7691017964393857,0.0
trajectory_range__box_1.0,756,success,success,,0.6477190827216318,0.0
trajectory_range__box_1.0,757,success,success,,0.5339337891183216,0.0
trajectory_range__box_1.0,758,success,success,,0.007939102556245905,0.0
trajectory_range__box_1.0,759,success,success,,0.034093108601745185,0.0
trajectory_range__box_1.0,760,success,success,,0.7206042050596833,0.0
trajectory_range__box_1.0,761,success,success,,0.2705695024570377,0.0
trajectory_range__box_1.0,762,success,success,,0.1322475070728517,0.0
trajectory_range__box_1.0,763,success,success,,0.6855066742369609,0.0
trajectory_range__box_1.0,764,success,success,,0.11899154775452499,0.0
trajectory_range__box_1.0,765,success,success,,0.7867736840002345,0.0
trajectory_range__box_1.0,766,success,success,,0.5470291399672679,0.0
trajectory_range__box_1.0,767,success,success,,0.15926225261611626,0.0
trajectory_range__box_1.0,768,success,success,,0.6871657931050191,0.0
trajectory_range__box_1.0,769,success,success,,0.42174842730409884,0.0
trajectory_range__box_1.0,770,success,success,,0.48683478281830606,0.0
trajectory_range__box_1.0,771,success,success,,0.5439112121652748,0.0
trajectory_range__box_1.0,772,success,success,,0.6960049441167442,0.0
trajectory_range__box_1.0,773,success,success,,0.7222331408432752,0.0
trajectory_range__box_1.0,774,success,success,,0.553693859797306,0.0
trajectory_range__box_1.0,775,success,success,,0.36817753193057967,0.0
trajectory_range__box_1.0,776,success,success,,0.5621440771693258,0.0
trajectory_range__box_1.0,777,success,success,,0.341619581920797,0.0
trajectory_range__box_1.0,778,success,success,,0.1804408489811563,0.0
trajectory_range__box_1.0,779,success,success,,0.7629513008967874,0.0
trajectory_range__box_1.0,780,success,success,,0.10378119418407264,0.0
trajectory_range__box_1.0,781,success,success,,0.5243402589975986,0.0
trajectory_range__box_1.0,782,success,success,,0.41392418527654884,0.0
trajectory_range__box_1.0,783,success,success,,0.19049876646005162,0.0
trajectory_range__box_1.0,784,success,success,,0.578720542563782,0.0
trajectory_range__box_1.0,785,success,success,,0.672324730493839,0.0
trajectory_range__box_1.0,786,success,success,,0.6935788557663486,0.0
trajectory_range__box_1.0,787,success,success,,0.42036684673033814,0.0
trajectory_range__box_1.0,788,success,success,,0.7110748624437613,0.0
trajectory_range__box_1.0,789,success,success,,0.18107763929950207,0.0
trajectory_range__box_1.0,790,success,success,,0.428603844912136,0.0
trajectory_range__box_1.0,791,success,success,,0.829010910476553,0.0
trajectory_range__box_1.0,792,success,success,,0.19115749936496226,0.0
trajectory_range__box_1.0,793,success,success,,0.6985799784655666,0.0
trajectory_range__box_1.0,794,success,success,,0.603594586243781,0.0
trajectory_range__box_1.0,795,success,success,,0.7026087647912982,0.0
trajectory_range__box_1.0,796,success,success,,0.11058061712954584,0.0
trajectory_range__box_1.0,797,success,success,,0.5444355738578144,0.0
trajectory_range__box_1.0,798,success,success,,0.585709165725232,0.0
trajectory_range__box_1.0,799,success,success,,0.5749107050817124,0.0
trajectory_range__box_1.0,800,success,success,,0.14236549422803732,0.0
trajectory_range__box_1.0,801,success,success,,0.23593858101422727,0.0
trajectory_range__box_1.0,802,success,success,,0.6291043963488558,0.0
trajectory_range__box_1.0,803,success,success,,0.6999284534728697,0.0
trajectory_range__box_1.0,804,success,success,,0.719995635007337,0.0
trajectory_range__box_1.0,805,success,success,,0.7297599369835763,0.0
trajectory_range__box_1.0,806,success,success,,0.6700368825648549,0.0
trajectory_range__box_1.0,807,success,success,,0.5831872331695843,0.0
trajectory_range__box_1.0,808,success,success,,0.6540166816006578,0.0
trajectory_range__box_1.0,809,success,success,,0.5079459487210478,0.0
trajectory_range__box_1.0,810,success,success,,0.6230626060505416,0.0
trajectory_range__box_1.0,811,success,success,,0.715134893719416,0.0
trajectory_range__box_1.0,812,success,success,,0.6544277097412228,0.0
trajectory_range__box_1.0,813,success,success,,0.32453279805123314,0.0
trajectory_range__box_1.0,814,success,success,,0.25590164197832954,0.0
trajectory_range__box_1.0,815,success,success,,0.6367214012226229,0.0
trajectory_range__box_1.0,816,success,success,,0.8229266375834926,0.0
trajectory_range__box_1.0,817,success,success,,0.3634261821998103,0.0
trajectory_range__box_1.0,818,success,success,,0.6439313376306426,0.0
trajectory_range__box_1.0,819,success,success,,0.6245987140502858,0.0
trajectory_range__box_1.0,820,success,success,,0.5752251971383653,0.0
trajectory_range__box_1.0,821,success,success,,0.43661166895976167,0.0
trajectory_range__box_1.0,822,success,success,,0.6141648795779467,0.0
trajectory_range__box_1.0,823,success,success,,0.6619698911184254,0.0
trajectory_range__box_1.0,824,success,success,,0.26221556285938047,0.0
trajectory_range__box_1.0,825,success,success,,0.6660979265389554,0.0
trajectory_range__box_1.0,826,success,success,,0.1994464892639612,0.0
trajectory_range__box_1.0,827,success,success,,0.7863063556545451,0.0
trajectory_range__box_1.0,828,success,success,,0.39606368419719334,0.0
trajectory_range__box_1.0,829,success,success,,0.13351626236390773,0.0
trajectory_range__box_1.0,830,success,success,,0.16651615163085504,0.0
trajectory_range__box_1.0,831,success,success,,0.27069345573007125,0.0
trajectory_range__box_1.0,832,success,success,,0.43396213736227895,0.0
trajectory_range__box_1.0,833,success,success,,0.4252835176998954,0.0
trajectory_range__box_1.0,834,success,success,,0.7561735002354624,0.0
trajectory_range__box_1.0,835,success,success,,0.5165880499370131,0.0
trajectory_range__box_1.0,836,success,success,,0.725307760895068,0.0
trajectory_range__box_1.0,837,success,success,,0.5132830844257666,0.0
trajectory_range__box_1.0,838,success,success,,0.5054102100486209,0.0
trajectory_range__box_1.0,839,success,success,,0.5245242682762328,0.0
trajectory_range__box_1.0,840,success,success,,0.7801209675811998,0.0
trajectory_range__box_1.0,841,success,success,,0.29069917739305695,0.0
trajectory_range__box_1.0,842,success,success,,0.24575193961997205,0.0
trajectory_range__box_1.0,843,success,success,,0.7054053973445864,0.0
trajectory_range__box_1.0,844,success,success,,0.7112337948020543,0.0
trajectory_range__box_1.0,845,success,success,,0.5133364627353001,0.0
trajectory_range__box_1.0,846,success,success,,0.1125316497851183,0.0
trajectory_range__box_1.0,847,success,success,,0.6476576864389514,0.0
trajectory_range__box_1.0,848,success,success,,0.45412736837417983,0.0
trajectory_range__box_1.0,849,success,success,,0.6288442198747327,0.0
trajectory_range__box_1.0,850,success,success,,0.20153602652329466,0.0
trajectory_range__box_1.0,851,success,success,,0.6803297114411796,0.0
trajectory_range__box_1.0,852,success,success,,0.6094441608485623,0.0
trajectory_range__box_1.0,853,success,success,,0.7446635359379947,0.0
trajectory_range__box_1.0,854,success,success,,0.41801766283679653,0.0
trajectory_range__box_1.0,855,success,success,,0.730628865715713,0.0
trajectory_range__box_1.0,856,success,success,,0.39051833043309825,0.0
trajectory_range__box_1.0,857,success,success,,0.6639683948669375,0.0
trajectory_range__box_1.0,858,success,success,,0.6755507527907484,0.0
trajectory_range__box_1.0,859,success,success,,0.5899545524893236,0.0
trajectory_range__box_1.0,860,success,success,,0.8145317829264324,0.0
trajectory_range__box_1.0,861,success,success,,0.08817726213677402,0.0
trajectory_range__box_1.0,862,success,success,,0.6174466121325098,0.0
trajectory_range__box_1.0,863,success,success,,0.3044001775737604,0.0
trajectory_range__box_1.0,864,success,success,,0.39933712027530044,0.0
trajectory_range__box_1.0,865,success,success,,0.5870022735338831,0.0
trajectory_range__box_1.0,866,success,success,,0.44513363730699884,0.0
trajectory_range__box_1.0,867,success,success,,0.5691867985735182,0.0
trajectory_range__box_1.0,868,success,success,,0.6362514868307376,0.0
trajectory_range__box_1.0,869,success,success,,0.6391032045786613,0.0
trajectory_range__box_1.0,870,success,success,,0.5834872239563105,0.0
trajectory_range__box_1.0,871,success,success,,0.400809842975159,0.0
trajectory_range__box_1.0,872,success,success,,0.6393730500168362,0.0
trajectory_range__box_1.0,873,success,success,,0.7527784097389036,0.0
trajectory_range__box_1.0,874,success,success,,0.20653952092846314,0.0
trajectory_range__box_1.0,875,success,success,,0.7320276183445471,0.0
trajectory_range__box_1.0,876,success,success,,0.07866142110688312,0.0
trajectory_range__box_1.0,877,success,success,,0.2768137254255077,0.0
trajectory_range__box_1.0,878,success,success,,0.7206146390135514,0.0
trajectory_range__box_1.0,879,success,success,,0.7669168138413146,0.0
trajectory_range__box_1.0,880,success,success,,0.4201532792519737,0.0
trajectory_range__box_1.0,881,success,success,,0.6171022571107212,0.0
trajectory_range__box_1.0,882,success,success,,0.3226660519721043,0.0
trajectory_range__box_1.0,883,success,success,,0.4034104308047643,0.0
trajectory_range__box_1.0,884,success,success,,0.8376992271947044,0.0
trajectory_range__box_1.0,885,success,success,,0.7129978477790362,0.0
trajectory_range__box_1.0,886,success,success,,0.6840468571066786,0.0
trajectory_range__box_1.0,887,success,success,,0.6701171346208538,0.0
trajectory_range__box_1.0,888,success,success,,0.45045974598894817,0.0
trajectory_range__box_1.0,889,success,success,,0.49828162144806254,0.0
trajectory_range__box_1.0,890,success,success,,0.7597241195440384,0.0
trajectory_range__box_1.0,891,success,success,,0.7158014174649814,0.0
trajectory_range__box_1.0,892,success,success,,0.528364089292779,0.0
trajectory_range__box_1.0,893,success,success,,0.6573670415625399,0.0
trajectory_range__box_1.0,894,success,success,,0.5749997513199426,0.0
trajectory_range__box_1.0,895,success,success,,0.17156304608257106,0.0
trajectory_range__box_1.0,896,success,success,,0.7719587889609183,0.0
trajectory_range__box_1.0,897,success,success,,0.6527971433305155,0.0
trajectory_range__box_1.0,898,success,success,,0.7508437875777298,0.0
trajectory_range__box_1.0,899,success,success,,0.28577276957752934,0.0
trajectory_range__box_1.0,900,success,success,,0.5582290734536376,0.0
trajectory_range__box_1.0,901,success,success,,0.5068496459033831,0.0
trajectory_range__box_1.0,902,success,success,,0.5238208616219762,0.0
trajectory_range__box_1.0,903,success,success,,0.7175713291396854,0.0
trajectory_range__box_1.0,904,success,success,,0.7753244985302139,0.0
trajectory_range__box_1.0,905,success,success,,0.4796817013198675,0.0
trajectory_range__box_1.0,906,success,success,,0.756711541492066,0.0
trajectory_range__box_1.0,907,success,success,,0.6428417315370185,0.0
trajectory_range__box_1.0,908,success,success,,0.3420038083913171,0.0
trajectory_range__box_1.0,909,success,success,,0.81192068456899,0.0
trajectory_range__box_1.0,910,success,success,,0.30854445684853204,0.0
trajectory_range__box_1.0,911,success,success,,0.4798595273991536,0.0
trajectory_range__box_1.0,912,success,success,,0.7756985589346339,0.0
trajectory_range__box_1.0,913,success,success,,0.48189430977974335,0.0
trajectory_range__box_1.0,914,success,success,,0.6462888122952277,0.0
trajectory_range__box_1.0,915,success,success,,0.6401023032387437,0.0
trajectory_range__box_1.0,916,success,success,,0.348958449020082,0.0
trajectory_range__box_1.0,917,success,success,,0.5790020753768059,0.0
trajectory_range__box_1.0,918,success,success,,0.7553596434679257,0.0
trajectory_range__box_1.0,919,success,success,,0.7663180827612547,0.0
trajectory_range__box_1.0,920,success,success,,0.7996598372038599,0.0
trajectory_range__box_1.0,921,success,success,,0.6695906313242972,0.0
trajectory_range__box_1.0,922,success,success,,0.8270269524330555,0.0
trajectory_range__box_1.0,923,success,success,,0.23001288363217154,0.0
trajectory_range__box_1.0,924,success,success,,0.5814949513265721,0.0
trajectory_range__box_1.0,925,success,success,,0.42248164150211026,0.0
trajectory_range__box_1.0,926,success,success,,0.6124787681846657,0.0
trajectory_range__box_1.0,927,success,success,,0.5009591429663276,0.0
trajectory_range__box_1.0,928,success,success,,0.743020738711334,0.0
trajectory_range__box_1.0,929,success,success,,0.3104334078293027,0.0
trajectory_range__box_1.0,930,success,success,,0.7171247165104262,0.0
trajectory_range__box_1.0,931,success,success,,0.402651054176928,0.0
trajectory_range__box_1.0,932,success,success,,0.5911109336120882,0.0
trajectory_range__box_1.0,933,success,success,,0.5468109913661127,0.0
trajectory_range__box_1.0,934,success,success,,0.6079062335701391,0.0
trajectory_range__box_1.0,935,success,success,,0.726672630815304,0.0
trajectory_range__box_1.0,936,success,success,,0.39550365273782906,0.0
trajectory_range__box_1.0,937,success,success,,0.41119577265869445,0.0
trajectory_range__box_1.0,938,success,success,,0.7247723013182679,0.0
trajectory_range__box_1.0,939,success,success,,0.6455034337400409,0.0
trajectory_range__box_1.0,940,success,success,,0.49835857651829585,0.0
trajectory_range__box_1.0,941,success,success,,0.564586543963485,0.0
trajectory_range__box_1.0,942,success,success,,0.6401808946553713,0.0
trajectory_range__box_1.0,943,success,success,,0.8308171706297436,0.0
trajectory_range__box_1.0,944,success,success,,0.7336750896017888,0.0
trajectory_range__box_1.0,945,success,success,,0.7948659588252065,0.0
trajectory_range__box_1.0,946,success,success,,0.8165789704521285,0.0
trajectory_range__box_1.0,947,success,success,,0.7972149084357818,0.0
trajectory_range__box_1.0,948,success,success,,0.6286723986562657,0.0
trajectory_range__box_1.0,949,success,success,,0.2620648111245784,0.0
trajectory_range__box_1.0,950,success,success,,0.16342658587845355,0.0
trajectory_range__box_1.0,951,success,success,,0.04134716033553454,0.0
trajectory_range__box_1.0,952,success,success,,0.5945399427036591,0.0
trajectory_range__box_1.0,953,success,success,,0.167355682870033,0.0
trajectory_range__box_1.0,954,success,success,,0.724909902758264,0.0
trajectory_range__box_1.0,955,success,success,,0.6686990020319561,0.0
trajectory_range__box_1.0,956,success,success,,0.5451149009097975,0.0
trajectory_range__box_1.0,957,success,success,,0.43663407374340757,0.0
trajectory_range__box_1.0,958,success,success,,0.3970171064395676,0.0
trajectory_range__box_1.0,959,success,success,,0.6756045778307137,0.0
trajectory_range__box_1.0,960,success,success,,0.6639214994278326,0.0
trajectory_range__box_1.0,961,success,success,,0.33961553524631954,0.0
trajectory_range__box_1.0,962,success,success,,0.3377307339174528,0.0
trajectory_range__box_1.0,963,success,success,,0.6038408014400067,0.0
trajectory_range__box_1.0,964,success,success,,0.30361216988855644,0.0
trajectory_range__box_1.0,965,success,success,,0.5798090500972083,0.0
trajectory_range__box_1.0,966,success,success,,0.5112679532631519,0.0
trajectory_range__box_1.0,967,success,success,,0.3029464680912792,0.0
trajectory_range__box_1.0,968,success,success,,0.4117551597410315,0.0
trajectory_range__box_1.0,969,success,success,,0.553467378358092,0.0
trajectory_range__box_1.0,970,success,success,,0.6454837251195605,0.0
trajectory_range__box_1.0,971,success,success,,0.6548143786813316,0.0
trajectory_range__box_1.0,972,success,success,,0.49125712305765235,0.0
trajectory_range__box_1.0,973,success,success,,0.6991054266302759,0.0
trajectory_range__box_1.0,974,success,success,,0.6031826109242953,0.0
trajectory_range__box_1.0,975,success,success,,0.17538385699244868,0.0
trajectory_range__box_1.0,976,success,success,,0.27551433352871363,0.0
trajectory_range__box_1.0,977,success,success,,0.711652945920218,0.0
trajectory_range__box_1.0,978,success,success,,0.5199712809571614,0.0
trajectory_range__box_1.0,979,success,success,,0.8363244888911249,0.0
trajectory_range__box_1.0,980,success,success,,0.6600729130663985,0.0
trajectory_range__box_1.0,981,success,success,,0.5442793457516861,0.0
trajectory_range__box_1.0,982,success,success,,0.40036567717164195,0.0
trajectory_range__box_1.0,983,success,success,,0.6020012863126645,0.0
trajectory_range__box_1.0,984,success,success,,0.31662928232405607,0.0
trajectory_range__box_1.0,985,success,success,,0.4086053123526892,0.0
trajectory_range__box_1.0,986,success,success,,0.49433875944583966,0.0
trajectory_range__box_1.0,987,success,success,,0.21955190646332368,0.0
trajectory_range__box_1.0,988,success,success,,0.7361253613804337,0.0
trajectory_range__box_1.0,989,success,success,,0.3762476141403064,0.0
trajectory_range__box_1.0,990,success,success,,0.33680702584672473,0.0
trajectory_range__box_1.0,991,success,success,,0.404939569764443,0.0
trajectory_range__box_1.0,992,success,success,,0.6518108255168805,0.0
trajectory_range__box_1.0,993,success,success,,0.7298201717343556,0.0
trajectory_range__box_1.0,994,success,success,,0.17578768090351166,0.0
trajectory_range__box_1.0,995,success,success,,0.5867222385232526,0.0
trajectory_range__box_1.0,996,success,success,,0.719986417968845,0.0
trajectory_range__box_1.0,997,success,success,,0.770895849841241,0.0
trajectory_range__box_1.0,998,success,success,,0.4277693303921072,0.0
trajectory_range__box_1.0,999,success,success,,0.5039630482010292,0.0
trajectory_range__box_1.0,1000,success,success,,0.6120543798154784,0.0
trajectory_range__box_2.0,1,success,success,,0.6946932922350395,0.0
trajectory_range__box_2.0,2,success,success,,0.7089663786634768,0.0
trajectory_range__box_2.0,3,success,success,,0.7408176318828951,0.0
trajectory_range__box_2.0,4,success,success,,0.5588935845079204,0.0
trajectory_range__box_2.0,5,success,success,,0.7061986582715586,0.0
trajectory_range__box_2.0,6,success,success,,0.591605784647532,0.0
trajectory_range__box_2.0,7,success,success,,0.5013471552733139,0.0
trajectory_range__box_2.0,8,success,success,,0.7568289142526254,0.0
trajectory_range__box_2.0,9,success,success,,0.7172635577628987,0.0
trajectory_range__box_2.0,10,success,success,,0.48385853271613133,0.0
trajectory_range__box_2.0,11,success,success,,0.5878589135853223,0.0
trajectory_range__box_2.0,12,success,success,,0.18046897950565335,0.0
trajectory_range__box_2.0,13,success,success,,0.5855133672971851,0.0
trajectory_range__box_2.0,14,success,success,,0.6049469716784605,0.0
trajectory_range__box_2.0,15,success,success,,0.45288175931420194,0.0
trajectory_range__box_2.0,16,success,success,,0.8067009351154072,0.0
trajectory_range__box_2.0,17,success,success,,0.56177259659365,0.0
trajectory_range__box_2.0,18,success,success,,0.3959609183884611,0.0
trajectory_range__box_2.0,19,success,success,,0.22611165792327975,0.0
trajectory_range__box_2.0,20,success,success,,0.602594494727351,0.0
trajectory_range__box_2.0,21,success,success,,0.6618043030583838,0.0
trajectory_range__box_2.0,22,success,success,,0.7873217945127102,0.0
trajectory_range__box_2.0,23,success,success,,0.6887380854404767,0.0
trajectory_range__box_2.0,24,success,success,,0.7482243680375857,0.0
trajectory_range__box_2.0,25,success,success,,0.5619419953810578,0.0
trajectory_range__box_2.0,26,success,success,,0.2419832208056153,0.0
trajectory_range__box_2.0,27,success,success,,0.761445746474323,0.0
trajectory_range__box_2.0,28,success,success,,0.4882933854038918,0.0
trajectory_range__box_2.0,29,success,success,,0.7839983119034908,0.0
trajectory_range__box_2.0,30,success,success,,0.44859880544437836,0.0
trajectory_range__box_2.0,31,success,success,,0.3321855164211113,0.0
trajectory_range__box_2.0,32,success,success,,0.2657681017134631,0.0
trajectory_range__box_2.0,33,success,success,,0.4717239927369623,0.0
trajectory_range__box_2.0,34,success,success,,0.616078110262497,0.0
trajectory_range__box_2.0,35,success,success,,0.4504816723148595,0.0
trajectory_range__box_2.0,36,success,success,,0.6321696408363757,0.0
trajectory_range__box_2.0,37,success,success,,0.776558614311842,0.0
trajectory_range__box_2.0,38,success,success,,0.7880725995139073,0.0
trajectory_range__box_2.0,39,success,success,,0.5872795242275726,0.0
trajectory_range__box_2.0,40,success,success,,0.777402282045978,0.0
trajectory_range__box_2.0,41,success,success,,0.47094577709946017,0.0
trajectory_range__box_2.0,42,success,success,,0.775076476916568,0.0
trajectory_range__box_2.0,43,success,success,,0.48728899613077026,0.0
trajectory_range__box_2.0,44,success,success,,0.528325597729374,0.0
trajectory_range__box_2.0,45,success,success,,0.21234591610016568,0.0
trajectory_range__box_2.0,46,success,success,,0.5579439730819361,0.0
trajectory_range__box_2.0,47,success,success,,0.3010209551000026,0.0
trajectory_range__box_2.0,48,success,success,,0.27815138998597033,0.0
trajectory_range__box_2.0,49,success,success,,0.5163362602921624,0.0
trajectory_range__box_2.0,50,success,success,,0.7102993930623671,0.0
trajectory_range__box_2.0,51,success,success,,0.6446832767297765,0.0
trajectory_range__box_2.0,52,success,success,,0.7783844806423973,0.0
trajectory_range__box_2.0,53,success,success,,0.4430133437476423,0.0
trajectory_range__box_2.0,54,success,success,,0.4335730260702795,0.0
trajectory_range__box_2.0,55,success,success,,0.6839426310863019,0.0
trajectory_range__box_2.0,56,success,success,,0.5638978881216137,0.0
trajectory_range__box_2.0,57,success,success,,0.2012222390386441,0.0
trajectory_range__box_2.0,58,success,success,,0.404298898334791,0.0
trajectory_range__box_2.0,59,success,success,,0.32082130546587695,0.0
trajectory_range__box_2.0,60,success,success,,0.6713250291038305,0.0
trajectory_range__box_2.0,61,success,success,,0.679499248199185,0.0
trajectory_range__box_2.0,62,success,success,,0.4943860953015127,0.0
trajectory_range__box_2.0,63,success,success,,0.763171763409391,0.0
trajectory_range__box_2.0,64,success,success,,0.5381291863201632,0.0
trajectory_range__box_2.0,65,success,success,,0.7261048623235596,0.0
trajectory_range__box_2.0,66,success,success,,0.5948550197145889,0.0
trajectory_range__box_2.0,67,success,success,,0.7214496213059728,0.0
trajectory_range__box_2.0,68,success,success,,0.5691987606912825,0.0
trajectory_range__box_2.0,69,success,success,,0.45245777423693495,0.0
trajectory_range__box_2.0,70,success,success,,0.5545312781487987,0.0
trajectory_range__box_2.0,71,success,success,,0.2247010354658972,0.0
trajectory_range__box_2.0,72,success,success,,0.10762209976031184,0.0
trajectory_range__box_2.0,73,success,success,,0.5965717118985584,0.0
trajectory_range__box_2.0,74,success,success,,0.7396653195839562,0.0
trajectory_range__box_2.0,75,success,success,,0.6039099540254118,0.0
trajectory_range__box_2.0,76,success,success,,0.23927664411948357,0.0
trajectory_range__box_2.0,77,success,success,,0.4296606074473206,0.0
trajectory_range__box_2.0,78,success,success,,0.6100667604793227,0.0
trajectory_range__box_2.0,79,success,success,,0.46716069437888463,0.0
trajectory_range__box_2.0,80,success,success,,0.42781727778847806,0.0
trajectory_range__box_2.0,81,success,success,,0.2724368640895956,0.0
trajectory_range__box_2.0,82,success,success,,0.3646759098871748,0.0
trajectory_range__box_2.0,83,success,success,,0.6011725737805618,0.0
trajectory_range__box_2.0,84,success,success,,0.6215420645033711,0.0
trajectory_range__box_2.0,85,success,success,,0.6663144434355697,0.0
trajectory_range__box_2.0,86,success,success,,0.465062527339941,0.0
trajectory_range__box_2.0,87,success,success,,0.26140003951595103,0.0
trajectory_range__box_2.0,88,success,success,,0.7770381332056544,0.0
trajectory_range__box_2.0,89,success,success,,0.22436464574827467,0.0
trajectory_range__box_2.0,90,success,success,,0.45950790760830557,0.0
trajectory_range__box_2.0,91,success,success,,0.36958476329624357,0.0
trajectory_range__box_2.0,92,success,success,,0.22781793629251837,0.0
trajectory_range__box_2.0,93,success,success,,0.7778444938567582,0.0
trajectory_range__box_2.0,94,success,success,,0.6920407755631368,0.0
trajectory_range__box_2.0,95,success,success,,0.5144426190532527,0.0
trajectory_range__box_2.0,96,success,success,,0.7717519476410388,0.0
trajectory_range__box_2.0,97,success,success,,0.6943221445794281,0.0
trajectory_range__box_2.0,98,success,success,,0.309452461401003,0.0
trajectory_range__box_2.0,99,success,success,,0.32757826461894507,0.0
trajectory_range__box_2.0,100,success,success,,0.25374694814598714,0.0
trajectory_range__box_2.0,101,success,success,,0.20350892367206685,0.0
trajectory_range__box_2.0,102,success,success,,0.2894955741988328,0.0
trajectory_range__box_2.0,103,success,success,,0.5258692379451079,0.0
trajectory_range__box_2.0,104,success,success,,0.492236131569998,0.0
trajectory_range__box_2.0,105,success,success,,0.8265037113768368,0.0
trajectory_range__box_2.0,106,success,success,,0.5033959582107522,0.0
trajectory_range__box_2.0,107,success,success,,0.3534742569989163,0.0
trajectory_range__box_2.0,108,success,success,,0.3022178279338633,0.0
trajectory_range__box_2.0,109,success,success,,0.6856866518193212,0.0
trajectory_range__box_2.0,110,success,success,,0.7243424734557362,0.0
trajectory_range__box_2.0,111,success,success,,0.7199889937867306,0.0
trajectory_range__box_2.0,112,success,success,,0.6999233050847786,0.0
trajectory_range__box_2.0,113,success,success,,0.6840947983306574,0.0
trajectory_range__box_2.0,114,success,success,,0.5337861480404971,0.0
trajectory_range__box_2.0,115,success,success,,0.6792603117197362,0.0
trajectory_range__box_2.0,116,success,success,,0.6984096926718988,0.0
trajectory_range__box_2.0,117,success,success,,0.39816324655934426,0.0
trajectory_range__box_2.0,118,success,success,,0.46067673798354064,0.0
trajectory_range__box_2.0,119,success,success,,0.7635953043088809,0.0
trajectory_range__box_2.0,120,success,success,,0.5056938399576717,0.0
trajectory_range__box_2.0,121,success,success,,0.23139339707476894,0.0
trajectory_range__box_2.0,122,success,success,,0.31887111594682577,0.0
trajectory_range__box_2.0,123,success,success,,0.30500104971980113,0.0
trajectory_range__box_2.0,124,success,success,,0.7477603585564807,0.0
trajectory_range__box_2.0,125,success,success,,0.7473465608521079,0.0
trajectory_range__box_2.0,126,success,success,,0.8126280308220909,0.0
trajectory_range__box_2.0,127,success,success,,0.051567473056421995,0.0
trajectory_range__box_2.0,128,success,success,,0.516315037957842,0.0
trajectory_range__box_2.0,129,success,success,,0.47066907245737466,0.0
trajectory_range__box_2.0,130,success,success,,0.5565091628496042,0.0
trajectory_range__box_2.0,131,success,success,,0.5426576641623526,0.0
trajectory_range__box_2.0,132,success,success,,0.5045080146743773,0.0
trajectory_range__box_2.0,133,success,success,,0.4975732251162122,0.0
trajectory_range__box_2.0,134,success,success,,0.5020303177791986,0.0
trajectory_range__box_2.0,135,success,success,,0.3346717563780563,0.0
trajectory_range__box_2.0,136,success,success,,0.7500231325580368,0.0
trajectory_range__box_2.0,137,success,success,,0.7470831926907955,0.0
trajectory_range__box_2.0,138,success,success,,0.6599312473629234,0.0
trajectory_range__box_2.0,139,success,success,,0.7350736992973518,0.0
trajectory_range__box_2.0,140,success,success,,0.7080279244911701,0.0
trajectory_range__box_2.0,141,success,success,,0.21549713428769332,0.0
trajectory_range__box_2.0,142,success,success,,0.5338533152592284,0.0
trajectory_range__box_2.0,143,success,success,,0.280221108538292,0.0
trajectory_range__box_2.0,144,success,success,,0.6337808246198742,0.0
trajectory_range__box_2.0,145,success,success,,0.3624636980994542,0.0
trajectory_range__box_2.0,146,success,success,,0.6341209845714012,0.0
trajectory_range__box_2.0,147,success,success,,0.5948125071485835,0.0
trajectory_range__box_2.0,148,success,success,,0.5899223605039882,0.0
trajectory_range__box_2.0,149,success,success,,0.34054785110377345,0.0
trajectory_range__box_2.0,150,success,success,,0.5460445703442174,0.0
trajectory_range__box_2.0,151,success,success,,0.44483332996215474,0.0
trajectory_range__box_2.0,152,success,success,,0.21306325621205865,0.0
trajectory_range__box_2.0,153,success,success,,0.7756918462711837,0.0
trajectory_range__box_2.0,154,success,success,,0.3969701119703689,0.0
trajectory_range__box_2.0,155,success,success,,0.3259170997542695,0.0
trajectory_range__box_2.0,156,success,success,,0.7259258693753733,0.0
trajectory_range__box_2.0,157,success,success,,0.48216670411119245,0.0
trajectory_range__box_2.0,158,success,success,,0.587921069099901,0.0
trajectory_range__box_2.0,159,success,success,,0.3525816864982253,0.0
trajectory_range__box_2.0,160,success,success,,0.506413282849223,0.0
trajectory_range__box_2.0,161,success,success,,0.6783330415849259,0.0
trajectory_range__box_2.0,162,success,success,,0.2494750570360929,0.0
trajectory_range__box_2.0,163,success,success,,0.6020010171978947,0.0
trajectory_range__box_2.0,164,success,success,,0.7860573883835569,0.0
trajectory_range__box_2.0,165,success,success,,0.5549047081490819,0.0
trajectory_range__box_2.0,166,success,success,,0.4645929135896873,0.0
trajectory_range__box_2.0,167,success,success,,0.3990289243909497,0.0
trajectory_range__box_2.0,168,success,success,,0.4590928570393834,0.0
trajectory_range__box_2.0,169,success,success,,0.5140841989614096,0.0
trajectory_range__box_2.0,170,success,success,,0.7690394978816819,0.0
trajectory_range__box_2.0,171,success,success,,0.684992899026688,0.0
trajectory_range__box_2.0,172,success,success,,0.6040960575937775,0.0
trajectory_range__box_2.0,173,success,success,,0.51594789022519,0.0
trajectory_range__box_2.0,174,success,success,,0.7144411229041266,0.0
trajectory_range__box_2.0,175,success,success,,0.4836833065786924,0.0
trajectory_range__box_2.0,176,success,success,,0.4722894709572416,0.0
trajectory_range__box_2.0,177,success,success,,0.7075685899110078,0.0
trajectory_range__box_2.0,178,success,success,,0.6005333798153621,0.0
trajectory_range__box_2.0,179,success,success,,0.6796700753154142,0.0
trajectory_range__box_2.0,180,success,success,,0.33382628305635936,0.0
trajectory_range__box_2.0,181,success,success,,0.6118894829271357,0.0
trajectory_range__box_2.0,182,success,success,,0.39700091961682493,0.0
trajectory_range__box_2.0,183,success,success,,0.46647705374636417,0.0
trajectory_range__box_2.0,184,success,success,,0.654904908746855,0.0
trajectory_range__box_2.0,185,success,success,,0.6054805514562102,0.0
trajectory_range__box_2.0,186,success,success,,0.7036707625734002,0.0
trajectory_range__box_2.0,187,success,success,,0.7011320167903352,0.0
trajectory_range__box_2.0,188,success,success,,0.7617408269213529,0.0
trajectory_range__box_2.0,189,success,success,,0.270064095857092,0.0
trajectory_range__box_2.0,190,success,success,,0.6616490211531652,0.0
trajectory_range__box_2.0,191,success,success,,0.26233515930701085,0.0
trajectory_range__box_2.0,192,success,success,,0.39049850994024426,0.0
trajectory_range__box_2.0,193,success,success,,0.5269495643509465,0.0
trajectory_range__box_2.0,194,success,success,,0.5854544766940148,0.0
trajectory_range__box_2.0,195,success,success,,0.5011695592951104,0.0
trajectory_range__box_2.0,196,success,success,,0.7142956528794671,0.0
trajectory_range__box_2.0,197,success,success,,0.49896054274087775,0.0
trajectory_range__box_2.0,198,success,success,,0.6250793961636734,0.0
trajectory_range__box_2.0,199,success,success,,0.06366611218224993,0.0
trajectory_range__box_2.0,200,success,success,,0.4339700870291108,0.0
trajectory_range__box_2.0,201,success,success,,0.6677249569418042,0.0
trajectory_range__box_2.0,202,success,success,,0.5051526887126879,0.0
trajectory_range__box_2.0,203,success,success,,0.583572803816363,0.0
trajectory_range__box_2.0,204,success,success,,0.7490128322067845,0.0
trajectory_range__box_2.0,205,success,success,,0.4773950739732651,0.0
trajectory_range__box_2.0,206,success,success,,0.4484660365053668,0.0
trajectory_range__box_2.0,207,success,success,,0.6201965565390615,0.0
trajectory_range__box_2.0,208,success,success,,0.4406426189989214,0.0
trajectory_range__box_2.0,209,success,success,,0.17789629040021684,0.0
trajectory_range__box_2.0,210,success,success,,0.7475341755238634,0.0
trajectory_range__box_2.0,211,success,success,,0.42826869017593916,0.0
trajectory_range__box_2.0,212,success,success,,0.7580434999206844,0.0
trajectory_range__box_2.0,213,success,success,,0.7673326727669355,0.0
trajectory_range__box_2.0,214,success,success,,0.6524121120786505,0.0
trajectory_range__box_2.0,215,success,success,,0.6159590464650297,0.0
trajectory_range__box_2.0,216,success,success,,0.6714753916169047,0.0
trajectory_range__box_2.0,217,success,success,,0.25673631056849144,0.0
trajectory_range__box_2.0,218,success,success,,0.6668573254083529,0.0
trajectory_range__box_2.0,219,success,success,,0.3324650687807471,0.0
trajectory_range__box_2.0,220,success,success,,0.04138105311394639,0.0
trajectory_range__box_2.0,221,success,success,,0.8102065584484341,0.0
trajectory_range__box_2.0,222,success,success,,0.71574855016719,0.0
trajectory_range__box_2.0,223,success,success,,0.19184275226526076,0.0
trajectory_range__box_2.0,224,success,success,,0.4465131348268407,0.0
trajectory_range__box_2.0,225,success,success,,0.5562478647709054,0.0
trajectory_range__box_2.0,226,success,success,,0.5558398327626348,0.0
trajectory_range__box_2.0,227,success,success,,0.5061604464514554,0.0
trajectory_range__box_2.0,228,success,success,,0.6807756905903523,0.0
trajectory_range__box_2.0,229,success,success,,0.8066167332663812,0.0
trajectory_range__box_2.0,230,success,success,,0.6275198451445875,0.0
trajectory_range__box_2.0,231,success,success,,0.5193573321564997,0.0
trajectory_range__box_2.0,232,success,success,,0.6218152318472504,0.0
trajectory_range__box_2.0,233,success,success,,0.5963357724017754,0.0
trajectory_range__box_2.0,234,success,success,,0.7571540271045403,0.0
trajectory_range__box_2.0,235,success,success,,0.20952127504036783,0.0
trajectory_range__box_2.0,236,success,success,,0.7562840166417972,0.0
trajectory_range__box_2.0,237,success,success,,0.6841280510847153,0.0
trajectory_range__box_2.0,238,success,success,,0.7505970517430008,0.0
trajectory_range__box_2.0,239,success,success,,0.20208101699691072,0.0
trajectory_range__box_2.0,240,success,success,,0.45206812223706294,0.0
trajectory_range__box_2.0,241,success,success,,0.21308861580363528,0.0
trajectory_range__box_2.0,242,success,success,,0.5251943054989119,0.0
trajectory_range__box_2.0,243,success,success,,0.7268100997460297,0.0
trajectory_range__box_2.0,244,success,success,,0.5035774705068284,0.0
trajectory_range__box_2.0,245,success,success,,0.5063948434239078,0.0
trajectory_range__box_2.0,246,success,success,,0.46579170224302413,0.0
trajectory_range__box_2.0,247,success,success,,0.6104862241149721,0.0
trajectory_range__box_2.0,248,success,success,,0.7288479830666562,0.0
trajectory_range__box_2.0,249,success,success,,0.7222904236236418,0.0
trajectory_range__box_2.0,250,success,success,,0.7060954370668004,0.0
trajectory_range__box_2.0,251,success,success,,0.6594393927972771,0.0
trajectory_range__box_2.0,252,success,success,,0.279981050834485,0.0
trajectory_range__box_2.0,253,success,success,,0.5596586502305467,0.0
trajectory_range__box_2.0,254,success,success,,0.791301155550586,0.0
trajectory_range__box_2.0,255,success,success,,0.4833668877549134,0.0
trajectory_range__box_2.0,256,success,success,,0.4339649728334436,0.0
trajectory_range__box_2.0,257,success,success,,0.5426098945215467,0.0
trajectory_range__box_2.0,258,success,success,,0.6656895224738004,0.0
trajectory_range__box_2.0,259,success,success,,0.40447363826973254,0.0
trajectory_range__box_2.0,260,success,success,,0.7571556433259989,0.0
trajectory_range__box_2.0,261,success,success,,0.6243991684911694,0.0
trajectory_range__box_2.0,262,success,success,,0.5131934213439515,0.0
trajectory_range__box_2.0,263,success,success,,0.7468893638262338,0.0
trajectory_range__box_2.0,264,success,success,,0.18476394052052914,0.0
trajectory_range__box_2.0,265,success,success,,0.6123050909425368,0.0
trajectory_range__box_2.0,266,success,success,,0.6736365873679555,0.0
trajectory_range__box_2.0,267,success,success,,0.7507101695416112,0.0
trajectory_range__box_2.0,268,success,success,,0.6069210042983566,0.0
trajectory_range__box_2.0,269,success,success,,0.757628302535599,0.0
trajectory_range__box_2.0,270,success,success,,0.3840026504625745,0.0
trajectory_range__box_2.0,271,success,success,,0.10874314614329215,0.0
trajectory_range__box_2.0,272,success,success,,0.6668668862865076,0.0
trajectory_range__box_2.0,273,success,success,,0.2517197664050721,0.0
trajectory_range__box_2.0,274,success,success,,0.2678111935572231,0.0
trajectory_range__box_2.0,275,success,success,,0.15043437702860402,0.0
trajectory_range__box_2.0,276,success,success,,0.23167569167450136,0.0
trajectory_range__box_2.0,277,success,success,,0.459121522738397,0.0
trajectory_range__box_2.0,278,success,success,,0.08589322360123577,0.0
trajectory_range__box_2.0,279,success,success,,0.42724044281350293,0.0
trajectory_range__box_2.0,280,success,success,,0.3414005086921731,0.0
trajectory_range__box_2.0,281,success,success,,0.6222139734115446,0.0
trajectory_range__box_2.0,282,success,success,,0.6349288064783025,0.0
trajectory_range__box_2.0,283,success,success,,0.09631076757823813,0.0
trajectory_range__box_2.0,284,success,success,,0.4154157628458082,0.0
trajectory_range__box_2.0,285,success,success,,0.8154516389505156,0.0
trajectory_range__box_2.0,286,success,success,,0.20035660260943186,0.0
trajectory_range__box_2.0,287,success,success,,0.37378621406015455,0.0
trajectory_range__box_2.0,288,success,success,,0.2335860886229757,0.0
trajectory_range__box_2.0,289,success,success,,0.4552627888914046,0.0
trajectory_range__box_2.0,290,success,success,,0.6999142826404059,0.0
trajectory_range__box_2.0,291,success,success,,0.5064803591987912,0.0
trajectory_range__box_2.0,292,success,success,,0.766180556457513,0.0
trajectory_range__box_2.0,293,success,success,,0.7040497110568166,0.0
trajectory_range__box_2.0,294,success,success,,0.15009084577408888,0.0
trajectory_range__box_2.0,295,success,success,,0.5879165582489458,0.0
trajectory_range__box_2.0,296,success,success,,0.7872981327536916,0.0
trajectory_range__box_2.0,297,success,success,,0.7792871976869709,0.0
trajectory_range__box_2.0,298,success,success,,0.4652166404775936,0.0
trajectory_range__box_2.0,299,success,success,,0.6168768044361703,0.0
trajectory_range__box_2.0,300,success,success,,0.5053391275981184,0.0
trajectory_range__box_2.0,301,success,success,,0.16929485454755702,0.0
trajectory_range__box_2.0,302,success,success,,0.2924768180698102,0.0
trajectory_range__box_2.0,303,success,success,,0.34595566222352,0.0
trajectory_range__box_2.0,304,success,success,,0.6602893132779051,0.0
trajectory_range__box_2.0,305,success,success,,0.5907907679400476,0.0
trajectory_range__box_2.0,306,success,success,,0.2984781087526738,0.0
trajectory_range__box_2.0,307,success,success,,0.32135615461884753,0.0
trajectory_range__box_2.0,308,success,success,,0.5589212384387259,0.0
trajectory_range__box_2.0,309,success,success,,0.6813822145936703,0.0
trajectory_range__box_2.0,310,success,success,,0.14778273005122672,0.0
trajectory_range__box_2.0,311,success,success,,0.48737849508772446,0.0
trajectory_range__box_2.0,312,success,success,,0.777394249088851,0.0
trajectory_range__box_2.0,313,success,success,,0.7711290491772027,0.0
trajectory_range__box_2.0,314,success,success,,0.6811046936481815,0.0
trajectory_range__box_2.0,315,success,success,,0.5702292609037861,0.0
trajectory_range__box_2.0,316,success,success,,0.6074127662849966,0.0
trajectory_range__box_2.0,317,success,success,,0.5904878887717074,0.0
trajectory_range__box_2.0,318,success,success,,0.19736602953472387,0.0
trajectory_range__box_2.0,319,success,success,,0.1333774744462125,0.0
trajectory_range__box_2.0,320,success,success,,0.3987938500215351,0.0
trajectory_range__box_2.0,321,success,success,,0.4520130973377458,0.0
trajectory_range__box_2.0,322,success,success,,0.1857438464731262,0.0
trajectory_range__box_2.0,323,success,success,,0.5061348916993986,0.0
trajectory_range__box_2.0,324,success,success,,0.6719828004879799,0.0
trajectory_range__box_2.0,325,success,success,,0.8019710081029857,0.0
trajectory_range__box_2.0,326,success,success,,0.6651166313816481,0.0
trajectory_range__box_2.0,327,success,success,,0.4199095660497428,0.0
trajectory_range__box_2.0,328,success,success,,0.7295146946546647,0.0
trajectory_range__box_2.0,329,success,success,,0.5281513841585402,0.0
trajectory_range__box_2.0,330,success,success,,0.44816615700433293,0.0
trajectory_range__box_2.0,331,success,success,,0.16085708675089172,0.0
trajectory_range__box_2.0,332,success,success,,0.1140155424488197,0.0
trajectory_range__box_2.0,333,success,success,,0.6081825214383547,0.0
trajectory_range__box_2.0,334,success,success,,0.727088592655692,0.0
trajectory_range__box_2.0,335,success,success,,0.7367871657926337,0.0
trajectory_range__box_2.0,336,success,success,,0.5728911804648272,0.0
trajectory_range__box_2.0,337,success,success,,0.7027385345308508,0.0
trajectory_range__box_2.0,338,success,success,,0.6840663716172717,0.0
trajectory_range__box_2.0,339,success,success,,0.5971988452615159,0.0
trajectory_range__box_2.0,340,success,success,,0.6249137756468278,0.0
trajectory_range__box_2.0,341,success,success,,0.35647596902239964,0.0
trajectory_range__box_2.0,342,success,success,,0.06685882816841049,0.0
trajectory_range__box_2.0,343,success,success,,0.8189454753292955,0.0
trajectory_range__box_2.0,344,success,success,,0.5270258149345016,0.0
trajectory_range__box_2.0,345,success,success,,0.35939770650606245,0.0
trajectory_range__box_2.0,346,success,success,,0.08753657093377436,0.0
trajectory_range__box_2.0,347,success,success,,0.48769876222845676,0.0
trajectory_range__box_2.0,348,success,success,,0.2101868792173347,0.0
trajectory_range__box_2.0,349,success,success,,0.571643905494166,0.0
trajectory_range__box_2.0,350,success,success,,0.7265669485300471,0.0
trajectory_range__box_2.0,351,success,success,,0.5445618960604834,0.0
trajectory_range__box_2.0,352,success,success,,0.691595044594517,0.0
trajectory_range__box_2.0,353,success,success,,0.343398837850178,0.0
trajectory_range__box_2.0,354,success,success,,0.5769555357317956,0.0
trajectory_range__box_2.0,355,success,success,,0.7830327057715015,0.0
trajectory_range__box_2.0,356,success,success,,0.09346345734839788,0.0
trajectory_range__box_2.0,357,success,success,,0.7689607415211175,0.0
trajectory_range__box_2.0,358,success,success,,0.7087394661655584,0.0
trajectory_range__box_2.0,359,success,success,,0.6116276558663784,0.0
trajectory_range__box_2.0,360,success,success,,0.4819598247719189,0.0
trajectory_range__box_2.0,361,success,success,,0.5593407091485096,0.0
trajectory_range__box_2.0,362,success,success,,0.656176526304962,0.0
trajectory_range__box_2.0,363,success,success,,0.4992467686189428,0.0
trajectory_range__box_2.0,364,success,success,,0.2963704209832805,0.0
trajectory_range__box_2.0,365,success,success,,0.6487801370688094,0.0
trajectory_range__box_2.0,366,success,success,,0.40244321906836755,0.0
trajectory_range__box_2.0,367,success,success,,0.2735308156763375,0.0
trajectory_range__box_2.0,368,success,success,,0.6101788818341887,0.0
trajectory_range__box_2.0,369,success,success,,0.3885375615441698,0.0
trajectory_range__box_2.0,370,success,success,,0.6483597866789523,0.0
trajectory_range__box_2.0,371,success,success,,0.0631223124800255,0.0
trajectory_range__box_2.0,372,success,success,,0.5225190089286156,0.0
trajectory_range__box_2.0,373,success,success,,0.1966855619610188,0.0
trajectory_range__box_2.0,374,success,success,,0.4264201110879682,0.0
trajectory_range__box_2.0,375,success,success,,0.6511554783135769,0.0
trajectory_range__box_2.0,376,success,success,,0.32594239541260694,0.0
trajectory_range__box_2.0,377,success,success,,0.634221230013347,0.0
trajectory_range__box_2.0,378,success,success,,0.7167553968617175,0.0
trajectory_range__box_2.0,379,success,success,,0.5484387844208187,0.0
trajectory_range__box_2.0,380,success,success,,0.7752609827671966,0.0
trajectory_range__box_2.0,381,success,success,,0.1465024676037997,0.0
trajectory_range__box_2.0,382,success,success,,0.4193704855934614,0.0
trajectory_range__box_2.0,383,success,success,,0.7371314981210249,0.0
trajectory_range__box_2.0,384,success,success,,0.11439422743817167,0.0
trajectory_range__box_2.0,385,success,success,,0.5735782087022515,0.0
trajectory_range__box_2.0,386,success,success,,0.7007756413121983,0.0
trajectory_range__box_2.0,387,success,success,,0.3618939372071461,0.0
trajectory_range__box_2.0,388,success,success,,0.2226877325787377,0.0
trajectory_range__box_2.0,389,success,success,,0.6881033215139447,0.0
trajectory_range__box_2.0,390,success,success,,0.5991230813870296,0.0
trajectory_range__box_2.0,391,success,success,,0.7364494066234453,0.0
trajectory_range__box_2.0,392,success,success,,0.5336736371534749,0.0
trajectory_range__box_2.0,393,success,success,,0.4371997711452347,0.0
trajectory_range__box_2.0,394,success,success,,0.42842507149115616,0.0
trajectory_range__box_2.0,395,success,success,,0.7905449116492365,0.0
trajectory_range__box_2.0,396,success,success,,0.45513651988440473,0.0
trajectory_range__box_2.0,397,success,success,,0.5665246616750996,0.0
trajectory_range__box_2.0,398,success,success,,0.7138518264519497,0.0
trajectory_range__box_2.0,399,success,success,,0.10697366249424599,0.0
trajectory_range__box_2.0,400,success,success,,0.2606380104189795,0.0
trajectory_range__box_2.0,401,success,success,,0.31482051539277434,0.0
trajectory_range__box_2.0,402,success,success,,0.19539809502151387,0.0
trajectory_range__box_2.0,403,success,success,,0.7957240828949232,0.0
trajectory_range__box_2.0,404,success,success,,0.5064556063795368,0.0
trajectory_range__box_2.0,405,success,success,,0.20617584296424152,0.0
trajectory_range__box_2.0,406,success,success,,0.8214377135890025,0.0
trajectory_range__box_2.0,407,success,success,,0.5580022578950038,0.0
trajectory_range__box_2.0,408,success,success,,0.14450365098673507,0.0
trajectory_range__box_2.0,409,success,success,,0.5372054139511728,0.0
trajectory_range__box_2.0,410,success,success,,0.13514729220688643,0.0
trajectory_range__box_2.0,411,success,success,,0.31254669864063545,0.0
trajectory_range__box_2.0,412,success,success,,0.6258854479136082,0.0
trajectory_range__box_2.0,413,success,success,,0.18858387377945723,0.0
trajectory_range__box_2.0,414,success,success,,0.5300150807659368,0.0
trajectory_range__box_2.0,415,success,success,,0.37214422317360923,0.0
trajectory_range__box_2.0,416,success,success,,0.6659415843038659,0.0
trajectory_range__box_2.0,417,success,success,,0.23238117671680242,0.0
trajectory_range__box_2.0,418,success,success,,0.17215518458075565,0.0
trajectory_range__box_2.0,419,success,success,,0.2066373210006224,0.0
trajectory_range__box_2.0,420,success,success,,0.4190205792280574,0.0
trajectory_range__box_2.0,421,success,success,,0.279708360485233,0.0
trajectory_range__box_2.0,422,success,success,,0.4974887473281358,0.0
trajectory_range__box_2.0,423,success,success,,0.28216553698348174,0.0
trajectory_range__box_2.0,424,success,success,,0.3869413734044156,0.0
trajectory_range__box_2.0,425,success,success,,0.6470549517437993,0.0
trajectory_range__box_2.0,426,success,success,,0.3084086042871069,0.0
trajectory_range__box_2.0,427,success,success,,0.5619901898629677,0.0
trajectory_range__box_2.0,428,success,success,,0.5272747241660067,0.0
trajectory_range__box_2.0,429,success,success,,0.6172775191344017,0.0
trajectory_range__box_2.0,430,success,success,,0.25531164355043845,0.0
trajectory_range__box_2.0,431,success,success,,0.6920833484159544,0.0
trajectory_range__box_2.0,432,success,success,,0.7178662969187768,0.0
trajectory_range__box_2.0,433,success,success,,0.5805134118318693,0.0
trajectory_range__box_2.0,434,success,success,,0.47919899436907865,0.0
trajectory_range__box_2.0,435,success,success,,0.6861352211253413,0.0
trajectory_range__box_2.0,436,success,success,,0.4751222150055144,0.0
trajectory_range__box_2.0,437,success,success,,0.1622129774267134,0.0
trajectory_range__box_2.0,438,success,success,,0.4149828828839444,0.0
trajectory_range__box_2.0,439,success,success,,0.6646196194428663,0.0
trajectory_range__box_2.0,440,success,success,,0.7360603137823337,0.0
trajectory_range__box_2.0,441,success,success,,0.34987149170240367,0.0
trajectory_range__box_2.0,442,success,success,,0.7557673843003919,0.0
trajectory_range__box_2.0,443,success,success,,0.6153286150632458,0.0
trajectory_range__box_2.0,444,success,success,,0.6269515819221482,0.0
trajectory_range__box_2.0,445,success,success,,0.5675082257773182,0.0
trajectory_range__box_2.0,446,success,success,,0.31057934342657634,0.0
trajectory_range__box_2.0,447,success,success,,0.7864130390871753,0.0
trajectory_range__box_2.0,448,success,success,,0.536978630345545,0.0
trajectory_range__box_2.0,449,success,success,,0.5396097436064498,0.0
trajectory_range__box_2.0,450,success,success,,0.7644909222810903,0.0
trajectory_range__box_2.0,451,success,success,,0.09360159997184514,0.0
trajectory_range__box_2.0,452,success,success,,0.616587741489541,0.0
trajectory_range__box_2.0,453,success,success,,0.17182907913924372,0.0
trajectory_range__box_2.0,454,success,success,,0.449842451346696,0.0
trajectory_range__box_2.0,455,success,success,,0.6841993946911767,0.0
trajectory_range__box_2.0,456,success,success,,0.6492198141286283,0.0
trajectory_range__box_2.0,457,success,success,,0.8129435549839219,0.0
trajectory_range__box_2.0,458,success,success,,0.6934537171335715,0.0
trajectory_range__box_2.0,459,success,success,,0.2652916654392429,0.0
trajectory_range__box_2.0,460,success,success,,0.6322194385758504,0.0
trajectory_range__box_2.0,461,success,success,,0.65379096361384,0.0
trajectory_range__box_2.0,462,success,success,,0.30454653023161454,0.0
trajectory_range__box_2.0,463,success,success,,0.6449055694991771,0.0
trajectory_range__box_2.0,464,success,success,,0.7089546655287677,0.0
trajectory_range__box_2.0,465,success,success,,0.46832748305412497,0.0
trajectory_range__box_2.0,466,success,success,,0.38068283816348764,0.0
trajectory_range__box_2.0,467,success,success,,0.5229170683654736,0.0
trajectory_range__box_2.0,468,success,success,,0.6508870937023474,0.0
trajectory_range__box_2.0,469,success,success,,0.28588224644122706,0.0
trajectory_range__box_2.0,470,success,success,,0.7470430295984808,0.0
trajectory_range__box_2.0,471,success,success,,0.4296093512852974,0.0
trajectory_range__box_2.0,472,success,success,,0.659564266832237,0.0
trajectory_range__box_2.0,473,success,success,,0.580931750000349,0.0
trajectory_range__box_2.0,474,success,success,,0.49419979871859343,0.0
trajectory_range__box_2.0,475,success,success,,0.41322691323823907,0.0
trajectory_range__box_2.0,476,success,success,,0.7943294474017262,0.0
trajectory_range__box_2.0,477,success,success,,0.19221036358587787,0.0
trajectory_range__box_2.0,478,success,success,,0.35044537527169795,0.0
trajectory_range__box_2.0,479,success,success,,0.330631868068346,0.0
trajectory_range__box_2.0,480,success,success,,0.5792632070716245,0.0
trajectory_range__box_2.0,481,success,success,,0.3318265841404454,0.0
trajectory_range__box_2.0,482,success,success,,0.5702418768007822,0.0
trajectory_range__box_2.0,483,success,success,,0.32556575521852493,0.0
trajectory_range__box_2.0,484,success,success,,0.7276271035092442,0.0
trajectory_range__box_2.0,485,success,success,,0.38034547472002694,0.0
trajectory_range__box_2.0,486,success,success,,0.7549210676350881,0.0
trajectory_range__box_2.0,487,success,success,,0.3074432281960084,0.0
trajectory_range__box_2.0,488,success,success,,0.8032391166370196,0.0
trajectory_range__box_2.0,489,success,success,,0.40174390305990476,0.0
trajectory_range__box_2.0,490,success,success,,0.7258339590699817,0.0
trajectory_range__box_2.0,491,success,success,,0.7100820029570426,0.0
trajectory_range__box_2.0,492,success,success,,0.4020131396603947,0.0
trajectory_range__box_2.0,493,success,success,,0.30362874409621504,0.0
trajectory_range__box_2.0,494,success,success,,0.7833359514701539,0.0
trajectory_range__box_2.0,495,success,success,,0.634622954498195,0.0
trajectory_range__box_2.0,496,success,success,,0.4446083061922612,0.0
trajectory_range__box_2.0,497,success,success,,0.5784387374737657,0.0
trajectory_range__box_2.0,498,success,success,,0.5090456517269614,0.0
trajectory_range__box_2.0,499,success,success,,0.5168249528139851,0.0
trajectory_range__box_2.0,500,success,success,,0.7048669996383713,0.0
trajectory_range__box_2.0,501,success,success,,0.40274941290866806,0.0
trajectory_range__box_2.0,502,success,success,,0.789562578381839,0.0
trajectory_range__box_2.0,503,success,success,,0.489296192192935,0.0
trajectory_range__box_2.0,504,success,success,,0.5910279559171701,0.0
trajectory_range__box_2.0,505,success,success,,0.5386221206710187,0.0
trajectory_range__box_2.0,506,success,success,,0.794999464966996,0.0
trajectory_range__box_2.0,507,success,success,,0.5499687185039608,0.0
trajectory_range__box_2.0,508,success,success,,0.613689162055792,0.0
trajectory_range__box_2.0,509,success,success,,0.347804908591051,0.0
trajectory_range__box_2.0,510,success,success,,0.3076290125629631,0.0
trajectory_range__box_2.0,511,success,success,,0.672151555264082,0.0
trajectory_range__box_2.0,512,success,success,,0.5370870107685162,0.0
trajectory_range__box_2.0,513,success,success,,0.5032737971043612,0.0
trajectory_range__box_2.0,514,success,success,,0.8357741416336159,0.0
trajectory_range__box_2.0,515,success,success,,0.35155455982479245,0.0
trajectory_range__box_2.0,516,success,success,,0.7258075135955668,0.0
trajectory_range__box_2.0,517,success,success,,0.7222926224082219,0.0
trajectory_range__box_2.0,518,success,success,,0.6830116022205948,0.0
trajectory_range__box_2.0,519,success,success,,0.41567494733163335,0.0
trajectory_range__box_2.0,520,success,success,,0.4354113244589452,0.0
trajectory_range__box_2.0,521,success,success,,0.7437183997475088,0.0
trajectory_range__box_2.0,522,success,success,,0.24752262037143533,0.0
trajectory_range__box_2.0,523,success,success,,0.3765325713219261,0.0
trajectory_range__box_2.0,524,success,success,,0.1935456960945037,0.0
trajectory_range__box_2.0,525,success,success,,0.5035731797839542,0.0
trajectory_range__box_2.0,526,success,success,,0.42807709811300204,0.0
trajectory_range__box_2.0,527,success,success,,0.7276781007537391,0.0
trajectory_range__box_2.0,528,success,success,,0.745574121989962,0.0
trajectory_range__box_2.0,529,success,success,,0.8332046381155898,0.0
trajectory_range__box_2.0,530,success,success,,0.3318114040763537,0.0
trajectory_range__box_2.0,531,success,success,,0.4910016509828144,0.0
trajectory_range__box_2.0,532,success,success,,0.3507847158404235,0.0
trajectory_range__box_2.0,533,success,success,,0.5072816555588677,0.0
trajectory_range__box_2.0,534,success,success,,0.5635415784402992,0.0
trajectory_range__box_2.0,535,success,success,,0.3031930680489265,0.0
trajectory_range__box_2.0,536,success,success,,0.16710004063589934,0.0
trajectory_range__box_2.0,537,success,success,,0.6970646427122046,0.0
trajectory_range__box_2.0,538,success,success,,0.489899606883211,0.0
trajectory_range__box_2.0,539,success,success,,0.4677962554040651,0.0
trajectory_range__box_2.0,540,success,success,,0.5397003725044803,0.0
trajectory_range__box_2.0,541,success,success,,0.7491701467296563,0.0
trajectory_range__box_2.0,542,success,success,,0.4295114269483028,0.0
trajectory_range__box_2.0,543,success,success,,0.3612274334987819,0.0
trajectory_range__box_2.0,544,success,success,,0.735884377117856,0.0
trajectory_range__box_2.0,545,success,success,,0.6046737353263496,0.0
trajectory_range__box_2.0,546,success,success,,0.6851702922084076,0.0
trajectory_range__box_2.0,547,success,success,,0.7458909914335619,0.0
trajectory_range__box_2.0,548,success,success,,0.5151851868396835,0.0
trajectory_range__box_2.0,549,success,success,,0.723705450542723,0.0
trajectory_range__box_2.0,550,success,success,,0.5136922656747314,0.0
trajectory_range__box_2.0,551,success,success,,0.2668873659115551,0.0
trajectory_range__box_2.0,552,success,success,,0.5349217486437196,0.0
trajectory_range__box_2.0,553,success,success,,0.7301583206545279,0.0
trajectory_range__box_2.0,554,success,success,,0.48463558195826684,0.0
trajectory_range__box_2.0,555,success,success,,0.7214800722432411,0.0
trajectory_range__box_2.0,556,success,success,,0.03824210788790026,0.0
trajectory_range__box_2.0,557,success,success,,0.20726057534226983,0.0
trajectory_range__box_2.0,558,success,success,,0.6892775714535838,0.0
trajectory_range__box_2.0,559,success,success,,0.7349144251536177,0.0
trajectory_range__box_2.0,560,success,success,,0.6956513978858309,0.0
trajectory_range__box_2.0,561,success,success,,0.7085630094829887,0.0
trajectory_range__box_2.0,562,success,success,,0.11842674986719194,0.0
trajectory_range__box_2.0,563,success,success,,0.33749387656254193,0.0
trajectory_range__box_2.0,564,success,success,,0.3265320851093457,0.0
trajectory_range__box_2.0,565,success,success,,0.771482277573301,0.0
trajectory_range__box_2.0,566,success,success,,0.5606196938628489,0.0
trajectory_range__box_2.0,567,success,success,,0.7087411470196956,0.0
trajectory_range__box_2.0,568,success,success,,0.5793334159629193,0.0
trajectory_range__box_2.0,569,success,success,,0.5602587104003955,0.0
trajectory_range__box_2.0,570,success,success,,0.24005910406665804,0.0
trajectory_range__box_2.0,571,success,success,,0.14768396755711982,0.0
trajectory_range__box_2.0,572,success,success,,0.6844928261712298,0.0
trajectory_range__box_2.0,573,success,success,,0.5527232516308532,0.0
trajectory_range__box_2.0,574,success,success,,0.34350477486862196,0.0
trajectory_range__box_2.0,575,success,success,,0.4405862698789342,0.0
trajectory_range__box_2.0,576,success,success,,0.30466156452691207,0.0
trajectory_range__box_2.0,577,success,success,,0.6507007837382917,0.0
trajectory_range__box_2.0,578,success,success,,0.7454941087935744,0.0
trajectory_range__box_2.0,579,success,success,,0.3820502177391543,0.0
trajectory_range__box_2.0,580,success,success,,0.7768982984916974,0.0
trajectory_range__box_2.0,581,success,success,,0.6908866456299401,0.0
trajectory_range__box_2.0,582,success,success,,0.7102743872618333,0.0
trajectory_range__box_2.0,583,success,success,,0.6922614929167664,0.0
trajectory_range__box_2.0,584,success,success,,0.5738405458342924,0.0
trajectory_range__box_2.0,585,success,success,,0.709661863465068,0.0
trajectory_range__box_2.0,586,success,success,,0.14028693023478114,0.0
trajectory_range__box_2.0,587,success,success,,0.6169901665393633,0.0
trajectory_range__box_2.0,588,success,success,,0.3539573555903578,0.0
trajectory_range__box_2.0,589,success,success,,0.6026787353557754,0.0
trajectory_range__box_2.0,590,success,success,,0.5750536034621491,0.0
trajectory_range__box_2.0,591,success,success,,0.6720685953037909,0.0
trajectory_range__box_2.0,592,success,success,,0.41171843405528297,0.0
trajectory_range__box_2.0,593,success,success,,0.8380816467865413,0.0
trajectory_range__box_2.0,594,success,success,,0.6681359435284304,0.0
trajectory_range__box_2.0,595,success,success,,0.6127248273578424,0.0
trajectory_range__box_2.0,596,success,success,,0.15400243117215107,0.0
trajectory_range__box_2.0,597,success,success,,0.07413688551676252,0.0
trajectory_range__box_2.0,598,success,success,,0.28419242040183457,0.0
trajectory_range__box_2.0,599,success,success,,0.6436549526398186,0.0
trajectory_range__box_2.0,600,success,success,,0.5566425366946365,0.0
trajectory_range__box_2.0,601,success,success,,0.5612258979174913,0.0
trajectory_range__box_2.0,602,success,success,,0.36975049520276915,0.0
trajectory_range__box_2.0,603,success,success,,0.6072266417295398,0.0
trajectory_range__box_2.0,604,success,success,,0.018334917622985107,0.0
trajectory_range__box_2.0,605,success,success,,0.41259233129040496,0.0
trajectory_range__box_2.0,606,success,success,,0.739132111941731,0.0
trajectory_range__box_2.0,607,success,success,,0.5378978324235708,0.0
trajectory_range__box_2.0,608,success,success,,0.4119805463508128,0.0
trajectory_range__box_2.0,609,success,success,,0.46424884724598064,0.0
trajectory_range__box_2.0,610,success,success,,0.19972817937347906,0.0
trajectory_range__box_2.0,611,success,success,,0.7634941925197852,0.0
trajectory_range__box_2.0,612,success,success,,0.3085776913185948,0.0
trajectory_range__box_2.0,613,success,success,,0.6000975485308737,0.0
trajectory_range__box_2.0,614,success,success,,0.5825103447160646,0.0
trajectory_range__box_2.0,615,success,success,,0.2838665390627111,0.0
trajectory_range__box_2.0,616,success,success,,0.677203691527916,0.0
trajectory_range__box_2.0,617,success,success,,0.6348600789525624,0.0
trajectory_range__box_2.0,618,success,success,,0.6609210119641132,0.0
trajectory_range__box_2.0,619,success,success,,0.2552693873581348,0.0
trajectory_range__box_2.0,620,success,success,,0.14516591491042646,0.0
trajectory_range__box_2.0,621,success,success,,0.4693867007059731,0.0
trajectory_range__box_2.0,622,success,success,,0.714384058941577,0.0
trajectory_range__box_2.0,623,success,success,,0.3262852115331425,0.0
trajectory_range__box_2.0,624,success,success,,0.7695436775553594,0.0
trajectory_range__box_2.0,625,success,success,,0.6495881791982989,0.0
trajectory_range__box_2.0,626,success,success,,0.2688196444825003,0.0
trajectory_range__box_2.0,627,success,success,,0.6928584815407917,0.0
trajectory_range__box_2.0,628,success,success,,0.12484140341072054,0.0
trajectory_range__box_2.0,629,success,success,,0.45877141233186236,0.0
trajectory_range__box_2.0,630,success,success,,0.3628129775629581,0.0
trajectory_range__box_2.0,631,success,success,,0.7157536213589618,0.0
trajectory_range__box_2.0,632,success,success,,0.7350937452523747,0.0
trajectory_range__box_2.0,633,success,success,,0.6151208003002193,0.0
trajectory_range__box_2.0,634,success,success,,0.7568082103787416,0.0
trajectory_range__box_2.0,635,success,success,,0.7009156981392811,0.0
trajectory_range__box_2.0,636,success,success,,0.31858916071677534,0.0
trajectory_range__box_2.0,637,success,success,,0.7204020044614421,0.0
trajectory_range__box_2.0,638,success,success,,0.7887235792723285,0.0
trajectory_range__box_2.0,639,success,success,,0.2704937766131515,0.0
trajectory_range__box_2.0,640,success,success,,0.6670568812535407,0.0
trajectory_range__box_2.0,641,success,success,,0.7103147095965469,0.0
trajectory_range__box_2.0,642,success,success,,0.7011965116460711,0.0
trajectory_range__box_2.0,643,success,success,,0.2608348715041441,0.0
trajectory_range__box_2.0,644,success,success,,0.6188198412575875,0.0
trajectory_range__box_2.0,645,success,success,,0.4310528841053074,0.0
trajectory_range__box_2.0,646,success,success,,0.5543209561304171,0.0
trajectory_range__box_2.0,647,success,success,,0.6183410666916955,0.0
trajectory_range__box_2.0,648,success,success,,0.7426044668953503,0.0
trajectory_range__box_2.0,649,success,success,,0.396269536679029,0.0
trajectory_range__box_2.0,650,success,success,,0.7096235737643508,0.0
trajectory_range__box_2.0,651,success,success,,0.7599075617262554,0.0
trajectory_range__box_2.0,652,success,success,,0.23384974748498763,0.0
trajectory_range__box_2.0,653,success,success,,0.7639851128253651,0.0
trajectory_range__box_2.0,654,success,success,,0.6582146576596811,0.0
trajectory_range__box_2.0,655,success,success,,0.6440968939887616,0.0
trajectory_range__box_2.0,656,success,success,,0.6677114746585481,0.0
trajectory_range__box_2.0,657,success,success,,0.5133405558912352,0.0
trajectory_range__box_2.0,658,success,success,,0.3803832251160491,0.0
trajectory_range__box_2.0,659,success,success,,0.13191196416306766,0.0
trajectory_range__box_2.0,660,success,success,,0.6652638006423046,0.0
trajectory_range__box_2.0,661,success,success,,0.42460475526494157,0.0
trajectory_range__box_2.0,662,success,success,,0.7818961804749741,0.0
trajectory_range__box_2.0,663,success,success,,0.3182113647040583,0.0
trajectory_range__box_2.0,664,success,success,,0.8115628598121682,0.0
trajectory_range__box_2.0,665,success,success,,0.6228883374255387,0.0
trajectory_range__box_2.0,666,success,success,,0.730415110066492,0.0
trajectory_range__box_2.0,667,success,success,,0.2851710483104584,0.0
trajectory_range__box_2.0,668,success,success,,0.2566989817460238,0.0
trajectory_range__box_2.0,669,success,success,,0.7196376327739235,0.0
trajectory_range__box_2.0,670,success,success,,0.2883802840603444,0.0
trajectory_range__box_2.0,671,success,success,,0.38363378839401324,0.0
trajectory_range__box_2.0,672,success,success,,0.31016330265750663,0.0
trajectory_range__box_2.0,673,success,success,,0.5504581113258786,0.0
trajectory_range__box_2.0,674,success,success,,0.7650544417698318,0.0
trajectory_range__box_2.0,675,success,success,,0.5675602903291608,0.0
trajectory_range__box_2.0,676,success,success,,0.6959089554067402,0.0
trajectory_range__box_2.0,677,success,success,,0.295813716938896,0.0
trajectory_range__box_2.0,678,success,success,,0.05607458747767627,0.0
trajectory_range__box_2.0,679,success,success,,0.6717565998787689,0.0
trajectory_range__box_2.0,680,success,success,,0.7198872590029359,0.0
trajectory_range__box_2.0,681,success,success,,0.552697532000214,0.0
trajectory_range__box_2.0,682,success,success,,0.7189342025863423,0.0
trajectory_range__box_2.0,683,success,success,,0.7578926803325943,0.0
trajectory_range__box_2.0,684,success,success,,0.2655409609266086,0.0
trajectory_range__box_2.0,685,success,success,,0.7538168984259206,0.0
trajectory_range__box_2.0,686,success,success,,0.511919340203447,0.0
trajectory_range__box_2.0,687,success,success,,0.503831197502829,0.0
trajectory_range__box_2.0,688,success,success,,0.8342386463399984,0.0
trajectory_range__box_2.0,689,success,success,,0.6209096329281207,0.0
trajectory_range__box_2.0,690,success,success,,0.636513595171804,0.0
trajectory_range__box_2.0,691,success,success,,0.7129238750057957,0.0
trajectory_range__box_2.0,692,success,success,,0.6924029049546772,0.0
trajectory_range__box_2.0,693,success,success,,0.6772700458489286,0.0
trajectory_range__box_2.0,694,success,success,,0.19560192258934417,0.0
trajectory_range__box_2.0,695,success,success,,0.3765031779879331,0.0
trajectory_range__box_2.0,696,success,success,,0.43144014025886746,0.0
trajectory_range__box_2.0,697,success,success,,0.40412387339187233,0.0
trajectory_range__box_2.0,698,success,success,,0.8357378810620268,0.0
trajectory_range__box_2.0,699,success,success,,0.619159054319595,0.0
trajectory_range__box_2.0,700,success,success,,0.23464745456646996,0.0
trajectory_range__box_2.0,701,success,success,,0.5079312216402638,0.0
trajectory_range__box_2.0,702,success,success,,0.5899050424211669,0.0
trajectory_range__box_2.0,703,success,success,,0.4597848689893482,0.0
trajectory_range__box_2.0,704,success,success,,0.7324530300522346,0.0
trajectory_range__box_2.0,705,success,success,,0.552575187243779,0.0
trajectory_range__box_2.0,706,success,success,,0.5651564360609017,0.0
trajectory_range__box_2.0,707,success,success,,0.603954475602095,0.0
trajectory_range__box_2.0,708,success,success,,0.5010112204321727,0.0
trajectory_range__box_2.0,709,success,success,,0.25588005738532615,0.0
trajectory_range__box_2.0,710,success,success,,0.06999048993093063,0.0
trajectory_range__box_2.0,711,success,success,,0.32602382423970544,0.0
trajectory_range__box_2.0,712,success,success,,0.40996525486358326,0.0
trajectory_range__box_2.0,713,success,success,,0.6037075567584502,0.0
trajectory_range__box_2.0,714,success,success,,0.5153513877581516,0.0
trajectory_range__box_2.0,715,success,success,,0.783566310025737,0.0
trajectory_range__box_2.0,716,success,success,,0.17147016731271203,0.0
trajectory_range__box_2.0,717,success,success,,0.7626668385683257,0.0
trajectory_range__box_2.0,718,success,success,,0.1619763338061807,0.0
trajectory_range__box_2.0,719,success,success,,0.6086861910794268,0.0
trajectory_range__box_2.0,720,success,success,,0.4527960493682883,0.0
trajectory_range__box_2.0,721,success,success,,0.542286905990861,0.0
trajectory_range__box_2.0,722,success,success,,0.41221927676212344,0.0
trajectory_range__box_2.0,723,success,success,,0.7481572133610996,0.0
trajectory_range__box_2.0,724,success,success,,0.4687319747550682,0.0
trajectory_range__box_2.0,725,success,success,,0.35397886244318083,0.0
trajectory_range__box_2.0,726,success,success,,0.4802683373593195,0.0
trajectory_range__box_2.0,727,success,success,,0.6364366089944447,0.0
trajectory_range__box_2.0,728,success,success,,0.20649002553891693,0.0
trajectory_range__box_2.0,729,success,success,,0.2882615127433121,0.0
trajectory_range__box_2.0,730,success,success,,0.7911588450078557,0.0
trajectory_range__box_2.0,731,success,success,,0.5315633660016957,0.0
trajectory_range__box_2.0,732,success,success,,0.5720054685180398,0.0
trajectory_range__box_2.0,733,success,success,,0.5304522441446783,0.0
trajectory_range__box_2.0,734,success,success,,0.5816663911313412,0.0
trajectory_range__box_2.0,735,success,success,,0.7819449098628708,0.0
trajectory_range__box_2.0,736,success,success,,0.1349248483610922,0.0
trajectory_range__box_2.0,737,success,success,,0.39149460466905833,0.0
trajectory_range__box_2.0,738,success,success,,0.691808246063677,0.0
trajectory_range__box_2.0,739,success,success,,0.6204083773748577,0.0
trajectory_range__box_2.0,740,success,success,,0.7811134326465116,0.0
trajectory_range__box_2.0,741,success,success,,0.6261035838520502,0.0
trajectory_range__box_2.0,742,success,success,,0.5380986462926124,0.0
trajectory_range__box_2.0,743,success,success,,0.4656245527634946,0.0
trajectory_range__box_2.0,744,success,success,,0.7223775308039748,0.0
trajectory_range__box_2.0,745,success,success,,0.7917739248053864,0.0
trajectory_range__box_2.0,746,success,success,,0.5615611941157174,0.0
trajectory_range__box_2.0,747,success,success,,0.6587803961989303,0.0
trajectory_range__box_2.0,748,success,success,,0.28682129927024996,0.0
trajectory_range__box_2.0,749,success,success,,0.20937557157444525,0.0
trajectory_range__box_2.0,750,success,success,,0.38095627825385225,0.0
trajectory_range__box_2.0,751,success,success,,0.6707676078841894,0.0
trajectory_range__box_2.0,752,success,success,,0.7815776498833822,0.0
trajectory_range__box_2.0,753,success,success,,0.5629143513757182,0.0
trajectory_range__box_2.0,754,success,success,,0.217544515998232,0.0
trajectory_range__box_2.0,755,success,success,,0.18521570007425614,0.0
trajectory_range__box_2.0,756,success,success,,0.6779677391715073,0.0
trajectory_range__box_2.0,757,success,success,,0.456080675152956,0.0
trajectory_range__box_2.0,758,success,success,,0.6719498427634099,0.0
trajectory_range__box_2.0,759,success,success,,0.7071956153102684,0.0
trajectory_range__box_2.0,760,success,success,,0.5589772371090261,0.0
trajectory_range__box_2.0,761,success,success,,0.6780525150362716,0.0
trajectory_range__box_2.0,762,success,success,,0.5298869096426085,0.0
trajectory_range__box_2.0,763,success,success,,0.35074291839185173,0.0
trajectory_range__box_2.0,764,success,success,,0.6566659598984085,0.0
trajectory_range__box_2.0,765,success,success,,0.3396319636931797,0.0
trajectory_range__box_2.0,766,success,success,,0.35837974540851125,0.0
trajectory_range__box_2.0,767,success,success,,0.5042013990739069,0.0
trajectory_range__box_2.0,768,success,success,,0.5093699490065926,0.0
trajectory_range__box_2.0,769,success,success,,0.7911623548994461,0.0
trajectory_range__box_2.0,770,success,success,,0.6256064007135459,0.0
trajectory_range__box_2.0,771,success,success,,0.5240045509194385,0.0
trajectory_range__box_2.0,772,success,success,,0.3684889995200067,0.0
trajectory_range__box_2.0,773,success,success,,0.6305959665967337,0.0
trajectory_range__box_2.0,774,success,success,,0.627149783605777,0.0
trajectory_range__box_2.0,775,success,success,,0.520137624685429,0.0
trajectory_range__box_2.0,776,success,success,,0.19227717882039497,0.0
trajectory_range__box_2.0,777,success,success,,0.38737656935474396,0.0
trajectory_range__box_2.0,778,success,success,,0.5802744186699514,0.0
trajectory_range__box_2.0,779,success,success,,0.7993185829370437,0.0
trajectory_range__box_2.0,780,success,success,,0.7724767598775331,0.0
trajectory_range__box_2.0,781,success,success,,0.5615380047774342,0.0
trajectory_range__box_2.0,782,success,success,,0.6618946385176866,0.0
trajectory_range__box_2.0,783,success,success,,0.25419996724271243,0.0
trajectory_range__box_2.0,784,success,success,,0.7605364946451248,0.0
trajectory_range__box_2.0,785,success,success,,0.47802825052305425,0.0
trajectory_range__box_2.0,786,success,success,,0.5623245043251123,0.0
trajectory_range__box_2.0,787,success,success,,0.5782063042065104,0.0
trajectory_range__box_2.0,788,success,success,,0.25063058719680664,0.0
trajectory_range__box_2.0,789,success,success,,0.7499722311829385,0.0
trajectory_range__box_2.0,790,success,success,,0.7815030376199888,0.0
trajectory_range__box_2.0,791,success,success,,0.6244607292384451,0.0
trajectory_range__box_2.0,792,success,success,,0.675721589109095,0.0
trajectory_range__box_2.0,793,success,success,,0.3432893972439478,0.0
trajectory_range__box_2.0,794,success,success,,0.26501427531911664,0.0
trajectory_range__box_2.0,795,success,success,,0.23358031834824844,0.0
trajectory_range__box_2.0,796,success,success,,0.5003319928101023,0.0
trajectory_range__box_2.0,797,success,success,,0.5768515675699961,0.0
trajectory_range__box_2.0,798,success,success,,0.23076740994227152,0.0
trajectory_range__box_2.0,799,success,success,,0.6826461553112652,0.0
trajectory_range__box_2.0,800,success,success,,0.6513538487316896,0.0
trajectory_range__box_2.0,801,success,success,,0.432168581509135,0.0
trajectory_range__box_2.0,802,success,success,,0.4321245928687786,0.0
trajectory_range__box_2.0,803,success,success,,0.6528579567913779,0.0
trajectory_range__box_2.0,804,success,success,,0.006898021035731103,0.0
trajectory_range__box_2.0,805,success,success,,0.7224253963568552,0.0
trajectory_range__box_2.0,806,success,success,,0.25648896056723025,0.0
trajectory_range__box_2.0,807,success,success,,0.7048043624391149,0.0
trajectory_range__box_2.0,808,success,success,,0.7166972240405314,0.0
trajectory_range__box_2.0,809,success,success,,0.7199734468442733,0.0
trajectory_range__box_2.0,810,success,success,,0.5865068205875889,0.0
trajectory_range__box_2.0,811,success,success,,0.7785763203237108,0.0
trajectory_range__box_2.0,812,success,success,,0.34866335812331023,0.0
trajectory_range__box_2.0,813,success,success,,0.551358556724896,0.0
trajectory_range__box_2.0,814,success,success,,0.6706597236344624,0.0
trajectory_range__box_2.0,815,success,success,,0.3257464312587194,0.0
trajectory_range__box_2.0,816,success,success,,0.37331741398314716,0.0
trajectory_range__box_2.0,817,success,success,,0.14851174537567902,0.0
trajectory_range__box_2.0,818,success,success,,0.2953686443006981,0.0
trajectory_range__box_2.0,819,success,success,,0.38563665554473464,0.0
trajectory_range__box_2.0,820,success,success,,0.4112279973029436,0.0
trajectory_range__box_2.0,821,success,success,,0.5973127140223957,0.0
trajectory_range__box_2.0,822,success,success,,0.7617848856599977,0.0
trajectory_range__box_2.0,823,success,success,,0.4484160434741782,0.0
trajectory_range__box_2.0,824,success,success,,0.6423458895682493,0.0
trajectory_range__box_2.0,825,success,success,,0.2188494913577127,0.0
trajectory_range__box_2.0,826,success,success,,0.646625522445345,0.0
trajectory_range__box_2.0,827,success,success,,0.5552050301928666,0.0
trajectory_range__box_2.0,828,success,success,,0.6273616559007745,0.0
trajectory_range__box_2.0,829,success,success,,0.8231691730066164,0.0
trajectory_range__box_2.0,830,success,success,,0.7604820310607522,0.0
trajectory_range__box_2.0,831,success,success,,0.6859105925745584,0.0
trajectory_range__box_2.0,832,success,success,,0.27881663347031904,0.0
trajectory_range__box_2.0,833,success,success,,0.08267145953836762,0.0
trajectory_range__box_2.0,834,success,success,,0.3530629141588258,0.0
trajectory_range__box_2.0,835,success,success,,0.7450415367274537,0.0
trajectory_range__box_2.0,836,success,success,,0.5972911986960416,0.0
trajectory_range__box_2.0,837,success,success,,0.6710570129629281,0.0
trajectory_range__box_2.0,838,success,success,,0.22754143336202842,0.0
trajectory_range__box_2.0,839,success,success,,0.21383496663548907,0.0
trajectory_range__box_2.0,840,success,success,,0.45916338637722715,0.0
trajectory_range__box_2.0,841,success,success,,0.3237333834214101,0.0
trajectory_range__box_2.0,842,success,success,,0.7662479513329212,0.0
trajectory_range__box_2.0,843,success,success,,0.5430077640388088,0.0
trajectory_range__box_2.0,844,success,success,,0.7653408161178166,0.0
trajectory_range__box_2.0,845,success,success,,0.8344235890646214,0.0
trajectory_range__box_2.0,846,success,success,,0.47447338201043643,0.0
trajectory_range__box_2.0,847,success,success,,0.7518815754637335,0.0
trajectory_range__box_2.0,848,success,success,,0.7412133681564852,0.0
trajectory_range__box_2.0,849,success,success,,0.49910216549402553,0.0
trajectory_range__box_2.0,850,success,success,,0.734379668545309,0.0
trajectory_range__box_2.0,851,success,success,,0.41272835089733517,0.0
trajectory_range__box_2.0,852,success,success,,0.6662605356341024,0.0
trajectory_range__box_2.0,853,success,success,,0.7003422356840978,0.0
trajectory_range__box_2.0,854,success,success,,0.7351047332713592,0.0
trajectory_range__box_2.0,855,success,success,,0.5384573814338901,0.0
trajectory_range__box_2.0,856,success,success,,0.6623674838595507,0.0
trajectory_range__box_2.0,857,success,success,,0.6422810984427213,0.0
trajectory_range__box_2.0,858,success,success,,0.27505579533886143,0.0
trajectory_range__box_2.0,859,success,success,,0.4823809699053021,0.0
trajectory_range__box_2.0,860,success,success,,0.21361446240075013,0.0
trajectory_range__box_2.0,861,success,success,,0.8144155994790736,0.0
trajectory_range__box_2.0,862,success,success,,0.46255286309836463,0.0
trajectory_range__box_2.0,863,success,success,,0.20572106219573272,0.0
trajectory_range__box_2.0,864,success,success,,0.7825336240053546,0.0
trajectory_range__box_2.0,865,success,success,,0.3101809146281935,0.0
trajectory_range__box_2.0,866,success,success,,0.46310276973267284,0.0
trajectory_range__box_2.0,867,success,success,,0.24411803319975045,0.0
trajectory_range__box_2.0,868,success,success,,0.22225600613199414,0.0
trajectory_range__box_2.0,869,success,success,,0.5187991365909894,0.0
trajectory_range__box_2.0,870,success,success,,0.6452787426740915,0.0
trajectory_range__box_2.0,871,success,success,,0.7434097607767103,0.0
trajectory_range__box_2.0,872,success,success,,0.7021452409906448,0.0
trajectory_range__box_2.0,873,success,success,,0.3496803384937905,0.0
trajectory_range__box_2.0,874,success,success,,0.4182772059717504,0.0
trajectory_range__box_2.0,875,success,success,,0.7148510787789965,0.0
trajectory_range__box_2.0,876,success,success,,0.3500747573197901,0.0
trajectory_range__box_2.0,877,success,success,,0.5698891742366499,0.0
trajectory_range__box_2.0,878,success,success,,0.1575689569353394,0.0
trajectory_range__box_2.0,879,success,success,,0.5179603641012165,0.0
trajectory_range__box_2.0,880,success,success,,0.535849069798957,0.0
trajectory_range__box_2.0,881,success,success,,0.29932355749797984,0.0
trajectory_range__box_2.0,882,success,success,,0.22435127430021726,0.0
trajectory_range__box_2.0,883,success,success,,0.3370503062338336,0.0
trajectory_range__box_2.0,884,success,success,,0.4224948477754277,0.0
trajectory_range__box_2.0,885,success,success,,0.82241270611517,0.0
trajectory_range__box_2.0,886,success,success,,0.4556989310445617,0.0
trajectory_range__box_2.0,887,success,success,,0.705374183281648,0.0
trajectory_range__box_2.0,888,success,success,,0.7299010172075783,0.0
trajectory_range__box_2.0,889,success,success,,0.5288165059511812,0.0
trajectory_range__box_2.0,890,success,success,,0.3828723008796314,0.0
trajectory_range__box_2.0,891,success,success,,0.222235192736386,0.0
trajectory_range__box_2.0,892,success,success,,0.36016086552395365,0.0
trajectory_range__box_2.0,893,success,success,,0.30962309443589703,0.0
trajectory_range__box_2.0,894,success,success,,0.4589312395128748,0.0
trajectory_range__box_2.0,895,success,success,,0.616610306531997,0.0
trajectory_range__box_2.0,896,success,success,,0.4665211706780953,0.0
trajectory_range__box_2.0,897,success,success,,0.630395976320727,0.0
trajectory_range__box_2.0,898,success,success,,0.7079376257845352,0.0
trajectory_range__box_2.0,899,success,success,,0.3417353390664839,0.0
trajectory_range__box_2.0,900,success,success,,0.5275278617745501,0.0
trajectory_range__box_2.0,901,success,success,,0.6767592419975986,0.0
trajectory_range__box_2.0,902,success,success,,0.8099211642299939,0.0
trajectory_range__box_2.0,903,success,success,,0.6090329185652075,0.0
trajectory_range__box_2.0,904,success,success,,0.730142576031763,0.0
trajectory_range__box_2.0,905,success,success,,0.44826079864681345,0.0
trajectory_range__box_2.0,906,success,success,,0.7116198443892877,0.0
trajectory_range__box_2.0,907,success,success,,0.40223329586841783,0.0
trajectory_range__box_2.0,908,success,success,,0.4078751859863787,0.0
trajectory_range__box_2.0,909,success,success,,0.6985605665358202,0.0
trajectory_range__box_2.0,910,success,success,,0.32335012380055594,0.0
trajectory_range__box_2.0,911,success,success,,0.6123995852876816,0.0
trajectory_range__box_2.0,912,success,success,,0.487514351003739,0.0
trajectory_range__box_2.0,913,success,success,,0.36378734025731824,0.0
trajectory_range__box_2.0,914,success,success,,0.35413971544794715,0.0
trajectory_range__box_2.0,915,success,success,,0.689538340607425,0.0
trajectory_range__box_2.0,916,success,success,,0.7632947280748746,0.0
trajectory_range__box_2.0,917,success,success,,0.6376989736249912,0.0
trajectory_range__box_2.0,918,success,success,,0.48464443375050087,0.0
trajectory_range__box_2.0,919,success,success,,0.6172944697749974,0.0
trajectory_range__box_2.0,920,success,success,,0.4994007291159124,0.0
trajectory_range__box_2.0,921,success,success,,0.6994379178516469,0.0
trajectory_range__box_2.0,922,success,success,,0.28157998474976276,0.0
trajectory_range__box_2.0,923,success,success,,0.7226824303311743,0.0
trajectory_range__box_2.0,924,success,success,,0.7087252998277789,0.0
trajectory_range__box_2.0,925,success,success,,0.42372907555085454,0.0
trajectory_range__box_2.0,926,success,success,,0.2388921773465883,0.0
trajectory_range__box_2.0,927,success,success,,0.7971250578124062,0.0
trajectory_range__box_2.0,928,success,success,,0.7930383117662105,0.0
trajectory_range__box_2.0,929,success,success,,0.8198448011335022,0.0
trajectory_range__box_2.0,930,success,success,,0.8242152668239636,0.0
trajectory_range__box_2.0,931,success,success,,0.45477166451984474,0.0
trajectory_range__box_2.0,932,success,success,,0.4480707275308796,0.0
trajectory_range__box_2.0,933,success,success,,0.8150742759005967,0.0
trajectory_range__box_2.0,934,success,success,,0.3580233439537446,0.0
trajectory_range__box_2.0,935,success,success,,0.7710797090636288,0.0
trajectory_range__box_2.0,936,success,success,,0.25008957896234274,0.0
trajectory_range__box_2.0,937,success,success,,0.7907025874396862,0.0
trajectory_range__box_2.0,938,success,success,,0.5162171371299801,0.0
trajectory_range__box_2.0,939,success,success,,0.43170417045279963,0.0
trajectory_range__box_2.0,940,success,success,,0.4011234272862143,0.0
trajectory_range__box_2.0,941,success,success,,0.20966899686137563,0.0
trajectory_range__box_2.0,942,success,success,,0.5589484824572974,0.0
trajectory_range__box_2.0,943,success,success,,0.7080473092447079,0.0
trajectory_range__box_2.0,944,success,success,,0.4760986470931425,0.0
trajectory_range__box_2.0,945,success,success,,0.2670697791823351,0.0
trajectory_range__box_2.0,946,success,success,,0.25684263390719597,0.0
trajectory_range__box_2.0,947,success,success,,0.5681953687564745,0.0
trajectory_range__box_2.0,948,success,success,,0.19373915728517324,0.0
trajectory_range__box_2.0,949,success,success,,0.5990762114459766,0.0
trajectory_range__box_2.0,950,success,success,,0.3588959770305141,0.0
trajectory_range__box_2.0,951,success,success,,0.6991297846750121,0.0
trajectory_range__box_2.0,952,success,success,,0.6619355817295265,0.0
trajectory_range__box_2.0,953,success,success,,0.40123673546516114,0.0
trajectory_range__box_2.0,954,success,success,,0.700745458132222,0.0
trajectory_range__box_2.0,955,success,success,,0.2657131142664788,0.0
trajectory_range__box_2.0,956,success,success,,0.4982440064776048,0.0
trajectory_range__box_2.0,957,success,success,,0.2998706877196947,0.0
trajectory_range__box_2.0,958,success,success,,0.697809690989273,0.0
trajectory_range__box_2.0,959,success,success,,0.5757596755207397,0.0
trajectory_range__box_2.0,960,success,success,,0.6411868083391408,0.0
trajectory_range__box_2.0,961,success,success,,0.6059885161759457,0.0
trajectory_range__box_2.0,962,success,success,,0.2907997158514927,0.0
trajectory_range__box_2.0,963,success,success,,0.6882233265673738,0.0
trajectory_range__box_2.0,964,success,success,,0.6900167464552804,0.0
trajectory_range__box_2.0,965,success,success,,0.7099539398260968,0.0
trajectory_range__box_2.0,966,success,success,,0.7765138229348557,0.0
trajectory_range__box_2.0,967,success,success,,0.7975423996134859,0.0
trajectory_range__box_2.0,968,success,success,,0.5124627293209875,0.0
trajectory_range__box_2.0,969,success,success,,0.2596097819064984,0.0
trajectory_range__box_2.0,970,success,success,,0.35738060223195883,0.0
trajectory_range__box_2.0,971,success,success,,0.7323279069476326,0.0
trajectory_range__box_2.0,972,success,success,,0.6310162896095874,0.0
trajectory_range__box_2.0,973,success,success,,0.6032147240541569,0.0
trajectory_range__box_2.0,974,success,success,,0.5024305802718976,0.0
trajectory_range__box_2.0,975,success,success,,0.57281811043645,0.0
trajectory_range__box_2.0,976,success,success,,0.45683530735144295,0.0
trajectory_range__box_2.0,977,success,success,,0.6780575050376683,0.0
trajectory_range__box_2.0,978,success,success,,0.13010660881141548,0.0
trajectory_range__box_2.0,979,success,success,,0.2625720794427231,0.0
trajectory_range__box_2.0,980,success,success,,0.5447191919759825,0.0
trajectory_range__box_2.0,981,success,success,,0.6721301765339437,0.0
trajectory_range__box_2.0,982,success,success,,0.4654229382777722,0.0
trajectory_range__box_2.0,983,success,success,,0.5600186238652698,0.0
trajectory_range__box_2.0,984,success,success,,0.5140141291103406,0.0
trajectory_range__box_2.0,985,success,success,,0.351460193115272,0.0
trajectory_range__box_2.0,986,success,success,,0.5937986392676043,0.0
trajectory_range__box_2.0,987,success,success,,0.4324049161970157,0.0
trajectory_range__box_2.0,988,success,success,,0.5736866526643012,0.0
trajectory_range__box_2.0,989,success,success,,0.8360813989136893,0.0
trajectory_range__box_2.0,990,success,success,,0.3878845869152223,0.0
trajectory_range__box_2.0,991,success,success,,0.6544864108118114,0.0
trajectory_range__box_2.0,992,success,success,,0.6073531618236372,0.0
trajectory_range__box_2.0,993,success,success,,0.5208559202730257,0.0
trajectory_range__box_2.0,994,success,success,,0.4210478462072263,0.0
trajectory_range__box_2.0,995,success,success,,0.48807568354091146,0.0
trajectory_range__box_2.0,996,success,success,,0.4238257319602905,0.0
trajectory_range__box_2.0,997,success,success,,0.5977168939203286,0.0
trajectory_range__box_2.0,998,success,success,,0.38049007636757043,0.0
trajectory_range__box_2.0,999,success,success,,0.5135409568616711,0.0
trajectory_range__box_2.0,1000,success,success,,0.4429698173582112,0.0
trajectory_range__box_3.0,1,success,success,,0.7014312694249928,0.0
trajectory_range__box_3.0,2,success,success,,0.7724823713196712,0.0
trajectory_range__box_3.0,3,success,success,,0.07406567609422238,0.0
trajectory_range__box_3.0,4,success,success,,0.12836635180567704,0.0
trajectory_range__box_3.0,5,success,success,,0.40486260661412066,0.0
trajectory_range__box_3.0,6,success,success,,0.5745192701811435,0.0
trajectory_range__box_3.0,7,success,success,,0.3226985394344032,0.0
trajectory_range__box_3.0,8,success,success,,0.19009172111734093,0.0
trajectory_range__box_3.0,9,success,success,,0.7711390877857083,0.0
trajectory_range__box_3.0,10,success,success,,0.7938750846145786,0.0
trajectory_range__box_3.0,11,success,success,,0.8314702452649373,0.0
trajectory_range__box_3.0,12,success,success,,0.3852464205643302,0.0
trajectory_range__box_3.0,13,success,success,,0.49450352861003255,0.0
trajectory_range__box_3.0,14,success,success,,0.7216197587050402,0.0
trajectory_range__box_3.0,15,success,success,,0.23633531877438357,0.0
trajectory_range__box_3.0,16,success,success,,0.6571852365624387,0.0
trajectory_range__box_3.0,17,success,success,,0.7510546672947611,0.0
trajectory_range__box_3.0,18,success,success,,0.7493383185410825,0.0
trajectory_range__box_3.0,19,success,success,,0.6807312291745468,0.0
trajectory_range__box_3.0,20,success,success,,0.6671110843746618,0.0
trajectory_range__box_3.0,21,success,success,,0.5140352698871005,0.0
trajectory_range__box_3.0,22,success,success,,0.3400030219346986,0.0
trajectory_range__box_3.0,23,success,success,,0.6758052399180613,0.0
trajectory_range__box_3.0,24,success,success,,0.6871424937590925,0.0
trajectory_range__box_3.0,25,success,success,,0.7448721317431413,0.0
trajectory_range__box_3.0,26,success,success,,0.34361661405220395,0.0
trajectory_range__box_3.0,27,success,success,,0.4615341045069118,0.0
trajectory_range__box_3.0,28,success,success,,0.4020983910465163,0.0
trajectory_range__box_3.0,29,success,success,,0.4886231215833413,0.0
trajectory_range__box_3.0,30,success,success,,0.428331050079146,0.0
trajectory_range__box_3.0,31,success,success,,0.5656567968312868,0.0
trajectory_range__box_3.0,32,success,success,,0.3122805722132211,0.0
trajectory_range__box_3.0,33,success,success,,0.40613034089677,0.0
trajectory_range__box_3.0,34,success,success,,0.0755210829154339,0.0
trajectory_range__box_3.0,35,success,success,,0.5469343311426768,0.0
trajectory_range__box_3.0,36,success,success,,0.6459839446676069,0.0
trajectory_range__box_3.0,37,success,success,,0.41469240618504205,0.0
trajectory_range__box_3.0,38,success,success,,0.2785804724942249,0.0
trajectory_range__box_3.0,39,success,success,,0.0869881388550853,0.0
trajectory_range__box_3.0,40,success,success,,0.6538086195535896,0.0
trajectory_range__box_3.0,41,success,success,,0.7636094684615615,0.0
trajectory_range__box_3.0,42,success,success,,0.7482098141429327,0.0
trajectory_range__box_3.0,43,success,success,,0.3854864643657565,0.0
trajectory_range__box_3.0,44,success,success,,0.1566228506560513,0.0
trajectory_range__box_3.0,45,success,success,,0.36566695162776475,0.0
trajectory_range__box_3.0,46,success,success,,0.2232322912342889,0.0
trajectory_range__box_3.0,47,success,success,,0.49355841059207217,0.0
trajectory_range__box_3.0,48,success,success,,0.4352661903976449,0.0
trajectory_range__box_3.0,49,success,success,,0.5687750797642799,0.0
trajectory_range__box_3.0,50,success,success,,0.5126095925882745,0.0
trajectory_range__box_3.0,51,success,success,,0.2728576286120923,0.0
trajectory_range__box_3.0,52,success,success,,0.5364399185507083,0.0
trajectory_range__box_3.0,53,success,success,,0.3725025091116787,0.0
trajectory_range__box_3.0,54,success,success,,0.44755950753949114,0.0
trajectory_range__box_3.0,55,success,success,,0.8084130241846239,0.0
trajectory_range__box_3.0,56,success,success,,0.50713569672452,0.0
trajectory_range__box_3.0,57,success,success,,0.8100615633081139,0.0
trajectory_range__box_3.0,58,success,success,,0.5658817610651525,0.0
trajectory_range__box_3.0,59,success,success,,0.5019607376574031,0.0
trajectory_range__box_3.0,60,success,success,,0.751604545954338,0.0
trajectory_range__box_3.0,61,success,success,,0.3548323541479944,0.0
trajectory_range__box_3.0,62,success,success,,0.5081109278690784,0.0
trajectory_range__box_3.0,63,success,success,,0.2688207910568034,0.0
trajectory_range__box_3.0,64,success,success,,0.760882881794581,0.0
trajectory_range__box_3.0,65,success,success,,0.609398551124786,0.0
trajectory_range__box_3.0,66,success,success,,0.4433974988967231,0.0
trajectory_range__box_3.0,67,success,success,,0.7561036812538965,0.0
trajectory_range__box_3.0,68,success,success,,0.42021100261593036,0.0
trajectory_range__box_3.0,69,success,success,,0.09222796496562304,0.0
trajectory_range__box_3.0,70,success,success,,0.23360808535485728,0.0
trajectory_range__box_3.0,71,success,success,,0.3751593019674683,0.0
trajectory_range__box_3.0,72,success,success,,0.4902308814436944,0.0
trajectory_range__box_3.0,73,success,success,,0.6788411063192491,0.0
trajectory_range__box_3.0,74,success,success,,0.31384089127930764,0.0
trajectory_range__box_3.0,75,success,success,,0.12751028319503308,0.0
trajectory_range__box_3.0,76,success,success,,0.674468727881835,0.0
trajectory_range__box_3.0,77,success,success,,0.5625850403562922,0.0
trajectory_range__box_3.0,78,success,success,,0.2206317848069576,0.0
trajectory_range__box_3.0,79,success,success,,0.7033007805060849,0.0
trajectory_range__box_3.0,80,success,success,,0.49266274554619116,0.0
trajectory_range__box_3.0,81,success,success,,0.46915452296674487,0.0
trajectory_range__box_3.0,82,success,success,,0.4395748895827195,0.0
trajectory_range__box_3.0,83,success,success,,0.7402483816364,0.0
trajectory_range__box_3.0,84,success,success,,0.43176748624231925,0.0
trajectory_range__box_3.0,85,success,success,,0.09662402423687172,0.0
trajectory_range__box_3.0,86,success,success,,0.5138437953709585,0.0
trajectory_range__box_3.0,87,success,success,,0.7173745861661806,0.0
trajectory_range__box_3.0,88,success,success,,0.2287337539510912,0.0
trajectory_range__box_3.0,89,success,success,,0.5258619708319683,0.0
trajectory_range__box_3.0,90,success,success,,0.7261930236062786,0.0
trajectory_range__box_3.0,91,success,success,,0.7151059170772773,0.0
trajectory_range__box_3.0,92,success,success,,0.6925565366517086,0.0
trajectory_range__box_3.0,93,success,success,,0.4603538910887544,0.0
trajectory_range__box_3.0,94,success,success,,0.3211501396170964,0.0
trajectory_range__box_3.0,95,success,success,,0.5493635155004941,0.0
trajectory_range__box_3.0,96,success,success,,0.5578374436479343,0.0
trajectory_range__box_3.0,97,success,success,,0.4997772267693448,0.0
trajectory_range__box_3.0,98,success,success,,0.5024644888666484,0.0
trajectory_range__box_3.0,99,success,success,,0.6325544216849676,0.0
trajectory_range__box_3.0,100,success,success,,0.3324601057394856,0.0
trajectory_range__box_3.0,101,success,success,,0.444719547407378,0.0
trajectory_range__box_3.0,102,success,success,,0.4053528087324332,0.0
trajectory_range__box_3.0,103,success,success,,0.31357349276467206,0.0
trajectory_range__box_3.0,104,success,success,,0.5323018782988455,0.0
trajectory_range__box_3.0,105,success,success,,0.7819177444879111,0.0
trajectory_range__box_3.0,106,success,success,,0.7115363445264669,0.0
trajectory_range__box_3.0,107,success,success,,0.1092076482731196,0.0
trajectory_range__box_3.0,108,success,success,,0.4521436125341197,0.0
trajectory_range__box_3.0,109,success,success,,0.6791215471659366,0.0
trajectory_range__box_3.0,110,success,success,,0.6597979143959036,0.0
trajectory_range__box_3.0,111,success,success,,0.48467581735475973,0.0
trajectory_range__box_3.0,112,success,success,,0.5417113748341517,0.0
trajectory_range__box_3.0,113,success,success,,0.13027308309892652,0.0
trajectory_range__box_3.0,114,success,success,,0.6838853416661528,0.0
trajectory_range__box_3.0,115,success,success,,0.3305558145285149,0.0
trajectory_range__box_3.0,116,success,success,,0.5934348932841846,0.0
trajectory_range__box_3.0,117,success,success,,0.48683221069237004,0.0
trajectory_range__box_3.0,118,success,success,,0.5273747403281688,0.0
trajectory_range__box_3.0,119,success,success,,0.6292289671588245,0.0
trajectory_range__box_3.0,120,success,success,,0.814974426402508,0.0
trajectory_range__box_3.0,121,success,success,,0.6553489330693699,0.0
trajectory_range__box_3.0,122,success,success,,0.3161945598519568,0.0
trajectory_range__box_3.0,123,success,success,,0.4687865402603762,0.0
trajectory_range__box_3.0,124,success,success,,0.3360784532840746,0.0
trajectory_range__box_3.0,125,success,success,,0.07673195549565942,0.0
trajectory_range__box_3.0,126,success,success,,0.7195144906875028,0.0
trajectory_range__box_3.0,127,success,success,,0.2897252255775848,0.0
trajectory_range__box_3.0,128,success,success,,0.2690458111014259,0.0
trajectory_range__box_3.0,129,success,success,,0.26066165495902044,0.0
trajectory_range__box_3.0,130,success,success,,0.6533160356396505,0.0
trajectory_range__box_3.0,131,success,success,,0.5948509184179835,0.0
trajectory_range__box_3.0,132,success,success,,0.1890071223332278,0.0
trajectory_range__box_3.0,133,success,success,,0.4556280690633446,0.0
trajectory_range__box_3.0,134,success,success,,0.7463462037654786,0.0
trajectory_range__box_3.0,135,success,success,,0.6389920385163672,0.0
trajectory_range__box_3.0,136,success,success,,0.41647296091946256,0.0
trajectory_range__box_3.0,137,success,success,,0.5672609877958908,0.0
trajectory_range__box_3.0,138,success,success,,0.39568007005984346,0.0
trajectory_range__box_3.0,139,success,success,,0.6713699982115915,0.0
trajectory_range__box_3.0,140,success,success,,0.3270930383535986,0.0
trajectory_range__box_3.0,141,success,success,,0.49954952712581846,0.0
trajectory_range__box_3.0,142,success,success,,0.386763011139846,0.0
trajectory_range__box_3.0,143,success,success,,0.5951637815721449,0.0
trajectory_range__box_3.0,144,success,success,,0.4903626609842231,0.0
trajectory_range__box_3.0,145,success,success,,0.37935662874903775,0.0
trajectory_range__box_3.0,146,success,success,,0.8128511037185981,0.0
trajectory_range__box_3.0,147,success,success,,0.6384215469075756,0.0
trajectory_range__box_3.0,148,success,success,,0.578572430086635,0.0
trajectory_range__box_3.0,149,success,success,,0.59994160308369,0.0
trajectory_range__box_3.0,150,success,success,,0.7839102525405792,0.0
trajectory_range__box_3.0,151,success,success,,0.5821638017205617,0.0
trajectory_range__box_3.0,152,success,success,,0.6976609925475151,0.0
trajectory_range__box_3.0,153,success,success,,0.7393869867552822,0.0
trajectory_range__box_3.0,154,success,success,,0.7504134610517581,0.0
trajectory_range__box_3.0,155,success,success,,0.17626579738510423,0.0
trajectory_range__box_3.0,156,success,success,,0.5838885890041383,0.0
trajectory_range__box_3.0,157,success,success,,0.40892884115750694,0.0
trajectory_range__box_3.0,158,success,success,,0.31138889646665596,0.0
trajectory_range__box_3.0,159,success,success,,0.349275480121328,0.0
trajectory_range__box_3.0,160,success,success,,0.6224169640767195,0.0
trajectory_range__box_3.0,161,success,success,,0.6688731141089044,0.0
trajectory_range__box_3.0,162,success,success,,0.7062958840148431,0.0
trajectory_range__box_3.0,163,success,success,,0.4511674043607474,0.0
trajectory_range__box_3.0,164,success,success,,0.31353461687333667,0.0
trajectory_range__box_3.0,165,success,success,,0.09127120299042021,0.0
trajectory_range__box_3.0,166,success,success,,0.5774283048189952,0.0
trajectory_range__box_3.0,167,success,success,,0.13487348873392158,0.0
trajectory_range__box_3.0,168,success,success,,0.5418918373073499,0.0
trajectory_range__box_3.0,169,success,success,,0.611052115244501,0.0
trajectory_range__box_3.0,170,success,success,,0.6879758618626125,0.0
trajectory_range__box_3.0,171,success,success,,0.7438932311749143,0.0
trajectory_range__box_3.0,172,success,success,,0.7090237067447264,0.0
trajectory_range__box_3.0,173,success,success,,0.6261561961675204,0.0
trajectory_range__box_3.0,174,success,success,,0.2799011243223745,0.0
trajectory_range__box_3.0,175,success,success,,0.4066740790815789,0.0
trajectory_range__box_3.0,176,success,success,,0.4238504385970451,0.0
trajectory_range__box_3.0,177,success,success,,0.6779508288454625,0.0
trajectory_range__box_3.0,178,success,success,,0.5608452615899491,0.0
trajectory_range__box_3.0,179,success,success,,0.556975419586553,0.0
trajectory_range__box_3.0,180,success,success,,0.10330722912946408,0.0
trajectory_range__box_3.0,181,success,success,,0.6732250188058466,0.0
trajectory_range__box_3.0,182,success,success,,0.7947627818351437,0.0
trajectory_range__box_3.0,183,success,success,,0.23714852462403116,0.0
trajectory_range__box_3.0,184,success,success,,0.6462158927415103,0.0
trajectory_range__box_3.0,185,success,success,,0.6940822144477355,0.0
trajectory_range__box_3.0,186,success,success,,0.1865745534540428,0.0
trajectory_range__box_3.0,187,success,success,,0.4608392677159052,0.0
trajectory_range__box_3.0,188,success,success,,0.13139095653499702,0.0
trajectory_range__box_3.0,189,success,success,,0.41789225016896847,0.0
trajectory_range__box_3.0,190,success,success,,0.43631782903837896,0.0
trajectory_range__box_3.0,191,success,success,,0.6504560863313966,0.0
trajectory_range__box_3.0,192,success,success,,0.4482493175752772,0.0
trajectory_range__box_3.0,193,success,success,,0.720058365155286,0.0
trajectory_range__box_3.0,194,success,success,,0.7726931366681277,0.0
trajectory_range__box_3.0,195,success,success,,0.7520559162400503,0.0
trajectory_range__box_3.0,196,success,success,,0.4936030253087915,0.0
trajectory_range__box_3.0,197,success,success,,0.7854752604014837,0.0
trajectory_range__box_3.0,198,success,success,,0.6635597532605323,0.0
trajectory_range__box_3.0,199,success,success,,0.7780198291724589,0.0
trajectory_range__box_3.0,200,success,success,,0.7725812353103813,0.0
trajectory_range__box_3.0,201,success,success,,0.5058334715815378,0.0
trajectory_range__box_3.0,202,success,success,,0.7845856838010015,0.0
trajectory_range__box_3.0,203,success,success,,0.7322960221703788,0.0
trajectory_range__box_3.0,204,success,success,,0.3980386907660987,0.0
trajectory_range__box_3.0,205,success,success,,0.5012449959303475,0.0
trajectory_range__box_3.0,206,success,success,,0.7602172003874181,0.0
trajectory_range__box_3.0,207,success,success,,0.6917477212283165,0.0
trajectory_range__box_3.0,208,success,success,,0.060125039213317986,0.0
trajectory_range__box_3.0,209,success,success,,0.6149155315436272,0.0
trajectory_range__box_3.0,210,success,success,,0.7623841751096698,0.0
trajectory_range__box_3.0,211,success,success,,0.5162290671360709,0.0
trajectory_range__box_3.0,212,success,success,,0.4790296219352452,0.0
trajectory_range__box_3.0,213,success,success,,0.6070988840965672,0.0
trajectory_range__box_3.0,214,success,success,,0.7588725500241551,0.0
trajectory_range__box_3.0,215,success,success,,0.753119829951569,0.0
trajectory_range__box_3.0,216,success,success,,0.7194786999073879,0.0
trajectory_range__box_3.0,217,success,success,,0.5369539250550172,0.0
trajectory_range__box_3.0,218,success,success,,0.4818056731465939,0.0
trajectory_range__box_3.0,219,success,success,,0.7980277578298267,0.0
trajectory_range__box_3.0,220,success,success,,0.5611550214366965,0.0
trajectory_range__box_3.0,221,success,success,,0.6238557259220565,0.0
trajectory_range__box_3.0,222,success,success,,0.3469434019441382,0.0
trajectory_range__box_3.0,223,success,success,,0.5989617279795671,0.0
trajectory_range__box_3.0,224,success,success,,0.6227673567071741,0.0
trajectory_range__box_3.0,225,success,success,,0.42053082406968495,0.0
trajectory_range__box_3.0,226,success,success,,0.5400904887142983,0.0
trajectory_range__box_3.0,227,success,success,,0.2966012078472725,0.0
trajectory_range__box_3.0,228,success,success,,0.29077900640880083,0.0
trajectory_range__box_3.0,229,success,success,,0.3966158611253921,0.0
trajectory_range__box_3.0,230,success,success,,0.35793911489705244,0.0
trajectory_range__box_3.0,231,success,success,,0.6548363078459887,0.0
trajectory_range__box_3.0,232,success,success,,0.7061362903151478,0.0
trajectory_range__box_3.0,233,success,success,,0.6953664331480194,0.0
trajectory_range__box_3.0,234,success,success,,0.8121469563829662,0.0
trajectory_range__box_3.0,235,success,success,,0.6424341534650649,0.0
trajectory_range__box_3.0,236,success,success,,0.6444178566353402,0.0
trajectory_range__box_3.0,237,success,success,,0.5541805271293216,0.0
trajectory_range__box_3.0,238,success,success,,0.565718749181519,0.0
trajectory_range__box_3.0,239,success,success,,0.7204376719303798,0.0
trajectory_range__box_3.0,240,success,success,,0.7288788589507008,0.0
trajectory_range__box_3.0,241,success,success,,0.22622748572642176,0.0
trajectory_range__box_3.0,242,success,success,,0.519698342619578,0.0
trajectory_range__box_3.0,243,success,success,,0.2802108546471216,0.0
trajectory_range__box_3.0,244,success,success,,0.7815085123343266,0.0
trajectory_range__box_3.0,245,success,success,,0.36175130196516136,0.0
trajectory_range__box_3.0,246,success,success,,0.48221391454487306,0.0
trajectory_range__box_3.0,247,success,success,,0.5228996206446827,0.0
trajectory_range__box_3.0,248,success,success,,0.6649190058215078,0.0
trajectory_range__box_3.0,249,success,success,,0.7240416951094572,0.0
trajectory_range__box_3.0,250,success,success,,0.28218471719634436,0.0
trajectory_range__box_3.0,251,success,success,,0.6482193775746887,0.0
trajectory_range__box_3.0,252,success,success,,0.36842935423745427,0.0
trajectory_range__box_3.0,253,success,success,,0.46950678220531333,0.0
trajectory_range__box_3.0,254,success,success,,0.37848055880020726,0.0
trajectory_range__box_3.0,255,success,success,,0.23945946443447402,0.0
trajectory_range__box_3.0,256,success,success,,0.1604283893528309,0.0
trajectory_range__box_3.0,257,success,success,,0.15987634491812097,0.0
trajectory_range__box_3.0,258,success,success,,0.5232391562060352,0.0
trajectory_range__box_3.0,259,success,success,,0.3462359571127198,0.0
trajectory_range__box_3.0,260,success,success,,0.6476897503455323,0.0
trajectory_range__box_3.0,261,success,success,,0.11260790653889706,0.0
trajectory_range__box_3.0,262,success,success,,0.48839544353997444,0.0
trajectory_range__box_3.0,263,success,success,,0.38821851674095187,0.0
trajectory_range__box_3.0,264,success,success,,0.7351782063442126,0.0
trajectory_range__box_3.0,265,success,success,,0.10217174018705014,0.0
trajectory_range__box_3.0,266,success,success,,0.592973269535844,0.0
trajectory_range__box_3.0,267,success,success,,0.6013793730411425,0.0
trajectory_range__box_3.0,268,success,success,,0.6259574460757812,0.0
trajectory_range__box_3.0,269,success,success,,0.6185451187549901,0.0
trajectory_range__box_3.0,270,success,success,,0.30035746349614867,0.0
trajectory_range__box_3.0,271,success,success,,0.5142830550063705,0.0
trajectory_range__box_3.0,272,success,success,,0.5871163496718079,0.0
trajectory_range__box_3.0,273,success,success,,0.6679549804314207,0.0
trajectory_range__box_3.0,274,success,success,,0.3439718134537061,0.0
trajectory_range__box_3.0,275,success,success,,0.6357176353555398,0.0
trajectory_range__box_3.0,276,success,success,,0.7253340748824949,0.0
trajectory_range__box_3.0,277,success,success,,0.5127122014673458,0.0
trajectory_range__box_3.0,278,success,success,,0.4007913557260749,0.0
trajectory_range__box_3.0,279,success,success,,0.719355230019832,0.0
trajectory_range__box_3.0,280,success,success,,0.6502444793537739,0.0
trajectory_range__box_3.0,281,success,success,,0.5632355679004442,0.0
trajectory_range__box_3.0,282,success,success,,0.35936164496202916,0.0
trajectory_range__box_3.0,283,success,success,,0.42590273765345094,0.0
trajectory_range__box_3.0,284,success,success,,0.6255291206679482,0.0
trajectory_range__box_3.0,285,success,success,,0.4969929837442035,0.0
trajectory_range__box_3.0,286,success,success,,0.5678938368304773,0.0
trajectory_range__box_3.0,287,success,success,,0.7564762165509278,0.0
trajectory_range__box_3.0,288,success,success,,0.36864924109874064,0.0
trajectory_range__box_3.0,289,success,success,,0.524578220173564,0.0
trajectory_range__box_3.0,290,success,success,,0.4360494765868666,0.0
trajectory_range__box_3.0,291,success,success,,0.22712337461487941,0.0
trajectory_range__box_3.0,292,success,success,,0.5729932918720498,0.0
trajectory_range__box_3.0,293,success,success,,0.685756358810164,0.0
trajectory_range__box_3.0,294,success,success,,0.7028538087018683,0.0
trajectory_range__box_3.0,295,success,success,,0.7997902062703961,0.0
trajectory_range__box_3.0,296,success,success,,0.6465321878592962,0.0
trajectory_range__box_3.0,297,success,success,,0.5671239491011258,0.0
trajectory_range__box_3.0,298,success,success,,0.5882674049952037,0.0
trajectory_range__box_3.0,299,success,success,,0.40943881892740724,0.0
trajectory_range__box_3.0,300,success,success,,0.5743662202897069,0.0
trajectory_range__box_3.0,301,success,success,,0.7019624927826498,0.0
trajectory_range__box_3.0,302,success,success,,0.4800154820322028,0.0
trajectory_range__box_3.0,303,success,success,,0.2651743585782438,0.0
trajectory_range__box_3.0,304,success,success,,0.7236411850612788,0.0
trajectory_range__box_3.0,305,success,success,,0.7401443760475669,0.0
trajectory_range__box_3.0,306,success,success,,0.5077833423154139,0.0
trajectory_range__box_3.0,307,success,success,,0.30265018574768954,0.0
trajectory_range__box_3.0,308,success,success,,0.5679277628379279,0.0
trajectory_range__box_3.0,309,success,success,,0.40348073390243683,0.0
trajectory_range__box_3.0,310,success,success,,0.6647924262186755,0.0
trajectory_range__box_3.0,311,success,success,,0.7675870553938864,0.0
trajectory_range__box_3.0,312,success,success,,0.4132402810622188,0.0
trajectory_range__box_3.0,313,success,success,,0.49815307617306676,0.0
trajectory_range__box_3.0,314,success,success,,0.40021731246652287,0.0
trajectory_range__box_3.0,315,success,success,,0.5056255478200848,0.0
trajectory_range__box_3.0,316,success,success,,0.6340052691933271,0.0
trajectory_range__box_3.0,317,success,success,,0.5186064523624261,0.0
trajectory_range__box_3.0,318,success,success,,0.747316325880723,0.0
trajectory_range__box_3.0,319,success,success,,0.782650078776395,0.0
trajectory_range__box_3.0,320,success,success,,0.2876684133761739,0.0
trajectory_range__box_3.0,321,success,success,,0.4066974496550327,0.0
trajectory_range__box_3.0,322,success,success,,0.8258902743841969,0.0
trajectory_range__box_3.0,323,success,success,,0.6932952924729534,0.0
trajectory_range__box_3.0,324,success,success,,0.29595194744864617,0.0
trajectory_range__box_3.0,325,success,success,,0.6601130030451492,0.0
trajectory_range__box_3.0,326,success,success,,0.29122973051052203,0.0
trajectory_range__box_3.0,327,success,success,,0.46045768346221205,0.0
trajectory_range__box_3.0,328,success,success,,0.5860880224211112,0.0
trajectory_range__box_3.0,329,success,success,,0.5435350897080715,0.0
trajectory_range__box_3.0,330,success,success,,0.24144964737799884,0.0
trajectory_range__box_3.0,331,success,success,,0.24244073704213515,0.0
trajectory_range__box_3.0,332,success,success,,0.7947456940297313,0.0
trajectory_range__box_3.0,333,success,success,,0.8023661176211616,0.0
trajectory_range__box_3.0,334,success,success,,0.33947982535180554,0.0
trajectory_range__box_3.0,335,success,success,,0.6128719108717486,0.0
trajectory_range__box_3.0,336,success,success,,0.6163793467245412,0.0
trajectory_range__box_3.0,337,success,success,,0.4581279693136512,0.0
trajectory_range__box_3.0,338,success,success,,0.7797218252695238,0.0
trajectory_range__box_3.0,339,success,success,,0.436073571062964,0.0
trajectory_range__box_3.0,340,success,success,,0.7889442435857039,0.0
trajectory_range__box_3.0,341,success,success,,0.16043920048149932,0.0
trajectory_range__box_3.0,342,success,success,,0.5137106014194159,0.0
trajectory_range__box_3.0,343,success,success,,0.25519644456019175,0.0
trajectory_range__box_3.0,344,success,success,,0.4073795782866731,0.0
trajectory_range__box_3.0,345,success,success,,0.39398461982053334,0.0
trajectory_range__box_3.0,346,success,success,,0.6279198466506426,0.0
trajectory_range__box_3.0,347,success,success,,0.32602159404192205,0.0
trajectory_range__box_3.0,348,success,success,,0.5175980205007319,0.0
trajectory_range__box_3.0,349,success,success,,0.41522576059983307,0.0
trajectory_range__box_3.0,350,success,success,,0.33437157578248977,0.0
trajectory_range__box_3.0,351,success,success,,0.5418031842274034,0.0
trajectory_range__box_3.0,352,success,success,,0.47339610238093777,0.0
trajectory_range__box_3.0,353,success,success,,0.4174665178402699,0.0
trajectory_range__box_3.0,354,success,success,,0.7486384188344979,0.0
trajectory_range__box_3.0,355,success,success,,0.4182233775866655,0.0
trajectory_range__box_3.0,356,success,success,,0.46481036038200507,0.0
trajectory_range__box_3.0,357,success,success,,0.6838635296713341,0.0
trajectory_range__box_3.0,358,success,success,,0.2237780031245492,0.0
trajectory_range__box_3.0,359,success,success,,0.10878896743639138,0.0
trajectory_range__box_3.0,360,success,success,,0.5017325820133028,0.0
trajectory_range__box_3.0,361,success,success,,0.48499487270201574,0.0
trajectory_range__box_3.0,362,success,success,,0.8288598166890184,0.0
trajectory_range__box_3.0,363,success,success,,0.7433045882000132,0.0
trajectory_range__box_3.0,364,success,success,,0.5979909516322595,0.0
trajectory_range__box_3.0,365,success,success,,0.44056045010558265,0.0
trajectory_range__box_3.0,366,success,success,,0.2955599370559346,0.0
trajectory_range__box_3.0,367,success,success,,0.42018786688703635,0.0
trajectory_range__box_3.0,368,success,success,,0.5904936501643875,0.0
trajectory_range__box_3.0,369,success,success,,0.586531682236158,0.0
trajectory_range__box_3.0,370,success,success,,0.37205650203436025,0.0
trajectory_range__box_3.0,371,success,success,,0.7519301515843126,0.0
trajectory_range__box_3.0,372,success,success,,0.683809467621886,0.0
trajectory_range__box_3.0,373,success,success,,0.7340421634823052,0.0
trajectory_range__box_3.0,374,success,success,,0.7165467396307894,0.0
trajectory_range__box_3.0,375,success,success,,0.7081880993560856,0.0
trajectory_range__box_3.0,376,success,success,,0.23111971775796594,0.0
trajectory_range__box_3.0,377,success,success,,0.6839875490842825,0.0
trajectory_range__box_3.0,378,success,success,,0.753735913985446,0.0
trajectory_range__box_3.0,379,success,success,,0.5112650748440848,0.0
trajectory_range__box_3.0,380,success,success,,0.5303954516732445,0.0
trajectory_range__box_3.0,381,success,success,,0.5060900818153817,0.0
trajectory_range__box_3.0,382,success,success,,0.5736941054317837,0.0
trajectory_range__box_3.0,383,success,success,,0.5569134010066569,0.0
trajectory_range__box_3.0,384,success,success,,0.24037569640986195,0.0
trajectory_range__box_3.0,385,success,success,,0.4762982997195579,0.0
trajectory_range__box_3.0,386,success,success,,0.7738058387545181,0.0
trajectory_range__box_3.0,387,success,success,,0.2983245778746072,0.0
trajectory_range__box_3.0,388,success,success,,0.33197242525793097,0.0
trajectory_range__box_3.0,389,success,success,,0.4894406484847452,0.0
trajectory_range__box_3.0,390,success,success,,0.33116238420390753,0.0
trajectory_range__box_3.0,391,success,success,,0.33950521797391114,0.0
trajectory_range__box_3.0,392,success,success,,0.4046963426687625,0.0
trajectory_range__box_3.0,393,success,success,,0.415225316613255,0.0
trajectory_range__box_3.0,394,success,success,,0.7328511092821341,0.0
trajectory_range__box_3.0,395,success,success,,0.6096508313623115,0.0
trajectory_range__box_3.0,396,success,success,,0.7427586955947809,0.0
trajectory_range__box_3.0,397,success,success,,0.5857367121383306,0.0
trajectory_range__box_3.0,398,success,success,,0.5125518083147663,0.0
trajectory_range__box_3.0,399,success,success,,0.45003755734829504,0.0
trajectory_range__box_3.0,400,success,success,,0.2950252250700818,0.0
trajectory_range__box_3.0,401,success,success,,0.7696708825158074,0.0
trajectory_range__box_3.0,402,success,success,,0.3102237279023461,0.0
trajectory_range__box_3.0,403,success,success,,0.46645516270337894,0.0
trajectory_range__box_3.0,404,success,success,,0.7424394776785918,0.0
trajectory_range__box_3.0,405,success,success,,0.5273067008134549,0.0
trajectory_range__box_3.0,406,success,success,,0.7436959321988683,0.0
trajectory_range__box_3.0,407,success,success,,0.4648444392349637,0.0
trajectory_range__box_3.0,408,success,success,,0.8336703517625437,0.0
trajectory_range__box_3.0,409,success,success,,0.7745981134561615,0.0
trajectory_range__box_3.0,410,success,success,,0.7495627369784303,0.0
trajectory_range__box_3.0,411,success,success,,0.4002809899338177,0.0
trajectory_range__box_3.0,412,success,success,,0.725621365873977,0.0
trajectory_range__box_3.0,413,success,success,,0.618825194743254,0.0
trajectory_range__box_3.0,414,success,success,,0.440417695791911,0.0
trajectory_range__box_3.0,415,success,success,,0.7680908704044037,0.0
trajectory_range__box_3.0,416,success,success,,0.17244694538341593,0.0
trajectory_range__box_3.0,417,success,success,,0.5880935740417339,0.0
trajectory_range__box_3.0,418,success,success,,0.14700448692243998,0.0
trajectory_range__box_3.0,419,success,success,,0.40651048592143474,0.0
trajectory_range__box_3.0,420,success,success,,0.6057707693398261,0.0
trajectory_range__box_3.0,421,success,success,,0.20306032968490495,0.0
trajectory_range__box_3.0,422,success,success,,0.6001576063780586,0.0
trajectory_range__box_3.0,423,success,success,,0.21897731890667638,0.0
trajectory_range__box_3.0,424,success,success,,0.5540797263896983,0.0
trajectory_range__box_3.0,425,success,success,,0.5426942811808182,0.0
trajectory_range__box_3.0,426,success,success,,0.08679530449984879,0.0
trajectory_range__box_3.0,427,success,success,,0.27706785578790044,0.0
trajectory_range__box_3.0,428,success,success,,0.6700331702347719,0.0
trajectory_range__box_3.0,429,success,success,,0.2318751319143832,0.0
trajectory_range__box_3.0,430,success,success,,0.27814150726567194,0.0
trajectory_range__box_3.0,431,success,success,,0.6788037923882119,0.0
trajectory_range__box_3.0,432,success,success,,0.4265799670364119,0.0
trajectory_range__box_3.0,433,success,success,,0.5310343381690824,0.0
trajectory_range__box_3.0,434,success,success,,0.4450564006661472,0.0
trajectory_range__box_3.0,435,success,success,,0.6856989756558152,0.0
trajectory_range__box_3.0,436,success,success,,0.2751273543693199,0.0
trajectory_range__box_3.0,437,success,success,,0.6621551677622974,0.0
trajectory_range__box_3.0,438,success,success,,0.5438119965411838,0.0
trajectory_range__box_3.0,439,success,success,,0.7303906470725785,0.0
trajectory_range__box_3.0,440,success,success,,0.31262835987142523,0.0
trajectory_range__box_3.0,441,success,success,,0.8082760473966439,0.0
trajectory_range__box_3.0,442,success,success,,0.4088484170485563,0.0
trajectory_range__box_3.0,443,success,success,,0.4525883409840532,0.0
trajectory_range__box_3.0,444,success,success,,0.39368882627502944,0.0
trajectory_range__box_3.0,445,success,success,,0.7380071828783744,0.0
trajectory_range__box_3.0,446,success,success,,0.42202633659791555,0.0
trajectory_range__box_3.0,447,success,success,,0.2844774163285945,0.0
trajectory_range__box_3.0,448,success,success,,0.20858672604325948,0.0
trajectory_range__box_3.0,449,success,success,,0.540398847730534,0.0
trajectory_range__box_3.0,450,success,success,,0.6019715413479221,0.0
trajectory_range__box_3.0,451,success,success,,0.6790081497000157,0.0
trajectory_range__box_3.0,452,success,success,,0.47184516638760426,0.0
trajectory_range__box_3.0,453,success,success,,0.43632435716810775,0.0
trajectory_range__box_3.0,454,success,success,,0.6994305798810992,0.0
trajectory_range__box_3.0,455,success,success,,0.35523128790891323,0.0
trajectory_range__box_3.0,456,success,success,,0.7056037610459559,0.0
trajectory_range__box_3.0,457,success,success,,0.5094346391705314,0.0
trajectory_range__box_3.0,458,success,success,,0.30777817186550616,0.0
trajectory_range__box_3.0,459,success,success,,0.7552257043711408,0.0
trajectory_range__box_3.0,460,success,success,,0.4360278752306087,0.0
trajectory_range__box_3.0,461,success,success,,0.7896377974221614,0.0
trajectory_range__box_3.0,462,success,success,,0.5983539741196774,0.0
trajectory_range__box_3.0,463,success,success,,0.5578820441239211,0.0
trajectory_range__box_3.0,464,success,success,,0.6515986308503942,0.0
trajectory_range__box_3.0,465,success,success,,0.29072759710955404,0.0
trajectory_range__box_3.0,466,success,success,,0.39266805165195806,0.0
trajectory_range__box_3.0,467,success,success,,0.28852950134635,0.0
trajectory_range__box_3.0,468,success,success,,0.8100866336300601,0.0
trajectory_range__box_3.0,469,success,success,,0.6846291852097974,0.0
trajectory_range__box_3.0,470,success,success,,0.8428411912440888,0.0
trajectory_range__box_3.0,471,success,success,,0.611489148052628,0.0
trajectory_range__box_3.0,472,success,success,,0.547524678827309,0.0
trajectory_range__box_3.0,473,success,success,,0.6966201245420675,0.0
trajectory_range__box_3.0,474,success,success,,0.2904814138107133,0.0
trajectory_range__box_3.0,475,success,success,,0.3855550078576029,0.0
trajectory_range__box_3.0,476,success,success,,0.7538255625902467,0.0
trajectory_range__box_3.0,477,success,success,,0.5244343873214836,0.0
trajectory_range__box_3.0,478,success,success,,0.40213552342875447,0.0
trajectory_range__box_3.0,479,success,success,,0.3696087696656689,0.0
trajectory_range__box_3.0,480,success,success,,0.8108817468386142,0.0
trajectory_range__box_3.0,481,success,success,,0.377787557526392,0.0
trajectory_range__box_3.0,482,success,success,,0.5303355689813141,0.0
trajectory_range__box_3.0,483,success,success,,0.47415858058142063,0.0
trajectory_range__box_3.0,484,success,success,,0.383918499624346,0.0
trajectory_range__box_3.0,485,success,success,,0.6320852495621788,0.0
trajectory_range__box_3.0,486,success,success,,0.7546591122416626,0.0
trajectory_range__box_3.0,487,success,success,,0.3014439908336404,0.0
trajectory_range__box_3.0,488,success,success,,0.6178864240093429,0.0
trajectory_range__box_3.0,489,success,success,,0.10493467854184373,0.0
trajectory_range__box_3.0,490,success,success,,0.7433030413319445,0.0
trajectory_range__box_3.0,491,success,success,,0.4190029374401958,0.0
trajectory_range__box_3.0,492,success,success,,0.4510168385915675,0.0
trajectory_range__box_3.0,493,success,success,,0.7316630218498523,0.0
trajectory_range__box_3.0,494,success,success,,0.6169513025078631,0.0
trajectory_range__box_3.0,495,success,success,,0.778512957482227,0.0
trajectory_range__box_3.0,496,success,success,,0.4471602550677248,0.0
trajectory_range__box_3.0,497,success,success,,0.7538885565549391,0.0
trajectory_range__box_3.0,498,success,success,,0.4854789167230718,0.0
trajectory_range__box_3.0,499,success,success,,0.6357225281124811,0.0
trajectory_range__box_3.0,500,success,success,,0.269294533039561,0.0
trajectory_range__box_3.0,501,success,success,,0.643281228802119,0.0
trajectory_range__box_3.0,502,success,success,,0.5031332038252843,0.0
trajectory_range__box_3.0,503,success,success,,0.42552297803173433,0.0
trajectory_range__box_3.0,504,success,success,,0.679193967745103,0.0
trajectory_range__box_3.0,505,success,success,,0.5643632147837141,0.0
trajectory_range__box_3.0,506,success,success,,0.61231272277994,0.0
trajectory_range__box_3.0,507,success,success,,0.4699991596350055,0.0
trajectory_range__box_3.0,508,success,success,,0.4572091086524897,0.0
trajectory_range__box_3.0,509,success,success,,0.7464005094198172,0.0
trajectory_range__box_3.0,510,success,success,,0.36811408550153957,0.0
trajectory_range__box_3.0,511,success,success,,0.7572817835833113,0.0
trajectory_range__box_3.0,512,success,success,,0.6527522641477091,0.0
trajectory_range__box_3.0,513,success,success,,0.46892025220672306,0.0
trajectory_range__box_3.0,514,success,success,,0.6033195873368454,0.0
trajectory_range__box_3.0,515,success,success,,0.25018793832635844,0.0
trajectory_range__box_3.0,516,success,success,,0.455097642177556,0.0
trajectory_range__box_3.0,517,success,success,,0.43080898652526,0.0
trajectory_range__box_3.0,518,success,success,,0.5905521253147984,0.0
trajectory_range__box_3.0,519,success,success,,0.5340613757457028,0.0
trajectory_range__box_3.0,520,success,success,,0.7250782583829776,0.0
trajectory_range__box_3.0,521,success,success,,0.6243547264324973,0.0
trajectory_range__box_3.0,522,success,success,,0.544799608212486,0.0
trajectory_range__box_3.0,523,success,success,,0.6485578304818432,0.0
trajectory_range__box_3.0,524,success,success,,0.30947290148609097,0.0
trajectory_range__box_3.0,525,success,success,,0.6976779409931821,0.0
trajectory_range__box_3.0,526,success,success,,0.6515504049221233,0.0
trajectory_range__box_3.0,527,success,success,,0.4468278611942274,0.0
trajectory_range__box_3.0,528,success,success,,0.6165796359796514,0.0
trajectory_range__box_3.0,529,success,success,,0.822508054482222,0.0
trajectory_range__box_3.0,530,success,success,,0.4870826265869952,0.0
trajectory_range__box_3.0,531,success,success,,0.6506200138961301,0.0
trajectory_range__box_3.0,532,success,success,,0.7477744360653592,0.0
trajectory_range__box_3.0,533,success,success,,0.4120590542706925,0.0
trajectory_range__box_3.0,534,success,success,,0.6999778515544811,0.0
trajectory_range__box_3.0,535,success,success,,0.6316207106792269,0.0
trajectory_range__box_3.0,536,success,success,,0.4332413755907659,0.0
trajectory_range__box_3.0,537,success,success,,0.5470928193668183,0.0
trajectory_range__box_3.0,538,success,success,,0.5463909574927541,0.0
trajectory_range__box_3.0,539,success,success,,0.40672740208422015,0.0
trajectory_range__box_3.0,540,success,success,,0.7160120500832283,0.0
trajectory_range__box_3.0,541,success,success,,0.4401739109962748,0.0
trajectory_range__box_3.0,542,success,success,,0.7148617732448219,0.0
trajectory_range__box_3.0,543,success,success,,0.49822632888262186,0.0
trajectory_range__box_3.0,544,success,success,,0.7988851878988452,0.0
trajectory_range__box_3.0,545,success,success,,0.24907332130279414,0.0
trajectory_range__box_3.0,546,success,success,,0.6298690894800572,0.0
trajectory_range__box_3.0,547,success,success,,0.22898234298656697,0.0
trajectory_range__box_3.0,548,success,success,,0.7467679055719821,0.0
trajectory_range__box_3.0,549,success,success,,0.1754194728929319,0.0
trajectory_range__box_3.0,550,success,success,,0.7524978753967713,0.0
trajectory_range__box_3.0,551,success,success,,0.5642883072658011,0.0
trajectory_range__box_3.0,552,success,success,,0.3953688657519747,0.0
trajectory_range__box_3.0,553,success,success,,0.4366231895225136,0.0
trajectory_range__box_3.0,554,success,success,,0.6219656455644778,0.0
trajectory_range__box_3.0,555,success,success,,0.4424734588535626,0.0
trajectory_range__box_3.0,556,success,success,,0.35893564793854565,0.0
trajectory_range__box_3.0,557,success,success,,0.6713735521782146,0.0
trajectory_range__box_3.0,558,success,success,,0.5773862677241126,0.0
trajectory_range__box_3.0,559,success,success,,0.7656238401739076,0.0
trajectory_range__box_3.0,560,success,success,,0.4982846081936816,0.0
trajectory_range__box_3.0,561,success,success,,0.5000982638885235,0.0
trajectory_range__box_3.0,562,success,success,,0.5894699794130857,0.0
trajectory_range__box_3.0,563,success,success,,0.6132338671894842,0.0
trajectory_range__box_3.0,564,success,success,,0.6680491732260863,0.0
trajectory_range__box_3.0,565,success,success,,0.6789056226645757,0.0
trajectory_range__box_3.0,566,success,success,,0.7519256793467455,0.0
trajectory_range__box_3.0,567,success,success,,0.6092865098398471,0.0
trajectory_range__box_3.0,568,success,success,,0.3566030436968045,0.0
trajectory_range__box_3.0,569,success,success,,0.21076841980142885,0.0
trajectory_range__box_3.0,570,success,success,,0.5937922978426308,0.0
trajectory_range__box_3.0,571,success,success,,0.6099232752005549,0.0
trajectory_range__box_3.0,572,success,success,,0.5383255727037275,0.0
trajectory_range__box_3.0,573,success,success,,0.7109545549127284,0.0
trajectory_range__box_3.0,574,success,success,,0.3691806569528782,0.0
trajectory_range__box_3.0,575,success,success,,0.09011469647730797,0.0
trajectory_range__box_3.0,576,success,success,,0.6809823394769332,0.0
trajectory_range__box_3.0,577,success,success,,0.718343526515145,0.0
trajectory_range__box_3.0,578,success,success,,0.7147215220394871,0.0
trajectory_range__box_3.0,579,success,success,,0.47520890921678843,0.0
trajectory_range__box_3.0,580,success,success,,0.40096697227243605,0.0
trajectory_range__box_3.0,581,success,success,,0.43783806053722824,0.0
trajectory_range__box_3.0,582,success,success,,0.08070252615793083,0.0
trajectory_range__box_3.0,583,success,success,,0.5889540971802807,0.0
trajectory_range__box_3.0,584,success,success,,0.7125992136404489,0.0
trajectory_range__box_3.0,585,success,success,,0.4696367096133434,0.0
trajectory_range__box_3.0,586,success,success,,0.30113708744958634,0.0
trajectory_range__box_3.0,587,success,success,,0.6603021864271411,0.0
trajectory_range__box_3.0,588,success,success,,0.6542247904493053,0.0
trajectory_range__box_3.0,589,success,success,,0.7246577079935383,0.0
trajectory_range__box_3.0,590,success,success,,0.3361524694965409,0.0
trajectory_range__box_3.0,591,success,success,,0.7366115420811569,0.0
trajectory_range__box_3.0,592,success,success,,0.7894053388409066,0.0
trajectory_range__box_3.0,593,success,success,,0.32492342699891785,0.0
trajectory_range__box_3.0,594,success,success,,0.369206792255407,0.0
trajectory_range__box_3.0,595,success,success,,0.7892395350274908,0.0
trajectory_range__box_3.0,596,success,success,,0.8147369126765572,0.0
trajectory_range__box_3.0,597,success,success,,0.471441037606663,0.0
trajectory_range__box_3.0,598,success,success,,0.6201992482742184,0.0
trajectory_range__box_3.0,599,success,success,,0.3528249913147792,0.0
trajectory_range__box_3.0,600,success,success,,0.3753339970485543,0.0
trajectory_range__box_3.0,601,success,success,,0.33108635055241215,0.0
trajectory_range__box_3.0,602,success,success,,0.32135172410940427,0.0
trajectory_range__box_3.0,603,success,success,,0.5150503974940037,0.0
trajectory_range__box_3.0,604,success,success,,0.6364498162070038,0.0
trajectory_range__box_3.0,605,success,success,,0.5893094207502501,0.0
trajectory_range__box_3.0,606,success,success,,0.47443416884611767,0.0
trajectory_range__box_3.0,607,success,success,,0.7498413235008903,0.0
trajectory_range__box_3.0,608,success,success,,0.4523796662613459,0.0
trajectory_range__box_3.0,609,success,success,,0.30745677883205264,0.0
trajectory_range__box_3.0,610,success,success,,0.5687330798562313,0.0
trajectory_range__box_3.0,611,success,success,,0.6373361931769956,0.0
trajectory_range__box_3.0,612,success,success,,0.35450415587389245,0.0
trajectory_range__box_3.0,613,success,success,,0.19176134271137865,0.0
trajectory_range__box_3.0,614,success,success,,0.7086428166465213,0.0
trajectory_range__box_3.0,615,success,success,,0.6129038206846292,0.0
trajectory_range__box_3.0,616,success,success,,0.3434383325208378,0.0
trajectory_range__box_3.0,617,success,success,,0.5678822712058086,0.0
trajectory_range__box_3.0,618,success,success,,0.3761879247847098,0.0
trajectory_range__box_3.0,619,success,success,,0.8041546909582493,0.0
trajectory_range__box_3.0,620,success,success,,0.6188184127670736,0.0
trajectory_range__box_3.0,621,success,success,,0.7275642909582352,0.0
trajectory_range__box_3.0,622,success,success,,0.7783644762544817,0.0
trajectory_range__box_3.0,623,success,success,,0.7342558287182457,0.0
trajectory_range__box_3.0,624,success,success,,0.42989219833159503,0.0
trajectory_range__box_3.0,625,success,success,,0.6676458911272566,0.0
trajectory_range__box_3.0,626,success,success,,0.17388050077080355,0.0
trajectory_range__box_3.0,627,success,success,,0.39088328591648297,0.0
trajectory_range__box_3.0,628,success,success,,0.7022365950121789,0.0
trajectory_range__box_3.0,629,success,success,,0.47565353726575,0.0
trajectory_range__box_3.0,630,success,success,,0.7972872761900088,0.0
trajectory_range__box_3.0,631,success,success,,0.7425120210157014,0.0
trajectory_range__box_3.0,632,success,success,,0.35610853676450893,0.0
trajectory_range__box_3.0,633,success,success,,0.7700654896973539,0.0
trajectory_range__box_3.0,634,success,success,,0.6019398439567469,0.0
trajectory_range__box_3.0,635,success,success,,0.6426490121985793,0.0
trajectory_range__box_3.0,636,success,success,,0.6336516122849614,0.0
trajectory_range__box_3.0,637,success,success,,0.7844838819067639,0.0
trajectory_range__box_3.0,638,success,success,,0.7638140588788658,0.0
trajectory_range__box_3.0,639,success,success,,0.6808592244405371,0.0
trajectory_range__box_3.0,640,success,success,,0.5232955782239719,0.0
trajectory_range__box_3.0,641,success,success,,0.6761194869762766,0.0
trajectory_range__box_3.0,642,success,success,,0.556416139497332,0.0
trajectory_range__box_3.0,643,success,success,,0.4104205199767989,0.0
trajectory_range__box_3.0,644,success,success,,0.7761980658085862,0.0
trajectory_range__box_3.0,645,success,success,,0.4894787905123448,0.0
trajectory_range__box_3.0,646,success,success,,0.28301839340474394,0.0
trajectory_range__box_3.0,647,success,success,,0.6006474200220125,0.0
trajectory_range__box_3.0,648,success,success,,0.28059803101990755,0.0
trajectory_range__box_3.0,649,success,success,,0.6529637950557862,0.0
trajectory_range__box_3.0,650,success,success,,0.16041035301156456,0.0
trajectory_range__box_3.0,651,success,success,,0.26327916032342236,0.0
trajectory_range__box_3.0,652,success,success,,0.439392776478716,0.0
trajectory_range__box_3.0,653,success,success,,0.23598444475227795,0.0
trajectory_range__box_3.0,654,success,success,,0.7198427280251447,0.0
trajectory_range__box_3.0,655,success,success,,0.39007766933204724,0.0
trajectory_range__box_3.0,656,success,success,,0.16040707268542273,0.0
trajectory_range__box_3.0,657,success,success,,0.5721673820155248,0.0
trajectory_range__box_3.0,658,success,success,,0.6279747498468026,0.0
trajectory_range__box_3.0,659,success,success,,0.45056096346019836,0.0
trajectory_range__box_3.0,660,success,success,,0.7924161470641414,0.0
trajectory_range__box_3.0,661,success,success,,0.7170093673426434,0.0
trajectory_range__box_3.0,662,success,success,,0.3867412433835527,0.0
trajectory_range__box_3.0,663,success,success,,0.3678536784463272,0.0
trajectory_range__box_3.0,664,success,success,,0.8119721301773223,0.0
trajectory_range__box_3.0,665,success,success,,0.3261605858646013,0.0
trajectory_range__box_3.0,666,success,success,,0.6018861274362252,0.0
trajectory_range__box_3.0,667,success,success,,0.16357488736459433,0.0
trajectory_range__box_3.0,668,success,success,,0.5048304169201139,0.0
trajectory_range__box_3.0,669,success,success,,0.6535698977643395,0.0
trajectory_range__box_3.0,670,success,success,,0.5585337695486057,0.0
trajectory_range__box_3.0,671,success,success,,0.7056687205118837,0.0
trajectory_range__box_3.0,672,success,success,,0.6546300092308804,0.0
trajectory_range__box_3.0,673,success,success,,0.6909745530998318,0.0
trajectory_range__box_3.0,674,success,success,,0.7180237155861834,0.0
trajectory_range__box_3.0,675,success,success,,0.7252110066834443,0.0
trajectory_range__box_3.0,676,success,success,,0.710650791063749,0.0
trajectory_range__box_3.0,677,success,success,,0.79939649397404,0.0
trajectory_range__box_3.0,678,success,success,,0.7435724214205166,0.0
trajectory_range__box_3.0,679,success,success,,0.7605484076089654,0.0
trajectory_range__box_3.0,680,success,success,,0.6642430001650519,0.0
trajectory_range__box_3.0,681,success,success,,0.5122048929325007,0.0
trajectory_range__box_3.0,682,success,success,,0.8160919716911573,0.0
trajectory_range__box_3.0,683,success,success,,0.6078948678487028,0.0
trajectory_range__box_3.0,684,success,success,,0.06706173912443468,0.0
trajectory_range__box_3.0,685,success,success,,0.6414303729553134,0.0
trajectory_range__box_3.0,686,success,success,,0.7126670616255536,0.0
trajectory_range__box_3.0,687,success,success,,0.42584507087130513,0.0
trajectory_range__box_3.0,688,success,success,,0.18107238094386108,0.0
trajectory_range__box_3.0,689,success,success,,0.5541729721033977,0.0
trajectory_range__box_3.0,690,success,success,,0.617915086670529,0.0
trajectory_range__box_3.0,691,success,success,,0.5993322843289238,0.0
trajectory_range__box_3.0,692,success,success,,0.27488830513321283,0.0
trajectory_range__box_3.0,693,success,success,,0.38868361618351777,0.0
trajectory_range__box_3.0,694,success,success,,0.3217053639537123,0.0
trajectory_range__box_3.0,695,success,success,,0.754000279597168,0.0
trajectory_range__box_3.0,696,success,success,,0.6020910585332593,0.0
trajectory_range__box_3.0,697,success,success,,0.7659844051406717,0.0
trajectory_range__box_3.0,698,success,success,,0.3378654836083903,0.0
trajectory_range__box_3.0,699,success,success,,0.18365962928945487,0.0
trajectory_range__box_3.0,700,success,success,,0.3858926287265199,0.0
trajectory_range__box_3.0,701,success,success,,0.26673415671489875,0.0
trajectory_range__box_3.0,702,success,success,,0.3069154049505174,0.0
trajectory_range__box_3.0,703,success,success,,0.739388744019778,0.0
trajectory_range__box_3.0,704,success,success,,0.7778547992360276,0.0
trajectory_range__box_3.0,705,success,success,,0.365975485913715,0.0
trajectory_range__box_3.0,706,success,success,,0.2719366010451199,0.0
trajectory_range__box_3.0,707,success,success,,0.4845920456252466,0.0
trajectory_range__box_3.0,708,success,success,,0.7520523424197285,0.0
trajectory_range__box_3.0,709,success,success,,0.8038545711227024,0.0
trajectory_range__box_3.0,710,success,success,,0.40185629145788554,0.0
trajectory_range__box_3.0,711,success,success,,0.5724135395666067,0.0
trajectory_range__box_3.0,712,success,success,,0.7084584607187127,0.0
trajectory_range__box_3.0,713,success,success,,0.6571036460067068,0.0
trajectory_range__box_3.0,714,success,success,,0.6002878238746815,0.0
trajectory_range__box_3.0,715,success,success,,0.42481977420565786,0.0
trajectory_range__box_3.0,716,success,success,,0.3608987795365115,0.0
trajectory_range__box_3.0,717,success,success,,0.5482420609042916,0.0
trajectory_range__box_3.0,718,success,success,,0.5890578419779539,0.0
trajectory_range__box_3.0,719,success,success,,0.6242780015469414,0.0
trajectory_range__box_3.0,720,success,success,,0.7712529868875495,0.0
trajectory_range__box_3.0,721,success,success,,0.6808270236397573,0.0
trajectory_range__box_3.0,722,success,success,,0.5894137906973201,0.0
trajectory_range__box_3.0,723,success,success,,0.08713842113012885,0.0
trajectory_range__box_3.0,724,success,success,,0.8183196910301923,0.0
trajectory_range__box_3.0,725,success,success,,0.7291392790539458,0.0
trajectory_range__box_3.0,726,success,success,,0.7813572246909493,0.0
trajectory_range__box_3.0,727,success,success,,0.6016579099261513,0.0
trajectory_range__box_3.0,728,success,success,,0.5975581805350149,0.0
trajectory_range__box_3.0,729,success,success,,0.36527329796670077,0.0
trajectory_range__box_3.0,730,success,success,,0.41506927167306845,0.0
trajectory_range__box_3.0,731,success,success,,0.43772560370626656,0.0
trajectory_range__box_3.0,732,success,success,,0.19211743463918174,0.0
trajectory_range__box_3.0,733,success,success,,0.3330711041922001,0.0
trajectory_range__box_3.0,734,success,success,,0.7166446389728108,0.0
trajectory_range__box_3.0,735,success,success,,0.6416564660001778,0.0
trajectory_range__box_3.0,736,success,success,,0.1582579315080256,0.0
trajectory_range__box_3.0,737,success,success,,0.42552888724923404,0.0
trajectory_range__box_3.0,738,success,success,,0.18979797631241505,0.0
trajectory_range__box_3.0,739,success,success,,0.46494708614921854,0.0
trajectory_range__box_3.0,740,success,success,,0.5426587449081821,0.0
trajectory_range__box_3.0,741,success,success,,0.7228542743456134,0.0
trajectory_range__box_3.0,742,success,success,,0.32281385450077493,0.0
trajectory_range__box_3.0,743,success,success,,0.3535338233491367,0.0
trajectory_range__box_3.0,744,success,success,,0.7255345846013485,0.0
trajectory_range__box_3.0,745,success,success,,0.3396642158132424,0.0
trajectory_range__box_3.0,746,success,success,,0.6057277412243517,0.0
trajectory_range__box_3.0,747,success,success,,0.24804660235613435,0.0
trajectory_range__box_3.0,748,success,success,,0.7681505034646403,0.0
trajectory_range__box_3.0,749,success,success,,0.3684796223578629,0.0
trajectory_range__box_3.0,750,success,success,,0.2197664234082162,0.0
trajectory_range__box_3.0,751,success,success,,0.6950510057131116,0.0
trajectory_range__box_3.0,752,success,success,,0.5273936679185054,0.0
trajectory_range__box_3.0,753,success,success,,0.5174008345430645,0.0
trajectory_range__box_3.0,754,success,success,,0.5733426131822809,0.0
trajectory_range__box_3.0,755,success,success,,0.7491123706588728,0.0
trajectory_range__box_3.0,756,success,success,,0.4735513395099398,0.0
trajectory_range__box_3.0,757,success,success,,0.4452812455795818,0.0
trajectory_range__box_3.0,758,success,success,,0.6705321672933919,0.0
trajectory_range__box_3.0,759,success,success,,0.6508073663743816,0.0
trajectory_range__box_3.0,760,success,success,,0.36172645005377524,0.0
trajectory_range__box_3.0,761,success,success,,0.6502773379664398,0.0
trajectory_range__box_3.0,762,success,success,,0.5116131089290595,0.0
trajectory_range__box_3.0,763,success,success,,0.706837083873437,0.0
trajectory_range__box_3.0,764,success,success,,0.7925625709094177,0.0
trajectory_range__box_3.0,765,success,success,,0.11054055961563401,0.0
trajectory_range__box_3.0,766,success,success,,0.642648470339312,0.0
trajectory_range__box_3.0,767,success,success,,0.6258841491458109,0.0
trajectory_range__box_3.0,768,success,success,,0.15714858923782118,0.0
trajectory_range__box_3.0,769,success,success,,0.7482768795530323,0.0
trajectory_range__box_3.0,770,success,success,,0.776614088910281,0.0
trajectory_range__box_3.0,771,success,success,,0.206086353050706,0.0
trajectory_range__box_3.0,772,success,success,,0.5717677836471061,0.0
trajectory_range__box_3.0,773,success,success,,0.46314866945714966,0.0
trajectory_range__box_3.0,774,success,success,,0.7281503863083987,0.0
trajectory_range__box_3.0,775,success,success,,0.5017076648962528,0.0
trajectory_range__box_3.0,776,success,success,,0.4662679380680098,0.0
trajectory_range__box_3.0,777,success,success,,0.7263928973145417,0.0
trajectory_range__box_3.0,778,success,success,,0.7452663358136461,0.0
trajectory_range__box_3.0,779,success,success,,0.6278423413442986,0.0
trajectory_range__box_3.0,780,success,success,,0.4580217131958021,0.0
trajectory_range__box_3.0,781,success,success,,0.3001870669188551,0.0
trajectory_range__box_3.0,782,success,success,,0.712603216809182,0.0
trajectory_range__box_3.0,783,success,success,,0.639341918865292,0.0
trajectory_range__box_3.0,784,success,success,,0.5954275100089012,0.0
trajectory_range__box_3.0,785,success,success,,0.7655226299808423,0.0
trajectory_range__box_3.0,786,success,success,,0.03324500132523489,0.0
trajectory_range__box_3.0,787,success,success,,0.6588310415570544,0.0
trajectory_range__box_3.0,788,success,success,,0.3555238055315914,0.0
trajectory_range__box_3.0,789,success,success,,0.691793487617325,0.0
trajectory_range__box_3.0,790,success,success,,0.5692812342816277,0.0
trajectory_range__box_3.0,791,success,success,,0.7140965522718963,0.0
trajectory_range__box_3.0,792,success,success,,0.7081664844202876,0.0
trajectory_range__box_3.0,793,success,success,,0.7552925783248576,0.0
trajectory_range__box_3.0,794,success,success,,0.41263441002820905,0.0
trajectory_range__box_3.0,795,success,success,,0.4714908190986386,0.0
trajectory_range__box_3.0,796,success,success,,0.43490956544129494,0.0
trajectory_range__box_3.0,797,success,success,,0.7251431236852094,0.0
trajectory_range__box_3.0,798,success,success,,0.6468601091109129,0.0
trajectory_range__box_3.0,799,success,success,,0.6250689220827665,0.0
trajectory_range__box_3.0,800,success,success,,0.2812860892969685,0.0
trajectory_range__box_3.0,801,success,success,,0.6554262929113465,0.0
trajectory_range__box_3.0,802,success,success,,0.49855102970213616,0.0
trajectory_range__box_3.0,803,success,success,,0.475345105687442,0.0
trajectory_range__box_3.0,804,success,success,,0.30876110491298303,0.0
trajectory_range__box_3.0,805,success,success,,0.7429181918235908,0.0
trajectory_range__box_3.0,806,success,success,,0.6433429862638024,0.0
trajectory_range__box_3.0,807,success,success,,0.590113956810956,0.0
trajectory_range__box_3.0,808,success,success,,0.7751021633887435,0.0
trajectory_range__box_3.0,809,success,success,,0.39811322511934255,0.0
trajectory_range__box_3.0,810,success,success,,0.5914196737485881,0.0
trajectory_range__box_3.0,811,success,success,,0.5625535700800096,0.0
trajectory_range__box_3.0,812,success,success,,0.35158418812613673,0.0
trajectory_range__box_3.0,813,success,success,,0.2050479752317599,0.0
trajectory_range__box_3.0,814,success,success,,0.639587973224766,0.0
trajectory_range__box_3.0,815,success,success,,0.5528162441170442,0.0
trajectory_range__box_3.0,816,success,success,,0.4512905880067617,0.0
trajectory_range__box_3.0,817,success,success,,0.5970882586873,0.0
trajectory_range__box_3.0,818,success,success,,0.5095274307850937,0.0
trajectory_range__box_3.0,819,success,success,,0.18417207227227467,0.0
trajectory_range__box_3.0,820,success,success,,0.6126357585055924,0.0
trajectory_range__box_3.0,821,success,success,,0.2039613877447106,0.0
trajectory_range__box_3.0,822,success,success,,0.6290455129633918,0.0
trajectory_range__box_3.0,823,success,success,,0.6130818026101862,0.0
trajectory_range__box_3.0,824,success,success,,0.3527061835294956,0.0
trajectory_range__box_3.0,825,success,success,,0.5712672432542232,0.0
trajectory_range__box_3.0,826,success,success,,0.692326722298374,0.0
trajectory_range__box_3.0,827,success,success,,0.5359534120557328,0.0
trajectory_range__box_3.0,828,success,success,,0.2350380441199712,0.0
trajectory_range__box_3.0,829,success,success,,0.332197085724631,0.0
trajectory_range__box_3.0,830,success,success,,0.5699043252143218,0.0
trajectory_range__box_3.0,831,success,success,,0.4782471095802656,0.0
trajectory_range__box_3.0,832,success,success,,0.5822992410548125,0.0
trajectory_range__box_3.0,833,success,success,,0.6181243038471933,0.0
trajectory_range__box_3.0,834,success,success,,0.5819844721893402,0.0
trajectory_range__box_3.0,835,success,success,,0.37930676573694344,0.0
trajectory_range__box_3.0,836,success,success,,0.7164554645767047,0.0
trajectory_range__box_3.0,837,success,success,,0.677236243890042,0.0
trajectory_range__box_3.0,838,success,success,,0.6074172329923088,0.0
trajectory_range__box_3.0,839,success,success,,0.4785930541003337,0.0
trajectory_range__box_3.0,840,success,success,,0.7167121848708623,0.0
trajectory_range__box_3.0,841,success,success,,0.696106041836454,0.0
trajectory_range__box_3.0,842,success,success,,0.5573148736934871,0.0
trajectory_range__box_3.0,843,success,success,,0.28990416732957025,0.0
trajectory_range__box_3.0,844,success,success,,0.7634802897501805,0.0
trajectory_range__box_3.0,845,success,success,,0.5276221945471621,0.0
trajectory_range__box_3.0,846,success,success,,0.27421620202360003,0.0
trajectory_range__box_3.0,847,success,success,,0.574109143187219,0.0
trajectory_range__box_3.0,848,success,success,,0.5342350305433015,0.0
trajectory_range__box_3.0,849,success,success,,0.5238851122401966,0.0
trajectory_range__box_3.0,850,success,success,,0.4631974964746975,0.0
trajectory_range__box_3.0,851,success,success,,0.3452180965852104,0.0
trajectory_range__box_3.0,852,success,success,,0.7501231955144136,0.0
trajectory_range__box_3.0,853,success,success,,0.44831316413275335,0.0
trajectory_range__box_3.0,854,success,success,,0.7111924839294657,0.0
trajectory_range__box_3.0,855,success,success,,0.7239624901224329,0.0
trajectory_range__box_3.0,856,success,success,,0.6362431975428017,0.0
trajectory_range__box_3.0,857,success,success,,0.11191937686879491,0.0
trajectory_range__box_3.0,858,success,success,,0.7129094618160817,0.0
trajectory_range__box_3.0,859,success,success,,0.5887959136693546,0.0
trajectory_range__box_3.0,860,success,success,,0.37785195516015213,0.0
trajectory_range__box_3.0,861,success,success,,0.1383943607774974,0.0
trajectory_range__box_3.0,862,success,success,,0.7030628517638962,0.0
trajectory_range__box_3.0,863,success,success,,0.7813653074910994,0.0
trajectory_range__box_3.0,864,success,success,,0.39848544098593774,0.0
trajectory_range__box_3.0,865,success,success,,0.5808652937940509,0.0
trajectory_range__box_3.0,866,success,success,,0.6437982788885815,0.0
trajectory_range__box_3.0,867,success,success,,0.5175052304611774,0.0
trajectory_range__box_3.0,868,success,success,,0.254600158687906,0.0
trajectory_range__box_3.0,869,success,success,,0.7536285174692084,0.0
trajectory_range__box_3.0,870,success,success,,0.3369056286373846,0.0
trajectory_range__box_3.0,871,success,success,,0.6766023932092305,0.0
trajectory_range__box_3.0,872,success,success,,0.5214977631300922,0.0
trajectory_range__box_3.0,873,success,success,,0.09151952264618582,0.0
trajectory_range__box_3.0,874,success,success,,0.5909198351470251,0.0
trajectory_range__box_3.0,875,success,success,,0.14012424796324194,0.0
trajectory_range__box_3.0,876,success,success,,0.21243904165030908,0.0
trajectory_range__box_3.0,877,success,success,,0.38345607026159984,0.0
trajectory_range__box_3.0,878,success,success,,0.23389099060069596,0.0
trajectory_range__box_3.0,879,success,success,,0.4328966678846424,0.0
trajectory_range__box_3.0,880,success,success,,0.08116412676023561,0.0
trajectory_range__box_3.0,881,success,success,,0.5904347818595954,0.0
trajectory_range__box_3.0,882,success,success,,0.6443854125891847,0.0
trajectory_range__box_3.0,883,success,success,,0.7272337743579349,0.0
trajectory_range__box_3.0,884,success,success,,0.46100590770981104,0.0
trajectory_range__box_3.0,885,success,success,,0.4194568858838119,0.0
trajectory_range__box_3.0,886,success,success,,0.5849819714250382,0.0
trajectory_range__box_3.0,887,success,success,,0.3239735188631111,0.0
trajectory_range__box_3.0,888,success,success,,0.45842982684778466,0.0
trajectory_range__box_3.0,889,success,success,,0.7341404215448812,0.0
trajectory_range__box_3.0,890,success,success,,0.645012267326112,0.0
trajectory_range__box_3.0,891,success,success,,0.06427243096952978,0.0
trajectory_range__box_3.0,892,success,success,,0.6403125517619015,0.0
trajectory_range__box_3.0,893,success,success,,0.2316091439196681,0.0
trajectory_range__box_3.0,894,success,success,,0.266761475400443,0.0
trajectory_range__box_3.0,895,success,success,,0.5408025019324122,0.0
trajectory_range__box_3.0,896,success,success,,0.6246966306296255,0.0
trajectory_range__box_3.0,897,success,success,,0.4188670940076671,0.0
trajectory_range__box_3.0,898,success,success,,0.2596113641945173,0.0
trajectory_range__box_3.0,899,success,success,,0.4744810855947307,0.0
trajectory_range__box_3.0,900,success,success,,0.15361907876335518,0.0
trajectory_range__box_3.0,901,success,success,,0.5541397750147149,0.0
trajectory_range__box_3.0,902,success,success,,0.5770526560718239,0.0
trajectory_range__box_3.0,903,success,success,,0.28226816513444675,0.0
trajectory_range__box_3.0,904,success,success,,0.5271280283354769,0.0
trajectory_range__box_3.0,905,success,success,,0.24599581730357128,0.0
trajectory_range__box_3.0,906,success,success,,0.808046850870356,0.0
trajectory_range__box_3.0,907,success,success,,0.24746095322542822,0.0
trajectory_range__box_3.0,908,success,success,,0.5231791491388003,0.0
trajectory_range__box_3.0,909,success,success,,0.07806785462043442,0.0
trajectory_range__box_3.0,910,success,success,,0.7361413694612162,0.0
trajectory_range__box_3.0,911,success,success,,0.4865897670594882,0.0
trajectory_range__box_3.0,912,success,success,,0.6063121390215757,0.0
trajectory_range__box_3.0,913,success,success,,0.23239732690602669,0.0
trajectory_range__box_3.0,914,success,success,,0.4932438023093638,0.0
trajectory_range__box_3.0,915,success,success,,0.04682319490142052,0.0
trajectory_range__box_3.0,916,success,success,,0.6064904255029533,0.0
trajectory_range__box_3.0,917,success,success,,0.4203362267025065,0.0
trajectory_range__box_3.0,918,success,success,,0.7815643845402227,0.0
trajectory_range__box_3.0,919,success,success,,0.33753934064083324,0.0
trajectory_range__box_3.0,920,success,success,,0.46298836941083954,0.0
trajectory_range__box_3.0,921,success,success,,0.5262526081311361,0.0
trajectory_range__box_3.0,922,success,success,,0.37885751450516914,0.0
trajectory_range__box_3.0,923,success,success,,0.7214605921536343,0.0
trajectory_range__box_3.0,924,success,success,,0.39111410736953967,0.0
trajectory_range__box_3.0,925,success,success,,0.6964558866825613,0.0
trajectory_range__box_3.0,926,success,success,,0.7712243257117373,0.0
trajectory_range__box_3.0,927,success,success,,0.6257094834747758,0.0
trajectory_range__box_3.0,928,success,success,,0.30000396237796867,0.0
trajectory_range__box_3.0,929,success,success,,0.7344282640506979,0.0
trajectory_range__box_3.0,930,success,success,,0.42477310034646115,0.0
trajectory_range__box_3.0,931,success,success,,0.42587720695516107,0.0
trajectory_range__box_3.0,932,success,success,,0.4500658816252858,0.0
trajectory_range__box_3.0,933,success,success,,0.5837437960546186,0.0
trajectory_range__box_3.0,934,success,success,,0.4264962968788874,0.0
trajectory_range__box_3.0,935,success,success,,0.6178744181577482,0.0
trajectory_range__box_3.0,936,success,success,,0.35527137022439315,0.0
trajectory_range__box_3.0,937,success,success,,0.6146944480764516,0.0
trajectory_range__box_3.0,938,success,success,,0.5250127427453513,0.0
trajectory_range__box_3.0,939,success,success,,0.4885665461773039,0.0
trajectory_range__box_3.0,940,success,success,,0.1896481324711352,0.0
trajectory_range__box_3.0,941,success,success,,0.7703619953443764,0.0
trajectory_range__box_3.0,942,success,success,,0.7787702264065823,0.0
trajectory_range__box_3.0,943,success,success,,0.750638953420248,0.0
trajectory_range__box_3.0,944,success,success,,0.7525630509991188,0.0
trajectory_range__box_3.0,945,success,success,,0.1942258114865694,0.0
trajectory_range__box_3.0,946,success,success,,0.23154259106377728,0.0
trajectory_range__box_3.0,947,success,success,,0.49215780743550247,0.0
trajectory_range__box_3.0,948,success,success,,0.6682000917491205,0.0
trajectory_range__box_3.0,949,success,success,,0.47552348727406074,0.0
trajectory_range__box_3.0,950,success,success,,0.4470842992209454,0.0
trajectory_range__box_3.0,951,success,success,,0.43975929688819165,0.0
trajectory_range__box_3.0,952,success,success,,0.5672846312245016,0.0
trajectory_range__box_3.0,953,success,success,,0.46135659599676787,0.0
trajectory_range__box_3.0,954,success,success,,0.6046413711585996,0.0
trajectory_range__box_3.0,955,success,success,,0.4426419985440891,0.0
trajectory_range__box_3.0,956,success,success,,0.4013665284123705,0.0
trajectory_range__box_3.0,957,success,success,,0.391726673453575,0.0
trajectory_range__box_3.0,958,success,success,,0.6119295375040736,0.0
trajectory_range__box_3.0,959,success,success,,0.7603979294055537,0.0
trajectory_range__box_3.0,960,success,success,,0.8207160542322253,0.0
trajectory_range__box_3.0,961,success,success,,0.764886614731692,0.0
trajectory_range__box_3.0,962,success,success,,0.36106717203048044,0.0
trajectory_range__box_3.0,963,success,success,,0.3862675138330421,0.0
trajectory_range__box_3.0,964,success,success,,0.6749066718896778,0.0
trajectory_range__box_3.0,965,success,success,,0.3661354649829063,0.0
trajectory_range__box_3.0,966,success,success,,0.6459847996091076,0.0
trajectory_range__box_3.0,967,success,success,,0.7821142181917811,0.0
trajectory_range__box_3.0,968,success,success,,0.08200791349930646,0.0
trajectory_range__box_3.0,969,success,success,,0.5189527585209854,0.0
trajectory_range__box_3.0,970,success,success,,0.684406743630399,0.0
trajectory_range__box_3.0,971,success,success,,0.3286073121801457,0.0
trajectory_range__box_3.0,972,success,success,,0.7206908028314626,0.0
trajectory_range__box_3.0,973,success,success,,0.5895197769189356,0.0
trajectory_range__box_3.0,974,success,success,,0.4581942912486803,0.0
trajectory_range__box_3.0,975,success,success,,0.8277244326526823,0.0
trajectory_range__box_3.0,976,success,success,,0.4919864510259803,0.0
trajectory_range__box_3.0,977,success,success,,0.657756095074376,0.0
trajectory_range__box_3.0,978,success,success,,0.5743615325788715,0.0
trajectory_range__box_3.0,979,success,success,,0.3331130313512265,0.0
trajectory_range__box_3.0,980,success,success,,0.28455205515009097,0.0
trajectory_range__box_3.0,981,success,success,,0.5258772416759256,0.0
trajectory_range__box_3.0,982,success,success,,0.5964703322487508,0.0
trajectory_range__box_3.0,983,success,success,,0.651540384602019,0.0
trajectory_range__box_3.0,984,success,success,,0.5324329085311784,0.0
trajectory_range__box_3.0,985,success,success,,0.6189220774272113,0.0
trajectory_range__box_3.0,986,success,success,,0.5750400885338216,0.0
trajectory_range__box_3.0,987,success,success,,0.7434244842784336,0.0
trajectory_range__box_3.0,988,success,success,,0.4645535088638515,0.0
trajectory_range__box_3.0,989,success,success,,0.7317286326997574,0.0
trajectory_range__box_3.0,990,success,success,,0.43722152379323653,0.0
trajectory_range__box_3.0,991,success,success,,0.4867613064466845,0.0
trajectory_range__box_3.0,992,success,success,,0.42924918314599025,0.0
trajectory_range__box_3.0,993,success,success,,0.2798949601133689,0.0
trajectory_range__box_3.0,994,success,success,,0.6418820305259351,0.0
trajectory_range__box_3.0,995,success,success,,0.5387301064357266,0.0
trajectory_range__box_3.0,996,success,success,,0.0016985588372294934,0.0
trajectory_range__box_3.0,997,success,success,,0.6326862175875277,0.0
trajectory_range__box_3.0,998,success,success,,0.5966329109461996,0.0
trajectory_range__box_3.0,999,success,success,,0.4087066949854193,0.0
trajectory_range__box_3.0,1000,success,success,,0.7004797583452772,0.0
