configuration,k,source_center_minus_nominal_norm,target_center_minus_nominal_norm,kappa_at_source_center_minus_u_norm,source_center,source_nominal,target_center,target_nominal,nominal_control
none__box_1.0,1,0.0,0.0,1.0413170815559502e-7,0.0;0.0;0.0;0.0,0.0;0.0;0.0;0.0,-0.43382169404242343;-0.003367952644327244;0.015526586289130506;-0.022191670020194287,-0.43382169404242343;-0.003367952644327244;0.015526586289130506;-0.022191670020194287,-2.1691956255913296;-0.0787353833676841
none__box_1.0,2,0.0,0.0,2.0731526175935266e-5,-0.43382169404242343;-0.003367952644327244;0.015526586289130506;-0.022191670020194287,-0.43382169404242343;-0.003367952644327244;0.015526586289130506;-0.022191670020194287,-0.8997700440896538;-0.02734149528628361;0.0872849026616942;-0.12930323706408586,-0.8997700440896538;-0.02734149528628361;0.0872849026616942;-0.12930323706408586,-2.3333239612373;-0.3382905645385101
none__box_1.0,3,0.0,0.0,2.877374635420756e-7,-0.8997700440896538;-0.02734149528628361;0.0872849026616942;-0.12930323706408586,-0.8997700440896538;-0.02734149528628361;0.0872849026616942;-0.12930323706408586,-0.5917810643307383;0.015013217764493016;0.18604111690821945;-0.23881111959090306,-0.5917810643307383;0.015013217764493016;0.18604111690821945;-0.23881111959090306,1.5550701205736817;0.6985655131171977
none__box_1.0,4,0.0,0.0,1.322869940700193e-6,-0.5917810643307383;0.015013217764493016;0.18604111690821945;-0.23881111959090306,-0.5917810643307383;0.015013217764493016;0.18604111690821945;-0.23881111959090306,0.08167629779364964;0.29222419614677897;0.5949317468006559;-0.6506973261635096,0.08167629779364964;0.29222419614677897;0.5949317468006559;-0.6506973261635096,3.6668878262588556;1.226597905888407
none__box_1.0,5,0.0,0.0,1.87591424809747e-8,0.08167629779364964;0.29222419614677897;0.5949317468006559;-0.6506973261635096,0.08167629779364964;0.29222419614677897;0.5949317468006559;-0.6506973261635096,0.1190430634900538;0.31808891661439403;0.6159918991005386;-0.6671716279591688,0.1190430634900538;0.31808891661439403;0.6159918991005386;-0.6671716279591688,0.22722979991983816;1.01950393557726
none__box_1.0,6,0.0,0.0,4.5755035823936695e-7,0.1190430634900538;0.31808891661439403;0.6159918991005386;-0.6671716279591688,0.1190430634900538;0.31808891661439403;0.6159918991005386;-0.6671716279591688,0.4662806293953639;0.5505562515196214;0.5638985823942946;-0.5180767705495324,0.4662806293953639;0.5505562515196214;0.5638985823942946;-0.5180767705495324,2.0895841826429686;-0.2742299106819919
none__box_1.0,7,0.0,0.0,4.618854595750555e-6,0.4662806293953639;0.5505562515196214;0.5638985823942946;-0.5180767705495324,0.4662806293953639;0.5505562515196214;0.5638985823942946;-0.5180767705495324,1.0031360316330546;0.9397999286771876;0.6907752109414225;-0.5583292420889285,1.0031360316330546;0.9397999286771876;0.6907752109414225;-0.5583292420889285,3.3178107109399346;0.42065175973315816
none__box_1.0,8,0.0,0.0,5.6237541132459925e-8,1.0031360316330546;0.9397999286771876;0.6907752109414225;-0.5583292420889285,1.0031360316330546;0.9397999286771876;0.6907752109414225;-0.5583292420889285,1.3085379538757633;1.1940449991941786;0.6977094805855701;-0.49588898269196413,1.3085379538757633;1.1940449991941786;0.6977094805855701;-0.49588898269196413,1.9869041417708413;0.03838985710586171
none__box_1.0,9,0.0,0.0,4.381579521726236e-6,1.3085379538757633;1.1940449991941786;0.6977094805855701;-0.49588898269196413,1.3085379538757633;1.1940449991941786;0.6977094805855701;-0.49588898269196413,1.5670905267761093;1.4351493145060805;0.8032742575391363;-0.5666270968834541,1.5670905267761093;1.4351493145060805;0.8032742575391363;-0.5666270968834541,1.7684516753272423;0.6566266767082278
none__box_1.0,10,0.0,0.0,2.7002836064029473e-7,1.5670905267761093;1.4351493145060805;0.8032742575391363;-0.5666270968834541,1.5670905267761093;1.4351493145060805;0.8032742575391363;-0.5666270968834541,1.7795728985805446;1.6745085171751743;0.8863477854882467;-0.6085017935006931,1.7795728985805446;1.6745085171751743;0.8863477854882467;-0.6085017935006931,1.60078512619346;0.5708503861559371
none__box_1.0,11,0.0,0.0,6.275378391099585e-6,1.7795728985805446;1.6745085171751743;0.8863477854882467;-0.6085017935006931,1.7795728985805446;1.6745085171751743;0.8863477854882467;-0.6085017935006931,2.001409751139549;1.9957504016422638;1.0465201144846876;-0.7228030696570387,2.001409751139549;1.9957504016422638;1.0465201144846876;-0.7228030696570387,1.954061113851151;0.9016584007899446
none__box_1.0,12,0.0,0.0,3.5920067608683237e-9,2.001409751139549;1.9957504016422638;1.0465201144846876;-0.7228030696570387,2.001409751139549;1.9957504016422638;1.0465201144846876;-0.7228030696570387,2.196613810769008;2.3649013879069405;1.1222426180794454;-0.7183911850875297,2.196613810769008;2.3649013879069405;1.1222426180794454;-0.7183911850875297,2.0884229763957363;0.39884044034980737
none__box_1.0,13,0.0,0.0,4.75805158533337e-8,2.196613810769008;2.3649013879069405;1.1222426180794454;-0.7183911850875297,2.196613810769008;2.3649013879069405;1.1222426180794454;-0.7183911850875297,2.261240576370074;2.514102089383341;1.2018376603504501;-0.777229282339615,2.261240576370074;2.514102089383341;1.2018376603504501;-0.777229282339615,0.813194782497467;1.076673736508856
none__box_1.0,14,0.0,0.0,3.5808734778120832e-6,2.261240576370074;2.514102089383341;1.2018376603504501;-0.777229282339615,2.261240576370074;2.514102089383341;1.2018376603504501;-0.777229282339615,2.4059971095950257;2.8635984638464773;1.1544037460737773;-0.6309048306419638,2.4059971095950257;2.8635984638464773;1.1544037460737773;-0.6309048306419638,1.8916197032267186;-0.2758340147088606
none__box_1.0,15,0.0,0.0,2.951859789543911e-6,2.4059971095950257;2.8635984638464773;1.1544037460737773;-0.6309048306419638,2.4059971095950257;2.8635984638464773;1.1544037460737773;-0.6309048306419638,2.668468373746583;3.394473446736593;1.0688535442051919;-0.4164993171414295,2.668468373746583;3.394473446736593;1.0688535442051919;-0.4164993171414295,2.9619815795105464;-0.3177103554809877
none__box_1.0,16,0.0,0.0,1.8665114728203948e-8,2.668468373746583;3.394473446736593;1.0688535442051919;-0.4164993171414295,2.668468373746583;3.394473446736593;1.0688535442051919;-0.4164993171414295,2.7837593810617767;3.5919946910830194;1.016059334449575;-0.31857423584440125,2.7837593810617767;3.5919946910830194;1.016059334449575;-0.31857423584440125,1.1436652618505772;-0.5077852118827879
none__box_1.0,17,0.0,0.0,1.5729987270156606e-5,2.7837593810617767;3.5919946910830194;1.016059334449575;-0.31857423584440125,2.7837593810617767;3.5919946910830194;1.016059334449575;-0.31857423584440125,3.0952291453934375;4.037298879180518;0.9048145585208305;-0.1299196968826406,3.0952291453934375;4.037298879180518;0.9048145585208305;-0.1299196968826406,2.71851967995719;-0.4501319391719308
none__box_1.0,18,0.0,0.0,1.366159892406619e-7,3.0952291453934375;4.037298879180518;0.9048145585208305;-0.1299196968826406,3.0952291453934375;4.037298879180518;0.9048145585208305;-0.1299196968826406,3.2060735691787063;4.178770015921116;0.9075650739013383;-0.12537750888122723,3.2060735691787063;4.178770015921116;0.9075650739013383;-0.12537750888122723,0.8986182334380229;0.03366910225027739
none__box_1.0,19,0.0,0.0,2.913871841035489e-6,3.2060735691787063;4.178770015921116;0.9075650739013383;-0.12537750888122723,3.2060735691787063;4.178770015921116;0.9075650739013383;-0.12537750888122723,3.4348843542757956;4.43845142477983;0.7894548704821451;0.035941103104006,3.4348843542757956;4.43845142477983;0.7894548704821451;0.035941103104006,1.7315322790373502;-0.7503251619042461
none__box_1.0,20,0.0,0.0,8.973472715917071e-7,3.4348843542757956;4.43845142477983;0.7894548704821451;0.035941103104006,3.4348843542757956;4.43845142477983;0.7894548704821451;0.035941103104006,3.755620780561498;4.735713515054432;0.7054090538600173;0.13347859369639403,3.755620780561498;4.735713515054432;0.7054090538600173;0.13347859369639403,2.1871740616737303;-0.42269337362931925
none__box_1.0,21,0.0,0.0,1.6571966485773333e-6,3.755620780561498;4.735713515054432;0.7054090538600173;0.13347859369639403,3.755620780561498;4.735713515054432;0.7054090538600173;0.13347859369639403,4.25218625058081;5.132923148680981;0.6439678553998505;0.1789014193661247,4.25218625058081;5.132923148680981;0.6439678553998505;0.1789014193661247,3.179937052876044;-0.21253665460156673
none__box_1.0,22,0.0,0.0,1.2877646289339815e-7,4.25218625058081;5.132923148680981;0.6439678553998505;0.1789014193661247,4.25218625058081;5.132923148680981;0.6439678553998505;0.1789014193661247,4.605867275677609;5.367831573301865;0.528592524796136;0.29451336408562234,4.605867275677609;5.367831573301865;0.528592524796136;0.29451336408562234,2.1241018254489425;-0.5974895466099511
none__box_1.0,23,0.0,0.0,2.3933647153212237e-5,4.605867275677609;5.367831573301865;0.528592524796136;0.29451336408562234,4.605867275677609;5.367831573301865;0.528592524796136;0.29451336408562234,5.010337521695635;5.5635243460928105;0.37265545567066916;0.4392834778963395,5.010337521695635;5.5635243460928105;0.37265545567066916;0.4392834778963395,2.2488966481795063;-0.7627330325600711
none__box_1.0,24,0.0,0.0,3.803869014782895e-7,5.010337521695635;5.5635243460928105;0.37265545567066916;0.4392834778963395,5.010337521695635;5.5635243460928105;0.37265545567066916;0.4392834778963395,5.567390768065005;5.743835432114151;0.25343292289552855;0.49799576464609485,5.567390768065005;5.743835432114151;0.25343292289552855;0.49799576464609485,2.9292779265451667;-0.44770345915018306
none__box_1.0,25,0.0,0.0,4.362622790659035e-6,5.567390768065005;5.743835432114151;0.25343292289552855;0.49799576464609485,5.567390768065005;5.743835432114151;0.25343292289552855;0.49799576464609485,6.0726972305878935;5.827011334356302;0.07285094158048278;0.6294390734580699,6.0726972305878935;5.827011334356302;0.07285094158048278;0.6294390734580699,2.564013864368455;-0.7747234997712361
none__box_1.0,26,0.0,0.0,1.8519123368548615e-6,6.0726972305878935;5.827011334356302;0.07285094158048278;0.6294390734580699,6.0726972305878935;5.827011334356302;0.07285094158048278;0.6294390734580699,6.892373218798113;5.798472716167192;-0.14245672553574984;0.7155662482418506,6.892373218798113;5.798472716167192;-0.14245672553574984;0.7155662482418506,4.108795031161176;-0.576418224885079
none__box_1.0,27,0.0,0.0,2.2202588892160154e-8,6.892373218798113;5.798472716167192;-0.14245672553574984;0.7155662482418506,6.892373218798113;5.798472716167192;-0.14245672553574984;0.7155662482418506,7.251936776308885;5.730376793564869;-0.2318797729126758;0.7394834260158953,7.251936776308885;5.730376793564869;-0.2318797729126758;0.7394834260158953,1.830384419896577;-0.5374026955505695
none__box_1.0,28,0.0,0.0,1.3740673803243945e-6,7.251936776308885;5.730376793564869;-0.2318797729126758;0.7394834260158953,7.251936776308885;5.730376793564869;-0.2318797729126758;0.7394834260158953,7.689492619382535;5.611022602971247;-0.3007127258889266;0.7170351304399292,7.689492619382535;5.611022602971247;-0.3007127258889266;0.7170351304399292,2.268158806536457;-0.33382251743429125
none__box_1.0,29,0.0,0.0,3.6678700635878866e-6,7.689492619382535;5.611022602971247;-0.3007127258889266;0.7170351304399292,7.689492619382535;5.611022602971247;-0.3007127258889266;0.7170351304399292,8.170730207805484;5.496148203685017;-0.16792985931435123;0.4518246195623141,8.170730207805484;5.496148203685017;-0.16792985931435123;0.4518246195623141,2.4756096152470475;0.5900007510572585
none__box_1.0,30,0.0,0.0,7.275456853796708e-7,8.170730207805484;5.496148203685017;-0.16792985931435123;0.4518246195623141,8.170730207805484;5.496148203685017;-0.16792985931435123;0.4518246195623141,8.656992267414111;5.479871951618315;0.10101048009769453;0.05690164021396171,8.656992267414111;5.479871951618315;0.10101048009769453;0.05690164021396171,2.440018763688454;1.2124266327610205
none__box_1.0,31,0.0,0.0,7.248535302219809e-9,8.656992267414111;5.479871951618315;0.10101048009769453;0.05690164021396171,8.656992267414111;5.479871951618315;0.10101048009769453;0.05690164021396171,9.012437439555734;5.514559841407709;0.09355339230192827;0.0593393211280433,9.012437439555734;5.514559841407709;0.09355339230192827;0.0593393211280433,1.7856729203682673;-0.045936724927492456
none__box_1.0,32,0.0,0.0,2.9681658523215895e-7,9.012437439555734;5.514559841407709;0.09355339230192827;0.0593393211280433,9.012437439555734;5.514559841407709;0.09355339230192827;0.0593393211280433,9.451400338673196;5.551663260402044;0.07509609518756921;0.07326376522403244,9.451400338673196;5.551663260402044;0.07509609518756921;0.07326376522403244,2.20267224055281;-0.09217452534245128
none__box_2.0,1,0.0,0.0,5.432932850958004e-6,0.0;0.0;0.0;0.0,0.0;0.0;0.0;0.0,-0.43382169404242343;-0.003367952644327244;0.015526586289130506;-0.022191670020194287,-0.43382169404242343;-0.003367952644327244;0.015526586289130506;-0.022191670020194287,-2.1691956255913296;-0.0787353833676841
none__box_2.0,2,0.0,0.0,1.4475121930960877e-5,-0.43382169404242343;-0.003367952644327244;0.015526586289130506;-0.022191670020194287,-0.43382169404242343;-0.003367952644327244;0.015526586289130506;-0.022191670020194287,-0.8997700440896538;-0.02734149528628361;0.0872849026616942;-0.12930323706408586,-0.8997700440896538;-0.02734149528628361;0.0872849026616942;-0.12930323706408586,-2.3333239612373;-0.3382905645385101
none__box_2.0,3,0.0,0.0,8.009627943161593e-8,-0.8997700440896538;-0.02734149528628361;0.0872849026616942;-0.12930323706408586,-0.8997700440896538;-0.02734149528628361;0.0872849026616942;-0.12930323706408586,-0.5917810643307383;0.015013217764493016;0.18604111690821945;-0.23881111959090306,-0.5917810643307383;0.015013217764493016;0.18604111690821945;-0.23881111959090306,1.5550701205736817;0.6985655131171977
none__box_2.0,4,0.0,0.0,5.545249757638681e-7,-0.5917810643307383;0.015013217764493016;0.18604111690821945;-0.23881111959090306,-0.5917810643307383;0.015013217764493016;0.18604111690821945;-0.23881111959090306,0.08167629779364964;0.29222419614677897;0.5949317468006559;-0.6506973261635096,0.08167629779364964;0.29222419614677897;0.5949317468006559;-0.6506973261635096,3.6668878262588556;1.226597905888407
none__box_2.0,5,0.0,0.0,1.477897550619381e-9,0.08167629779364964;0.29222419614677897;0.5949317468006559;-0.6506973261635096,0.08167629779364964;0.29222419614677897;0.5949317468006559;-0.6506973261635096,0.1190430634900538;0.31808891661439403;0.6159918991005386;-0.6671716279591688,0.1190430634900538;0.31808891661439403;0.6159918991005386;-0.6671716279591688,0.22722979991983816;1.01950393557726
none__box_2.0,6,0.0,0.0,3.0012882933408915e-6,0.1190430634900538;0.31808891661439403;0.6159918991005386;-0.6671716279591688,0.1190430634900538;0.31808891661439403;0.6159918991005386;-0.6671716279591688,0.4662806293953639;0.5505562515196214;0.5638985823942946;-0.5180767705495324,0.4662806293953639;0.5505562515196214;0.5638985823942946;-0.5180767705495324,2.0895841826429686;-0.2742299106819919
none__box_2.0,7,0.0,0.0,3.5380555452031253e-6,0.4662806293953639;0.5505562515196214;0.5638985823942946;-0.5180767705495324,0.4662806293953639;0.5505562515196214;0.5638985823942946;-0.5180767705495324,1.0031360316330546;0.9397999286771876;0.6907752109414225;-0.5583292420889285,1.0031360316330546;0.9397999286771876;0.6907752109414225;-0.5583292420889285,3.3178107109399346;0.42065175973315816
none__box_2.0,8,0.0,0.0,5.519003853641966e-6,1.0031360316330546;0.9397999286771876;0.6907752109414225;-0.5583292420889285,1.0031360316330546;0.9397999286771876;0.6907752109414225;-0.5583292420889285,1.3085379538757633;1.1940449991941786;0.6977094805855701;-0.49588898269196413,1.3085379538757633;1.1940449991941786;0.6977094805855701;-0.49588898269196413,1.9869041417708413;0.03838985710586171
none__box_2.0,9,0.0,0.0,4.899638572929212e-6,1.3085379538757633;1.1940449991941786;0.6977094805855701;-0.49588898269196413,1.3085379538757633;1.1940449991941786;0.6977094805855701;-0.49588898269196413,1.5670905267761093;1.4351493145060805;0.8032742575391363;-0.5666270968834541,1.5670905267761093;1.4351493145060805;0.8032742575391363;-0.5666270968834541,1.7684516753272423;0.6566266767082278
none__box_2.0,10,0.0,0.0,2.7651766677619998e-8,1.5670905267761093;1.4351493145060805;0.8032742575391363;-0.5666270968834541,1.5670905267761093;1.4351493145060805;0.8032742575391363;-0.5666270968834541,1.7795728985805446;1.6745085171751743;0.8863477854882467;-0.6085017935006931,1.7795728985805446;1.6745085171751743;0.8863477854882467;-0.6085017935006931,1.60078512619346;0.5708503861559371
none__box_2.0,11,0.0,0.0,6.009716409337751e-7,1.7795728985805446;1.6745085171751743;0.8863477854882467;-0.6085017935006931,1.7795728985805446;1.6745085171751743;0.8863477854882467;-0.6085017935006931,2.001409751139549;1.9957504016422638;1.0465201144846876;-0.7228030696570387,2.001409751139549;1.9957504016422638;1.0465201144846876;-0.7228030696570387,1.954061113851151;0.9016584007899446
none__box_2.0,12,0.0,0.0,9.515664979856182e-8,2.001409751139549;1.9957504016422638;1.0465201144846876;-0.7228030696570387,2.001409751139549;1.9957504016422638;1.0465201144846876;-0.7228030696570387,2.196613810769008;2.3649013879069405;1.1222426180794454;-0.7183911850875297,2.196613810769008;2.3649013879069405;1.1222426180794454;-0.7183911850875297,2.0884229763957363;0.39884044034980737
none__box_2.0,13,0.0,0.0,2.3964284497397114e-7,2.196613810769008;2.3649013879069405;1.1222426180794454;-0.7183911850875297,2.196613810769008;2.3649013879069405;1.1222426180794454;-0.7183911850875297,2.261240576370074;2.514102089383341;1.2018376603504501;-0.777229282339615,2.261240576370074;2.514102089383341;1.2018376603504501;-0.777229282339615,0.813194782497467;1.076673736508856
none__box_2.0,14,0.0,0.0,1.4866448652441125e-6,2.261240576370074;2.514102089383341;1.2018376603504501;-0.777229282339615,2.261240576370074;2.514102089383341;1.2018376603504501;-0.777229282339615,2.4059971095950257;2.8635984638464773;1.1544037460737773;-0.6309048306419638,2.4059971095950257;2.8635984638464773;1.1544037460737773;-0.6309048306419638,1.8916197032267186;-0.2758340147088606
none__box_2.0,15,0.0,0.0,1.1909604415220948e-7,2.4059971095950257;2.8635984638464773;1.1544037460737773;-0.6309048306419638,2.4059971095950257;2.8635984638464773;1.1544037460737773;-0.6309048306419638,2.668468373746583;3.394473446736593;1.0688535442051919;-0.4164993171414295,2.668468373746583;3.394473446736593;1.0688535442051919;-0.4164993171414295,2.9619815795105464;-0.3177103554809877
none__box_2.0,16,0.0,0.0,1.5425084821654773e-8,2.668468373746583;3.394473446736593;1.0688535442051919;-0.4164993171414295,2.668468373746583;3.394473446736593;1.0688535442051919;-0.4164993171414295,2.7837593810617767;3.5919946910830194;1.016059334449575;-0.31857423584440125,2.7837593810617767;3.5919946910830194;1.016059334449575;-0.31857423584440125,1.1436652618505772;-0.5077852118827879
none__box_2.0,17,0.0,0.0,1.3996329054162861e-6,2.7837593810617767;3.5919946910830194;1.016059334449575;-0.31857423584440125,2.7837593810617767;3.5919946910830194;1.016059334449575;-0.31857423584440125,3.0952291453934375;4.037298879180518;0.9048145585208305;-0.1299196968826406,3.0952291453934375;4.037298879180518;0.9048145585208305;-0.1299196968826406,2.71851967995719;-0.4501319391719308
none__box_2.0,18,0.0,0.0,2.5861791887136925e-7,3.0952291453934375;4.037298879180518;0.9048145585208305;-0.1299196968826406,3.0952291453934375;4.037298879180518;0.9048145585208305;-0.1299196968826406,3.2060735691787063;4.178770015921116;0.9075650739013383;-0.12537750888122723,3.2060735691787063;4.178770015921116;0.9075650739013383;-0.12537750888122723,0.8986182334380229;0.03366910225027739
none__box_2.0,19,0.0,0.0,2.3078090516040626e-7,3.2060735691787063;4.178770015921116;0.9075650739013383;-0.12537750888122723,3.2060735691787063;4.178770015921116;0.9075650739013383;-0.12537750888122723,3.4348843542757956;4.43845142477983;0.7894548704821451;0.035941103104006,3.4348843542757956;4.43845142477983;0.7894548704821451;0.035941103104006,1.7315322790373502;-0.7503251619042461
none__box_2.0,20,0.0,0.0,2.1760818599303693e-6,3.4348843542757956;4.43845142477983;0.7894548704821451;0.035941103104006,3.4348843542757956;4.43845142477983;0.7894548704821451;0.035941103104006,3.755620780561498;4.735713515054432;0.7054090538600173;0.13347859369639403,3.755620780561498;4.735713515054432;0.7054090538600173;0.13347859369639403,2.1871740616737303;-0.42269337362931925
none__box_2.0,21,0.0,0.0,3.3593117678589776e-6,3.755620780561498;4.735713515054432;0.7054090538600173;0.13347859369639403,3.755620780561498;4.735713515054432;0.7054090538600173;0.13347859369639403,4.25218625058081;5.132923148680981;0.6439678553998505;0.1789014193661247,4.25218625058081;5.132923148680981;0.6439678553998505;0.1789014193661247,3.179937052876044;-0.21253665460156673
none__box_2.0,22,0.0,0.0,1.5624080188057389e-7,4.25218625058081;5.132923148680981;0.6439678553998505;0.1789014193661247,4.25218625058081;5.132923148680981;0.6439678553998505;0.1789014193661247,4.605867275677609;5.367831573301865;0.528592524796136;0.29451336408562234,4.605867275677609;5.367831573301865;0.528592524796136;0.29451336408562234,2.1241018254489425;-0.5974895466099511
none__box_2.0,23,0.0,0.0,2.1502016537985673e-7,4.605867275677609;5.367831573301865;0.528592524796136;0.29451336408562234,4.605867275677609;5.367831573301865;0.528592524796136;0.29451336408562234,5.010337521695635;5.5635243460928105;0.37265545567066916;0.4392834778963395,5.010337521695635;5.5635243460928105;0.37265545567066916;0.4392834778963395,2.2488966481795063;-0.7627330325600711
none__box_2.0,24,0.0,0.0,1.8307851892893237e-7,5.010337521695635;5.5635243460928105;0.37265545567066916;0.4392834778963395,5.010337521695635;5.5635243460928105;0.37265545567066916;0.4392834778963395,5.567390768065005;5.743835432114151;0.25343292289552855;0.49799576464609485,5.567390768065005;5.743835432114151;0.25343292289552855;0.49799576464609485,2.9292779265451667;-0.44770345915018306
none__box_2.0,25,0.0,0.0,1.8977922490398198e-7,5.567390768065005;5.743835432114151;0.25343292289552855;0.49799576464609485,5.567390768065005;5.743835432114151;0.25343292289552855;0.49799576464609485,6.0726972305878935;5.827011334356302;0.07285094158048278;0.6294390734580699,6.0726972305878935;5.827011334356302;0.07285094158048278;0.6294390734580699,2.564013864368455;-0.7747234997712361
none__box_2.0,26,0.0,0.0,1.3506371801261134e-5,6.0726972305878935;5.827011334356302;0.07285094158048278;0.6294390734580699,6.0726972305878935;5.827011334356302;0.07285094158048278;0.6294390734580699,6.892373218798113;5.798472716167192;-0.14245672553574984;0.7155662482418506,6.892373218798113;5.798472716167192;-0.14245672553574984;0.7155662482418506,4.108795031161176;-0.576418224885079
none__box_2.0,27,0.0,0.0,3.042346258152572e-7,6.892373218798113;5.798472716167192;-0.14245672553574984;0.7155662482418506,6.892373218798113;5.798472716167192;-0.14245672553574984;0.7155662482418506,7.251936776308885;5.730376793564869;-0.2318797729126758;0.7394834260158953,7.251936776308885;5.730376793564869;-0.2318797729126758;0.7394834260158953,1.830384419896577;-0.5374026955505695
none__box_2.0,28,0.0,0.0,1.7156635099389286e-8,7.251936776308885;5.730376793564869;-0.2318797729126758;0.7394834260158953,7.251936776308885;5.730376793564869;-0.2318797729126758;0.7394834260158953,7.689492619382535;5.611022602971247;-0.3007127258889266;0.7170351304399292,7.689492619382535;5.611022602971247;-0.3007127258889266;0.7170351304399292,2.268158806536457;-0.33382251743429125
none__box_2.0,29,0.0,0.0,6.88633562145926e-7,7.689492619382535;5.611022602971247;-0.3007127258889266;0.7170351304399292,7.689492619382535;5.611022602971247;-0.3007127258889266;0.7170351304399292,8.170730207805484;5.496148203685017;-0.16792985931435123;0.4518246195623141,8.170730207805484;5.496148203685017;-0.16792985931435123;0.4518246195623141,2.4756096152470475;0.5900007510572585
none__box_2.0,30,0.0,0.0,1.7568871876621884e-6,8.170730207805484;5.496148203685017;-0.16792985931435123;0.4518246195623141,8.170730207805484;5.496148203685017;-0.16792985931435123;0.4518246195623141,8.656992267414111;5.479871951618315;0.10101048009769453;0.05690164021396171,8.656992267414111;5.479871951618315;0.10101048009769453;0.05690164021396171,2.440018763688454;1.2124266327610205
none__box_2.0,31,0.0,0.0,1.4925203582579786e-8,8.656992267414111;5.479871951618315;0.10101048009769453;0.05690164021396171,8.656992267414111;5.479871951618315;0.10101048009769453;0.05690164021396171,9.012437439555734;5.514559841407709;0.09355339230192827;0.0593393211280433,9.012437439555734;5.514559841407709;0.09355339230192827;0.0593393211280433,1.7856729203682673;-0.045936724927492456
none__box_2.0,32,0.0,0.0,5.955046738003405e-7,9.012437439555734;5.514559841407709;0.09355339230192827;0.0593393211280433,9.012437439555734;5.514559841407709;0.09355339230192827;0.0593393211280433,9.451400338673196;5.551663260402044;0.07509609518756921;0.07326376522403244,9.451400338673196;5.551663260402044;0.07509609518756921;0.07326376522403244,2.20267224055281;-0.09217452534245128
none__box_3.0,1,0.0,0.0,4.6094879190446487e-7,0.0;0.0;0.0;0.0,0.0;0.0;0.0;0.0,-0.43382169404242343;-0.003367952644327244;0.015526586289130506;-0.022191670020194287,-0.43382169404242343;-0.003367952644327244;0.015526586289130506;-0.022191670020194287,-2.1691956255913296;-0.0787353833676841
none__box_3.0,2,0.0,0.0,7.40947001690815e-7,-0.43382169404242343;-0.003367952644327244;0.015526586289130506;-0.022191670020194287,-0.43382169404242343;-0.003367952644327244;0.015526586289130506;-0.022191670020194287,-0.8997700440896538;-0.02734149528628361;0.0872849026616942;-0.12930323706408586,-0.8997700440896538;-0.02734149528628361;0.0872849026616942;-0.12930323706408586,-2.3333239612373;-0.3382905645385101
none__box_3.0,3,0.0,0.0,6.553618455933601e-8,-0.8997700440896538;-0.02734149528628361;0.0872849026616942;-0.12930323706408586,-0.8997700440896538;-0.02734149528628361;0.0872849026616942;-0.12930323706408586,-0.5917810643307383;0.015013217764493016;0.18604111690821945;-0.23881111959090306,-0.5917810643307383;0.015013217764493016;0.18604111690821945;-0.23881111959090306,1.5550701205736817;0.6985655131171977
none__box_3.0,4,0.0,0.0,5.184269403907742e-7,-0.5917810643307383;0.015013217764493016;0.18604111690821945;-0.23881111959090306,-0.5917810643307383;0.015013217764493016;0.18604111690821945;-0.23881111959090306,0.08167629779364964;0.29222419614677897;0.5949317468006559;-0.6506973261635096,0.08167629779364964;0.29222419614677897;0.5949317468006559;-0.6506973261635096,3.6668878262588556;1.226597905888407
none__box_3.0,5,0.0,0.0,2.472429507269674e-8,0.08167629779364964;0.29222419614677897;0.5949317468006559;-0.6506973261635096,0.08167629779364964;0.29222419614677897;0.5949317468006559;-0.6506973261635096,0.1190430634900538;0.31808891661439403;0.6159918991005386;-0.6671716279591688,0.1190430634900538;0.31808891661439403;0.6159918991005386;-0.6671716279591688,0.22722979991983816;1.01950393557726
none__box_3.0,6,0.0,0.0,9.03138948094153e-7,0.1190430634900538;0.31808891661439403;0.6159918991005386;-0.6671716279591688,0.1190430634900538;0.31808891661439403;0.6159918991005386;-0.6671716279591688,0.4662806293953639;0.5505562515196214;0.5638985823942946;-0.5180767705495324,0.4662806293953639;0.5505562515196214;0.5638985823942946;-0.5180767705495324,2.0895841826429686;-0.2742299106819919
none__box_3.0,7,0.0,0.0,1.7561665293334814e-5,0.4662806293953639;0.5505562515196214;0.5638985823942946;-0.5180767705495324,0.4662806293953639;0.5505562515196214;0.5638985823942946;-0.5180767705495324,1.0031360316330546;0.9397999286771876;0.6907752109414225;-0.5583292420889285,1.0031360316330546;0.9397999286771876;0.6907752109414225;-0.5583292420889285,3.3178107109399346;0.42065175973315816
none__box_3.0,8,0.0,0.0,1.4787185187674544e-6,1.0031360316330546;0.9397999286771876;0.6907752109414225;-0.5583292420889285,1.0031360316330546;0.9397999286771876;0.6907752109414225;-0.5583292420889285,1.3085379538757633;1.1940449991941786;0.6977094805855701;-0.49588898269196413,1.3085379538757633;1.1940449991941786;0.6977094805855701;-0.49588898269196413,1.9869041417708413;0.03838985710586171
none__box_3.0,9,0.0,0.0,4.342901862623553e-7,1.3085379538757633;1.1940449991941786;0.6977094805855701;-0.49588898269196413,1.3085379538757633;1.1940449991941786;0.6977094805855701;-0.49588898269196413,1.5670905267761093;1.4351493145060805;0.8032742575391363;-0.5666270968834541,1.5670905267761093;1.4351493145060805;0.8032742575391363;-0.5666270968834541,1.7684516753272423;0.6566266767082278
none__box_3.0,10,0.0,0.0,5.724159083988929e-8,1.5670905267761093;1.4351493145060805;0.8032742575391363;-0.5666270968834541,1.5670905267761093;1.4351493145060805;0.8032742575391363;-0.5666270968834541,1.7795728985805446;1.6745085171751743;0.8863477854882467;-0.6085017935006931,1.7795728985805446;1.6745085171751743;0.8863477854882467;-0.6085017935006931,1.60078512619346;0.5708503861559371
none__box_3.0,11,0.0,0.0,2.5564071539876848e-5,1.7795728985805446;1.6745085171751743;0.8863477854882467;-0.6085017935006931,1.7795728985805446;1.6745085171751743;0.8863477854882467;-0.6085017935006931,2.001409751139549;1.9957504016422638;1.0465201144846876;-0.7228030696570387,2.001409751139549;1.9957504016422638;1.0465201144846876;-0.7228030696570387,1.954061113851151;0.9016584007899446
none__box_3.0,12,0.0,0.0,1.9206989259184207e-7,2.001409751139549;1.9957504016422638;1.0465201144846876;-0.7228030696570387,2.001409751139549;1.9957504016422638;1.0465201144846876;-0.7228030696570387,2.196613810769008;2.3649013879069405;1.1222426180794454;-0.7183911850875297,2.196613810769008;2.3649013879069405;1.1222426180794454;-0.7183911850875297,2.0884229763957363;0.39884044034980737
none__box_3.0,13,0.0,0.0,4.134602852804659e-8,2.196613810769008;2.3649013879069405;1.1222426180794454;-0.7183911850875297,2.196613810769008;2.3649013879069405;1.1222426180794454;-0.7183911850875297,2.261240576370074;2.514102089383341;1.2018376603504501;-0.777229282339615,2.261240576370074;2.514102089383341;1.2018376603504501;-0.777229282339615,0.813194782497467;1.076673736508856
none__box_3.0,14,0.0,0.0,6.046673795104368e-7,2.261240576370074;2.514102089383341;1.2018376603504501;-0.777229282339615,2.261240576370074;2.514102089383341;1.2018376603504501;-0.777229282339615,2.4059971095950257;2.8635984638464773;1.1544037460737773;-0.6309048306419638,2.4059971095950257;2.8635984638464773;1.1544037460737773;-0.6309048306419638,1.8916197032267186;-0.2758340147088606
none__box_3.0,15,0.0,0.0,1.5214442761906488e-5,2.4059971095950257;2.8635984638464773;1.1544037460737773;-0.6309048306419638,2.4059971095950257;2.8635984638464773;1.1544037460737773;-0.6309048306419638,2.668468373746583;3.394473446736593;1.0688535442051919;-0.4164993171414295,2.668468373746583;3.394473446736593;1.0688535442051919;-0.4164993171414295,2.9619815795105464;-0.3177103554809877
none__box_3.0,16,0.0,0.0,9.114345756464148e-8,2.668468373746583;3.394473446736593;1.0688535442051919;-0.4164993171414295,2.668468373746583;3.394473446736593;1.0688535442051919;-0.4164993171414295,2.7837593810617767;3.5919946910830194;1.016059334449575;-0.31857423584440125,2.7837593810617767;3.5919946910830194;1.016059334449575;-0.31857423584440125,1.1436652618505772;-0.5077852118827879
none__box_3.0,17,0.0,0.0,2.6680217726738815e-6,2.7837593810617767;3.5919946910830194;1.016059334449575;-0.31857423584440125,2.7837593810617767;3.5919946910830194;1.016059334449575;-0.31857423584440125,3.0952291453934375;4.037298879180518;0.9048145585208305;-0.1299196968826406,3.0952291453934375;4.037298879180518;0.9048145585208305;-0.1299196968826406,2.71851967995719;-0.4501319391719308
none__box_3.0,18,0.0,0.0,2.2074665883733676e-7,3.0952291453934375;4.037298879180518;0.9048145585208305;-0.1299196968826406,3.0952291453934375;4.037298879180518;0.9048145585208305;-0.1299196968826406,3.2060735691787063;4.178770015921116;0.9075650739013383;-0.12537750888122723,3.2060735691787063;4.178770015921116;0.9075650739013383;-0.12537750888122723,0.8986182334380229;0.03366910225027739
none__box_3.0,19,0.0,0.0,1.3451530716476477e-6,3.2060735691787063;4.178770015921116;0.9075650739013383;-0.12537750888122723,3.2060735691787063;4.178770015921116;0.9075650739013383;-0.12537750888122723,3.4348843542757956;4.43845142477983;0.7894548704821451;0.035941103104006,3.4348843542757956;4.43845142477983;0.7894548704821451;0.035941103104006,1.7315322790373502;-0.7503251619042461
none__box_3.0,20,0.0,0.0,6.471236242866093e-6,3.4348843542757956;4.43845142477983;0.7894548704821451;0.035941103104006,3.4348843542757956;4.43845142477983;0.7894548704821451;0.035941103104006,3.755620780561498;4.735713515054432;0.7054090538600173;0.13347859369639403,3.755620780561498;4.735713515054432;0.7054090538600173;0.13347859369639403,2.1871740616737303;-0.42269337362931925
none__box_3.0,21,0.0,0.0,8.022162272570056e-7,3.755620780561498;4.735713515054432;0.7054090538600173;0.13347859369639403,3.755620780561498;4.735713515054432;0.7054090538600173;0.13347859369639403,4.25218625058081;5.132923148680981;0.6439678553998505;0.1789014193661247,4.25218625058081;5.132923148680981;0.6439678553998505;0.1789014193661247,3.179937052876044;-0.21253665460156673
none__box_3.0,22,0.0,0.0,5.954531238136819e-6,4.25218625058081;5.132923148680981;0.6439678553998505;0.1789014193661247,4.25218625058081;5.132923148680981;0.6439678553998505;0.1789014193661247,4.605867275677609;5.367831573301865;0.528592524796136;0.29451336408562234,4.605867275677609;5.367831573301865;0.528592524796136;0.29451336408562234,2.1241018254489425;-0.5974895466099511
none__box_3.0,23,0.0,0.0,1.821576385328905e-7,4.605867275677609;5.367831573301865;0.528592524796136;0.29451336408562234,4.605867275677609;5.367831573301865;0.528592524796136;0.29451336408562234,5.010337521695635;5.5635243460928105;0.37265545567066916;0.4392834778963395,5.010337521695635;5.5635243460928105;0.37265545567066916;0.4392834778963395,2.2488966481795063;-0.7627330325600711
none__box_3.0,24,0.0,0.0,1.2853704091715434e-6,5.010337521695635;5.5635243460928105;0.37265545567066916;0.4392834778963395,5.010337521695635;5.5635243460928105;0.37265545567066916;0.4392834778963395,5.567390768065005;5.743835432114151;0.25343292289552855;0.49799576464609485,5.567390768065005;5.743835432114151;0.25343292289552855;0.49799576464609485,2.9292779265451667;-0.44770345915018306
none__box_3.0,25,0.0,0.0,1.1439577830092117e-5,5.567390768065005;5.743835432114151;0.25343292289552855;0.49799576464609485,5.567390768065005;5.743835432114151;0.25343292289552855;0.49799576464609485,6.0726972305878935;5.827011334356302;0.07285094158048278;0.6294390734580699,6.0726972305878935;5.827011334356302;0.07285094158048278;0.6294390734580699,2.564013864368455;-0.7747234997712361
none__box_3.0,26,0.0,0.0,4.363972852370975e-7,6.0726972305878935;5.827011334356302;0.07285094158048278;0.6294390734580699,6.0726972305878935;5.827011334356302;0.07285094158048278;0.6294390734580699,6.892373218798113;5.798472716167192;-0.14245672553574984;0.7155662482418506,6.892373218798113;5.798472716167192;-0.14245672553574984;0.7155662482418506,4.108795031161176;-0.576418224885079
none__box_3.0,27,0.0,0.0,1.1917693730791169e-7,6.892373218798113;5.798472716167192;-0.14245672553574984;0.7155662482418506,6.892373218798113;5.798472716167192;-0.14245672553574984;0.7155662482418506,7.251936776308885;5.730376793564869;-0.2318797729126758;0.7394834260158953,7.251936776308885;5.730376793564869;-0.2318797729126758;0.7394834260158953,1.830384419896577;-0.5374026955505695
none__box_3.0,28,0.0,0.0,7.073273131070267e-7,7.251936776308885;5.730376793564869;-0.2318797729126758;0.7394834260158953,7.251936776308885;5.730376793564869;-0.2318797729126758;0.7394834260158953,7.689492619382535;5.611022602971247;-0.3007127258889266;0.7170351304399292,7.689492619382535;5.611022602971247;-0.3007127258889266;0.7170351304399292,2.268158806536457;-0.33382251743429125
none__box_3.0,29,0.0,0.0,9.340301890202516e-7,7.689492619382535;5.611022602971247;-0.3007127258889266;0.7170351304399292,7.689492619382535;5.611022602971247;-0.3007127258889266;0.7170351304399292,8.170730207805484;5.496148203685017;-0.16792985931435123;0.4518246195623141,8.170730207805484;5.496148203685017;-0.16792985931435123;0.4518246195623141,2.4756096152470475;0.5900007510572585
none__box_3.0,30,0.0,0.0,4.072786519686974e-6,8.170730207805484;5.496148203685017;-0.16792985931435123;0.4518246195623141,8.170730207805484;5.496148203685017;-0.16792985931435123;0.4518246195623141,8.656992267414111;5.479871951618315;0.10101048009769453;0.05690164021396171,8.656992267414111;5.479871951618315;0.10101048009769453;0.05690164021396171,2.440018763688454;1.2124266327610205
none__box_3.0,31,0.0,0.0,1.674563659984044e-8,8.656992267414111;5.479871951618315;0.10101048009769453;0.05690164021396171,8.656992267414111;5.479871951618315;0.10101048009769453;0.05690164021396171,9.012437439555734;5.514559841407709;0.09355339230192827;0.0593393211280433,9.012437439555734;5.514559841407709;0.09355339230192827;0.0593393211280433,1.7856729203682673;-0.045936724927492456
none__box_3.0,32,0.0,0.0,8.226773117093175e-9,9.012437439555734;5.514559841407709;0.09355339230192827;0.0593393211280433,9.012437439555734;5.514559841407709;0.09355339230192827;0.0593393211280433,9.451400338673196;5.551663260402044;0.07509609518756921;0.07326376522403244,9.451400338673196;5.551663260402044;0.07509609518756921;0.07326376522403244,2.20267224055281;-0.09217452534245128
trajectory_std__box_1.0,1,0.0,0.0,1.624353398785339e-8,0.0;0.0;0.0;0.0,0.0;0.0;0.0;0.0,-0.43382169404242343;-0.003367952644327244;0.015526586289130506;-0.022191670020194287,-0.43382169404242343;-0.003367952644327244;0.015526586289130506;-0.022191670020194287,-2.1691956255913296;-0.0787353833676841
trajectory_std__box_1.0,2,0.0,0.0,4.617433578306992e-7,-0.43382169404242343;-0.003367952644327244;0.015526586289130506;-0.022191670020194287,-0.43382169404242343;-0.003367952644327244;0.015526586289130506;-0.022191670020194287,-0.8997700440896538;-0.02734149528628361;0.0872849026616942;-0.12930323706408586,-0.8997700440896538;-0.02734149528628361;0.0872849026616942;-0.12930323706408586,-2.3333239612373;-0.3382905645385101
trajectory_std__box_1.0,3,0.0,0.0,6.311420275960337e-7,-0.8997700440896538;-0.02734149528628361;0.0872849026616942;-0.12930323706408586,-0.8997700440896538;-0.02734149528628361;0.0872849026616942;-0.12930323706408586,-0.5917810643307383;0.015013217764493016;0.18604111690821945;-0.23881111959090306,-0.5917810643307383;0.015013217764493016;0.18604111690821945;-0.23881111959090306,1.5550701205736817;0.6985655131171977
trajectory_std__box_1.0,4,0.0,0.0,5.553051861389728e-7,-0.5917810643307383;0.015013217764493016;0.18604111690821945;-0.23881111959090306,-0.5917810643307383;0.015013217764493016;0.18604111690821945;-0.23881111959090306,0.08167629779364964;0.29222419614677897;0.5949317468006559;-0.6506973261635096,0.08167629779364964;0.29222419614677897;0.5949317468006559;-0.6506973261635096,3.6668878262588556;1.226597905888407
trajectory_std__box_1.0,5,0.0,0.0,2.4707484563886085e-8,0.08167629779364964;0.29222419614677897;0.5949317468006559;-0.6506973261635096,0.08167629779364964;0.29222419614677897;0.5949317468006559;-0.6506973261635096,0.1190430634900538;0.31808891661439403;0.6159918991005386;-0.6671716279591688,0.1190430634900538;0.31808891661439403;0.6159918991005386;-0.6671716279591688,0.22722979991983816;1.01950393557726
trajectory_std__box_1.0,6,0.0,0.0,4.4125531715021094e-7,0.1190430634900538;0.31808891661439403;0.6159918991005386;-0.6671716279591688,0.1190430634900538;0.31808891661439403;0.6159918991005386;-0.6671716279591688,0.4662806293953639;0.5505562515196214;0.5638985823942946;-0.5180767705495324,0.4662806293953639;0.5505562515196214;0.5638985823942946;-0.5180767705495324,2.0895841826429686;-0.2742299106819919
trajectory_std__box_1.0,7,0.0,0.0,1.6897066125226285e-7,0.4662806293953639;0.5505562515196214;0.5638985823942946;-0.5180767705495324,0.4662806293953639;0.5505562515196214;0.5638985823942946;-0.5180767705495324,1.0031360316330546;0.9397999286771876;0.6907752109414225;-0.5583292420889285,1.0031360316330546;0.9397999286771876;0.6907752109414225;-0.5583292420889285,3.3178107109399346;0.42065175973315816
trajectory_std__box_1.0,8,0.0,0.0,2.8649973447649655e-7,1.0031360316330546;0.9397999286771876;0.6907752109414225;-0.5583292420889285,1.0031360316330546;0.9397999286771876;0.6907752109414225;-0.5583292420889285,1.3085379538757633;1.1940449991941786;0.6977094805855701;-0.49588898269196413,1.3085379538757633;1.1940449991941786;0.6977094805855701;-0.49588898269196413,1.9869041417708413;0.03838985710586171
trajectory_std__box_1.0,9,0.0,0.0,1.1879014953897395e-6,1.3085379538757633;1.1940449991941786;0.6977094805855701;-0.49588898269196413,1.3085379538757633;1.1940449991941786;0.6977094805855701;-0.49588898269196413,1.5670905267761093;1.4351493145060805;0.8032742575391363;-0.5666270968834541,1.5670905267761093;1.4351493145060805;0.8032742575391363;-0.5666270968834541,1.7684516753272423;0.6566266767082278
trajectory_std__box_1.0,10,0.0,0.0,1.2659079165594973e-7,1.5670905267761093;1.4351493145060805;0.8032742575391363;-0.5666270968834541,1.5670905267761093;1.4351493145060805;0.8032742575391363;-0.5666270968834541,1.7795728985805446;1.6745085171751743;0.8863477854882467;-0.6085017935006931,1.7795728985805446;1.6745085171751743;0.8863477854882467;-0.6085017935006931,1.60078512619346;0.5708503861559371
trajectory_std__box_1.0,11,0.0,0.0,2.637950153494492e-7,1.7795728985805446;1.6745085171751743;0.8863477854882467;-0.6085017935006931,1.7795728985805446;1.6745085171751743;0.8863477854882467;-0.6085017935006931,2.001409751139549;1.9957504016422638;1.0465201144846876;-0.7228030696570387,2.001409751139549;1.9957504016422638;1.0465201144846876;-0.7228030696570387,1.954061113851151;0.9016584007899446
trajectory_std__box_1.0,12,0.0,0.0,1.2654333570635135e-8,2.001409751139549;1.9957504016422638;1.0465201144846876;-0.7228030696570387,2.001409751139549;1.9957504016422638;1.0465201144846876;-0.7228030696570387,2.196613810769008;2.3649013879069405;1.1222426180794454;-0.7183911850875297,2.196613810769008;2.3649013879069405;1.1222426180794454;-0.7183911850875297,2.0884229763957363;0.39884044034980737
trajectory_std__box_1.0,13,0.0,0.0,7.75254790294223e-8,2.196613810769008;2.3649013879069405;1.1222426180794454;-0.7183911850875297,2.196613810769008;2.3649013879069405;1.1222426180794454;-0.7183911850875297,2.261240576370074;2.514102089383341;1.2018376603504501;-0.777229282339615,2.261240576370074;2.514102089383341;1.2018376603504501;-0.777229282339615,0.813194782497467;1.076673736508856
trajectory_std__box_1.0,14,0.0,0.0,1.794543902312051e-7,2.261240576370074;2.514102089383341;1.2018376603504501;-0.777229282339615,2.261240576370074;2.514102089383341;1.2018376603504501;-0.777229282339615,2.4059971095950257;2.8635984638464773;1.1544037460737773;-0.6309048306419638,2.4059971095950257;2.8635984638464773;1.1544037460737773;-0.6309048306419638,1.8916197032267186;-0.2758340147088606
trajectory_std__box_1.0,15,0.0,0.0,1.4842550946189353e-6,2.4059971095950257;2.8635984638464773;1.1544037460737773;-0.6309048306419638,2.4059971095950257;2.8635984638464773;1.1544037460737773;-0.6309048306419638,2.668468373746583;3.394473446736593;1.0688535442051919;-0.4164993171414295,2.668468373746583;3.394473446736593;1.0688535442051919;-0.4164993171414295,2.9619815795105464;-0.3177103554809877
trajectory_std__box_1.0,16,0.0,0.0,5.429254792077415e-7,2.668468373746583;3.394473446736593;1.0688535442051919;-0.4164993171414295,2.668468373746583;3.394473446736593;1.0688535442051919;-0.4164993171414295,2.7837593810617767;3.5919946910830194;1.016059334449575;-0.31857423584440125,2.7837593810617767;3.5919946910830194;1.016059334449575;-0.31857423584440125,1.1436652618505772;-0.5077852118827879
trajectory_std__box_1.0,17,0.0,0.0,4.0512492599023497e-7,2.7837593810617767;3.5919946910830194;1.016059334449575;-0.31857423584440125,2.7837593810617767;3.5919946910830194;1.016059334449575;-0.31857423584440125,3.0952291453934375;4.037298879180518;0.9048145585208305;-0.1299196968826406,3.0952291453934375;4.037298879180518;0.9048145585208305;-0.1299196968826406,2.71851967995719;-0.4501319391719308
trajectory_std__box_1.0,18,0.0,0.0,6.46386018605532e-8,3.0952291453934375;4.037298879180518;0.9048145585208305;-0.1299196968826406,3.0952291453934375;4.037298879180518;0.9048145585208305;-0.1299196968826406,3.2060735691787063;4.178770015921116;0.9075650739013383;-0.12537750888122723,3.2060735691787063;4.178770015921116;0.9075650739013383;-0.12537750888122723,0.8986182334380229;0.03366910225027739
trajectory_std__box_1.0,19,0.0,0.0,1.8310973672944005e-7,3.2060735691787063;4.178770015921116;0.9075650739013383;-0.12537750888122723,3.2060735691787063;4.178770015921116;0.9075650739013383;-0.12537750888122723,3.4348843542757956;4.43845142477983;0.7894548704821451;0.035941103104006,3.4348843542757956;4.43845142477983;0.7894548704821451;0.035941103104006,1.7315322790373502;-0.7503251619042461
trajectory_std__box_1.0,20,0.0,0.0,5.550509624175108e-7,3.4348843542757956;4.43845142477983;0.7894548704821451;0.035941103104006,3.4348843542757956;4.43845142477983;0.7894548704821451;0.035941103104006,3.755620780561498;4.735713515054432;0.7054090538600173;0.13347859369639403,3.755620780561498;4.735713515054432;0.7054090538600173;0.13347859369639403,2.1871740616737303;-0.42269337362931925
trajectory_std__box_1.0,21,0.0,0.0,1.7653889107677785e-6,3.755620780561498;4.735713515054432;0.7054090538600173;0.13347859369639403,3.755620780561498;4.735713515054432;0.7054090538600173;0.13347859369639403,4.25218625058081;5.132923148680981;0.6439678553998505;0.1789014193661247,4.25218625058081;5.132923148680981;0.6439678553998505;0.1789014193661247,3.179937052876044;-0.21253665460156673
trajectory_std__box_1.0,22,0.0,0.0,4.129362855827167e-7,4.25218625058081;5.132923148680981;0.6439678553998505;0.1789014193661247,4.25218625058081;5.132923148680981;0.6439678553998505;0.1789014193661247,4.605867275677609;5.367831573301865;0.528592524796136;0.29451336408562234,4.605867275677609;5.367831573301865;0.528592524796136;0.29451336408562234,2.1241018254489425;-0.5974895466099511
trajectory_std__box_1.0,23,0.0,0.0,3.289948545067448e-7,4.605867275677609;5.367831573301865;0.528592524796136;0.29451336408562234,4.605867275677609;5.367831573301865;0.528592524796136;0.29451336408562234,5.010337521695635;5.5635243460928105;0.37265545567066916;0.4392834778963395,5.010337521695635;5.5635243460928105;0.37265545567066916;0.4392834778963395,2.2488966481795063;-0.7627330325600711
trajectory_std__box_1.0,24,0.0,0.0,3.651276389198649e-7,5.010337521695635;5.5635243460928105;0.37265545567066916;0.4392834778963395,5.010337521695635;5.5635243460928105;0.37265545567066916;0.4392834778963395,5.567390768065005;5.743835432114151;0.25343292289552855;0.49799576464609485,5.567390768065005;5.743835432114151;0.25343292289552855;0.49799576464609485,2.9292779265451667;-0.44770345915018306
trajectory_std__box_1.0,25,0.0,0.0,1.9005278966619995e-7,5.567390768065005;5.743835432114151;0.25343292289552855;0.49799576464609485,5.567390768065005;5.743835432114151;0.25343292289552855;0.49799576464609485,6.0726972305878935;5.827011334356302;0.07285094158048278;0.6294390734580699,6.0726972305878935;5.827011334356302;0.07285094158048278;0.6294390734580699,2.564013864368455;-0.7747234997712361
trajectory_std__box_1.0,26,0.0,0.0,3.500926500245311e-6,6.0726972305878935;5.827011334356302;0.07285094158048278;0.6294390734580699,6.0726972305878935;5.827011334356302;0.07285094158048278;0.6294390734580699,6.892373218798113;5.798472716167192;-0.14245672553574984;0.7155662482418506,6.892373218798113;5.798472716167192;-0.14245672553574984;0.7155662482418506,4.108795031161176;-0.576418224885079
trajectory_std__box_1.0,27,0.0,0.0,2.645909273180075e-8,6.892373218798113;5.798472716167192;-0.14245672553574984;0.7155662482418506,6.892373218798113;5.798472716167192;-0.14245672553574984;0.7155662482418506,7.251936776308885;5.730376793564869;-0.2318797729126758;0.7394834260158953,7.251936776308885;5.730376793564869;-0.2318797729126758;0.7394834260158953,1.830384419896577;-0.5374026955505695
trajectory_std__box_1.0,28,0.0,0.0,3.6465847135688356e-8,7.251936776308885;5.730376793564869;-0.2318797729126758;0.7394834260158953,7.251936776308885;5.730376793564869;-0.2318797729126758;0.7394834260158953,7.689492619382535;5.611022602971247;-0.3007127258889266;0.7170351304399292,7.689492619382535;5.611022602971247;-0.3007127258889266;0.7170351304399292,2.268158806536457;-0.33382251743429125
trajectory_std__box_1.0,29,0.0,0.0,1.8219070823221801e-6,7.689492619382535;5.611022602971247;-0.3007127258889266;0.7170351304399292,7.689492619382535;5.611022602971247;-0.3007127258889266;0.7170351304399292,8.170730207805484;5.496148203685017;-0.16792985931435123;0.4518246195623141,8.170730207805484;5.496148203685017;-0.16792985931435123;0.4518246195623141,2.4756096152470475;0.5900007510572585
trajectory_std__box_1.0,30,0.0,0.0,2.0604504669889903e-6,8.170730207805484;5.496148203685017;-0.16792985931435123;0.4518246195623141,8.170730207805484;5.496148203685017;-0.16792985931435123;0.4518246195623141,8.656992267414111;5.479871951618315;0.10101048009769453;0.05690164021396171,8.656992267414111;5.479871951618315;0.10101048009769453;0.05690164021396171,2.440018763688454;1.2124266327610205
trajectory_std__box_1.0,31,0.0,0.0,1.1669277643166724e-9,8.656992267414111;5.479871951618315;0.10101048009769453;0.05690164021396171,8.656992267414111;5.479871951618315;0.10101048009769453;0.05690164021396171,9.012437439555734;5.514559841407709;0.09355339230192827;0.0593393211280433,9.012437439555734;5.514559841407709;0.09355339230192827;0.0593393211280433,1.7856729203682673;-0.045936724927492456
trajectory_std__box_1.0,32,0.0,0.0,1.423737536597187e-6,9.012437439555734;5.514559841407709;0.09355339230192827;0.0593393211280433,9.012437439555734;5.514559841407709;0.09355339230192827;0.0593393211280433,9.451400338673196;5.551663260402044;0.07509609518756921;0.07326376522403244,9.451400338673196;5.551663260402044;0.07509609518756921;0.07326376522403244,2.20267224055281;-0.09217452534245128
trajectory_std__box_2.0,1,0.0,0.0,5.138473496925256e-7,0.0;0.0;0.0;0.0,0.0;0.0;0.0;0.0,-0.43382169404242343;-0.003367952644327244;0.015526586289130506;-0.022191670020194287,-0.43382169404242343;-0.003367952644327244;0.015526586289130506;-0.022191670020194287,-2.1691956255913296;-0.0787353833676841
trajectory_std__box_2.0,2,0.0,0.0,2.918909116182491e-6,-0.43382169404242343;-0.003367952644327244;0.015526586289130506;-0.022191670020194287,-0.43382169404242343;-0.003367952644327244;0.015526586289130506;-0.022191670020194287,-0.8997700440896538;-0.02734149528628361;0.0872849026616942;-0.12930323706408586,-0.8997700440896538;-0.02734149528628361;0.0872849026616942;-0.12930323706408586,-2.3333239612373;-0.3382905645385101
trajectory_std__box_2.0,3,0.0,0.0,5.097014549408135e-6,-0.8997700440896538;-0.02734149528628361;0.0872849026616942;-0.12930323706408586,-0.8997700440896538;-0.02734149528628361;0.0872849026616942;-0.12930323706408586,-0.5917810643307383;0.015013217764493016;0.18604111690821945;-0.23881111959090306,-0.5917810643307383;0.015013217764493016;0.18604111690821945;-0.23881111959090306,1.5550701205736817;0.6985655131171977
trajectory_std__box_2.0,4,0.0,0.0,1.9729478242801024e-6,-0.5917810643307383;0.015013217764493016;0.18604111690821945;-0.23881111959090306,-0.5917810643307383;0.015013217764493016;0.18604111690821945;-0.23881111959090306,0.08167629779364964;0.29222419614677897;0.5949317468006559;-0.6506973261635096,0.08167629779364964;0.29222419614677897;0.5949317468006559;-0.6506973261635096,3.6668878262588556;1.226597905888407
trajectory_std__box_2.0,5,0.0,0.0,1.0553419447500704e-7,0.08167629779364964;0.29222419614677897;0.5949317468006559;-0.6506973261635096,0.08167629779364964;0.29222419614677897;0.5949317468006559;-0.6506973261635096,0.1190430634900538;0.31808891661439403;0.6159918991005386;-0.6671716279591688,0.1190430634900538;0.31808891661439403;0.6159918991005386;-0.6671716279591688,0.22722979991983816;1.01950393557726
trajectory_std__box_2.0,6,0.0,0.0,1.529838667877692e-7,0.1190430634900538;0.31808891661439403;0.6159918991005386;-0.6671716279591688,0.1190430634900538;0.31808891661439403;0.6159918991005386;-0.6671716279591688,0.4662806293953639;0.5505562515196214;0.5638985823942946;-0.5180767705495324,0.4662806293953639;0.5505562515196214;0.5638985823942946;-0.5180767705495324,2.0895841826429686;-0.2742299106819919
trajectory_std__box_2.0,7,0.0,0.0,2.8739439976834206e-7,0.4662806293953639;0.5505562515196214;0.5638985823942946;-0.5180767705495324,0.4662806293953639;0.5505562515196214;0.5638985823942946;-0.5180767705495324,1.0031360316330546;0.9397999286771876;0.6907752109414225;-0.5583292420889285,1.0031360316330546;0.9397999286771876;0.6907752109414225;-0.5583292420889285,3.3178107109399346;0.42065175973315816
trajectory_std__box_2.0,8,0.0,0.0,3.169149934842409e-7,1.0031360316330546;0.9397999286771876;0.6907752109414225;-0.5583292420889285,1.0031360316330546;0.9397999286771876;0.6907752109414225;-0.5583292420889285,1.3085379538757633;1.1940449991941786;0.6977094805855701;-0.49588898269196413,1.3085379538757633;1.1940449991941786;0.6977094805855701;-0.49588898269196413,1.9869041417708413;0.03838985710586171
trajectory_std__box_2.0,9,0.0,0.0,4.806800890910621e-8,1.3085379538757633;1.1940449991941786;0.6977094805855701;-0.49588898269196413,1.3085379538757633;1.1940449991941786;0.6977094805855701;-0.49588898269196413,1.5670905267761093;1.4351493145060805;0.8032742575391363;-0.5666270968834541,1.5670905267761093;1.4351493145060805;0.8032742575391363;-0.5666270968834541,1.7684516753272423;0.6566266767082278
trajectory_std__box_2.0,10,0.0,0.0,5.054265003013879e-8,1.5670905267761093;1.4351493145060805;0.8032742575391363;-0.5666270968834541,1.5670905267761093;1.4351493145060805;0.8032742575391363;-0.5666270968834541,1.7795728985805446;1.6745085171751743;0.8863477854882467;-0.6085017935006931,1.7795728985805446;1.6745085171751743;0.8863477854882467;-0.6085017935006931,1.60078512619346;0.5708503861559371
trajectory_std__box_2.0,11,0.0,0.0,1.1784211035885335e-6,1.7795728985805446;1.6745085171751743;0.8863477854882467;-0.6085017935006931,1.7795728985805446;1.6745085171751743;0.8863477854882467;-0.6085017935006931,2.001409751139549;1.9957504016422638;1.0465201144846876;-0.7228030696570387,2.001409751139549;1.9957504016422638;1.0465201144846876;-0.7228030696570387,1.954061113851151;0.9016584007899446
trajectory_std__box_2.0,12,0.0,0.0,1.3263722671181846e-8,2.001409751139549;1.9957504016422638;1.0465201144846876;-0.7228030696570387,2.001409751139549;1.9957504016422638;1.0465201144846876;-0.7228030696570387,2.196613810769008;2.3649013879069405;1.1222426180794454;-0.7183911850875297,2.196613810769008;2.3649013879069405;1.1222426180794454;-0.7183911850875297,2.0884229763957363;0.39884044034980737
trajectory_std__box_2.0,13,0.0,0.0,1.0207275693594227e-7,2.196613810769008;2.3649013879069405;1.1222426180794454;-0.7183911850875297,2.196613810769008;2.3649013879069405;1.1222426180794454;-0.7183911850875297,2.261240576370074;2.514102089383341;1.2018376603504501;-0.777229282339615,2.261240576370074;2.514102089383341;1.2018376603504501;-0.777229282339615,0.813194782497467;1.076673736508856
trajectory_std__box_2.0,14,0.0,0.0,2.0507647438595461e-7,2.261240576370074;2.514102089383341;1.2018376603504501;-0.777229282339615,2.261240576370074;2.514102089383341;1.2018376603504501;-0.777229282339615,2.4059971095950257;2.8635984638464773;1.1544037460737773;-0.6309048306419638,2.4059971095950257;2.8635984638464773;1.1544037460737773;-0.6309048306419638,1.8916197032267186;-0.2758340147088606
trajectory_std__box_2.0,15,0.0,0.0,7.71305629169444e-6,2.4059971095950257;2.8635984638464773;1.1544037460737773;-0.6309048306419638,2.4059971095950257;2.8635984638464773;1.1544037460737773;-0.6309048306419638,2.668468373746583;3.394473446736593;1.0688535442051919;-0.4164993171414295,2.668468373746583;3.394473446736593;1.0688535442051919;-0.4164993171414295,2.9619815795105464;-0.3177103554809877
trajectory_std__box_2.0,16,0.0,0.0,1.7313957965129002e-7,2.668468373746583;3.394473446736593;1.0688535442051919;-0.4164993171414295,2.668468373746583;3.394473446736593;1.0688535442051919;-0.4164993171414295,2.7837593810617767;3.5919946910830194;1.016059334449575;-0.31857423584440125,2.7837593810617767;3.5919946910830194;1.016059334449575;-0.31857423584440125,1.1436652618505772;-0.5077852118827879
trajectory_std__box_2.0,17,0.0,0.0,3.7440100572128647e-7,2.7837593810617767;3.5919946910830194;1.016059334449575;-0.31857423584440125,2.7837593810617767;3.5919946910830194;1.016059334449575;-0.31857423584440125,3.0952291453934375;4.037298879180518;0.9048145585208305;-0.1299196968826406,3.0952291453934375;4.037298879180518;0.9048145585208305;-0.1299196968826406,2.71851967995719;-0.4501319391719308
trajectory_std__box_2.0,18,0.0,0.0,6.304270297151432e-7,3.0952291453934375;4.037298879180518;0.9048145585208305;-0.1299196968826406,3.0952291453934375;4.037298879180518;0.9048145585208305;-0.1299196968826406,3.2060735691787063;4.178770015921116;0.9075650739013383;-0.12537750888122723,3.2060735691787063;4.178770015921116;0.9075650739013383;-0.12537750888122723,0.8986182334380229;0.03366910225027739
trajectory_std__box_2.0,19,0.0,0.0,3.369096584798169e-7,3.2060735691787063;4.178770015921116;0.9075650739013383;-0.12537750888122723,3.2060735691787063;4.178770015921116;0.9075650739013383;-0.12537750888122723,3.4348843542757956;4.43845142477983;0.7894548704821451;0.035941103104006,3.4348843542757956;4.43845142477983;0.7894548704821451;0.035941103104006,1.7315322790373502;-0.7503251619042461
trajectory_std__box_2.0,20,0.0,0.0,2.0102897950173468e-8,3.4348843542757956;4.43845142477983;0.7894548704821451;0.035941103104006,3.4348843542757956;4.43845142477983;0.7894548704821451;0.035941103104006,3.755620780561498;4.735713515054432;0.7054090538600173;0.13347859369639403,3.755620780561498;4.735713515054432;0.7054090538600173;0.13347859369639403,2.1871740616737303;-0.42269337362931925
trajectory_std__box_2.0,21,0.0,0.0,1.5344420587328807e-7,3.755620780561498;4.735713515054432;0.7054090538600173;0.13347859369639403,3.755620780561498;4.735713515054432;0.7054090538600173;0.13347859369639403,4.25218625058081;5.132923148680981;0.6439678553998505;0.1789014193661247,4.25218625058081;5.132923148680981;0.6439678553998505;0.1789014193661247,3.179937052876044;-0.21253665460156673
trajectory_std__box_2.0,22,0.0,0.0,5.682004144865814e-7,4.25218625058081;5.132923148680981;0.6439678553998505;0.1789014193661247,4.25218625058081;5.132923148680981;0.6439678553998505;0.1789014193661247,4.605867275677609;5.367831573301865;0.528592524796136;0.29451336408562234,4.605867275677609;5.367831573301865;0.528592524796136;0.29451336408562234,2.1241018254489425;-0.5974895466099511
trajectory_std__box_2.0,23,0.0,0.0,1.9016778557576038e-7,4.605867275677609;5.367831573301865;0.528592524796136;0.29451336408562234,4.605867275677609;5.367831573301865;0.528592524796136;0.29451336408562234,5.010337521695635;5.5635243460928105;0.37265545567066916;0.4392834778963395,5.010337521695635;5.5635243460928105;0.37265545567066916;0.4392834778963395,2.2488966481795063;-0.7627330325600711
trajectory_std__box_2.0,24,0.0,0.0,5.250513816949588e-7,5.010337521695635;5.5635243460928105;0.37265545567066916;0.4392834778963395,5.010337521695635;5.5635243460928105;0.37265545567066916;0.4392834778963395,5.567390768065005;5.743835432114151;0.25343292289552855;0.49799576464609485,5.567390768065005;5.743835432114151;0.25343292289552855;0.49799576464609485,2.9292779265451667;-0.44770345915018306
trajectory_std__box_2.0,25,0.0,0.0,2.913972222868543e-8,5.567390768065005;5.743835432114151;0.25343292289552855;0.49799576464609485,5.567390768065005;5.743835432114151;0.25343292289552855;0.49799576464609485,6.0726972305878935;5.827011334356302;0.07285094158048278;0.6294390734580699,6.0726972305878935;5.827011334356302;0.07285094158048278;0.6294390734580699,2.564013864368455;-0.7747234997712361
trajectory_std__box_2.0,26,0.0,0.0,1.180452951689692e-6,6.0726972305878935;5.827011334356302;0.07285094158048278;0.6294390734580699,6.0726972305878935;5.827011334356302;0.07285094158048278;0.6294390734580699,6.892373218798113;5.798472716167192;-0.14245672553574984;0.7155662482418506,6.892373218798113;5.798472716167192;-0.14245672553574984;0.7155662482418506,4.108795031161176;-0.576418224885079
trajectory_std__box_2.0,27,0.0,0.0,9.641292171532308e-8,6.892373218798113;5.798472716167192;-0.14245672553574984;0.7155662482418506,6.892373218798113;5.798472716167192;-0.14245672553574984;0.7155662482418506,7.251936776308885;5.730376793564869;-0.2318797729126758;0.7394834260158953,7.251936776308885;5.730376793564869;-0.2318797729126758;0.7394834260158953,1.830384419896577;-0.5374026955505695
trajectory_std__box_2.0,28,0.0,0.0,5.64577499770435e-8,7.251936776308885;5.730376793564869;-0.2318797729126758;0.7394834260158953,7.251936776308885;5.730376793564869;-0.2318797729126758;0.7394834260158953,7.689492619382535;5.611022602971247;-0.3007127258889266;0.7170351304399292,7.689492619382535;5.611022602971247;-0.3007127258889266;0.7170351304399292,2.268158806536457;-0.33382251743429125
trajectory_std__box_2.0,29,0.0,0.0,3.169659834120292e-6,7.689492619382535;5.611022602971247;-0.3007127258889266;0.7170351304399292,7.689492619382535;5.611022602971247;-0.3007127258889266;0.7170351304399292,8.170730207805484;5.496148203685017;-0.16792985931435123;0.4518246195623141,8.170730207805484;5.496148203685017;-0.16792985931435123;0.4518246195623141,2.4756096152470475;0.5900007510572585
trajectory_std__box_2.0,30,0.0,0.0,1.7215932540940635e-6,8.170730207805484;5.496148203685017;-0.16792985931435123;0.4518246195623141,8.170730207805484;5.496148203685017;-0.16792985931435123;0.4518246195623141,8.656992267414111;5.479871951618315;0.10101048009769453;0.05690164021396171,8.656992267414111;5.479871951618315;0.10101048009769453;0.05690164021396171,2.440018763688454;1.2124266327610205
trajectory_std__box_2.0,31,0.0,0.0,6.475862086124466e-9,8.656992267414111;5.479871951618315;0.10101048009769453;0.05690164021396171,8.656992267414111;5.479871951618315;0.10101048009769453;0.05690164021396171,9.012437439555734;5.514559841407709;0.09355339230192827;0.0593393211280433,9.012437439555734;5.514559841407709;0.09355339230192827;0.0593393211280433,1.7856729203682673;-0.045936724927492456
trajectory_std__box_2.0,32,0.0,0.0,2.2294278600392613e-8,9.012437439555734;5.514559841407709;0.09355339230192827;0.0593393211280433,9.012437439555734;5.514559841407709;0.09355339230192827;0.0593393211280433,9.451400338673196;5.551663260402044;0.07509609518756921;0.07326376522403244,9.451400338673196;5.551663260402044;0.07509609518756921;0.07326376522403244,2.20267224055281;-0.09217452534245128
trajectory_std__box_3.0,1,0.0,0.0,2.473597334379823e-8,0.0;0.0;0.0;0.0,0.0;0.0;0.0;0.0,-0.43382169404242343;-0.003367952644327244;0.015526586289130506;-0.022191670020194287,-0.43382169404242343;-0.003367952644327244;0.015526586289130506;-0.022191670020194287,-2.1691956255913296;-0.0787353833676841
trajectory_std__box_3.0,2,0.0,0.0,3.616386025002219e-7,-0.43382169404242343;-0.003367952644327244;0.015526586289130506;-0.022191670020194287,-0.43382169404242343;-0.003367952644327244;0.015526586289130506;-0.022191670020194287,-0.8997700440896538;-0.02734149528628361;0.0872849026616942;-0.12930323706408586,-0.8997700440896538;-0.02734149528628361;0.0872849026616942;-0.12930323706408586,-2.3333239612373;-0.3382905645385101
trajectory_std__box_3.0,3,0.0,0.0,1.3694376695196025e-7,-0.8997700440896538;-0.02734149528628361;0.0872849026616942;-0.12930323706408586,-0.8997700440896538;-0.02734149528628361;0.0872849026616942;-0.12930323706408586,-0.5917810643307383;0.015013217764493016;0.18604111690821945;-0.23881111959090306,-0.5917810643307383;0.015013217764493016;0.18604111690821945;-0.23881111959090306,1.5550701205736817;0.6985655131171977
trajectory_std__box_3.0,4,0.0,0.0,1.4555478429264081e-5,-0.5917810643307383;0.015013217764493016;0.18604111690821945;-0.23881111959090306,-0.5917810643307383;0.015013217764493016;0.18604111690821945;-0.23881111959090306,0.08167629779364964;0.29222419614677897;0.5949317468006559;-0.6506973261635096,0.08167629779364964;0.29222419614677897;0.5949317468006559;-0.6506973261635096,3.6668878262588556;1.226597905888407
trajectory_std__box_3.0,5,0.0,0.0,9.538675789649869e-8,0.08167629779364964;0.29222419614677897;0.5949317468006559;-0.6506973261635096,0.08167629779364964;0.29222419614677897;0.5949317468006559;-0.6506973261635096,0.1190430634900538;0.31808891661439403;0.6159918991005386;-0.6671716279591688,0.1190430634900538;0.31808891661439403;0.6159918991005386;-0.6671716279591688,0.22722979991983816;1.01950393557726
trajectory_std__box_3.0,6,0.0,0.0,2.3684866398447912e-8,0.1190430634900538;0.31808891661439403;0.6159918991005386;-0.6671716279591688,0.1190430634900538;0.31808891661439403;0.6159918991005386;-0.6671716279591688,0.4662806293953639;0.5505562515196214;0.5638985823942946;-0.5180767705495324,0.4662806293953639;0.5505562515196214;0.5638985823942946;-0.5180767705495324,2.0895841826429686;-0.2742299106819919
trajectory_std__box_3.0,7,0.0,0.0,1.1082814818338126e-7,0.4662806293953639;0.5505562515196214;0.5638985823942946;-0.5180767705495324,0.4662806293953639;0.5505562515196214;0.5638985823942946;-0.5180767705495324,1.0031360316330546;0.9397999286771876;0.6907752109414225;-0.5583292420889285,1.0031360316330546;0.9397999286771876;0.6907752109414225;-0.5583292420889285,3.3178107109399346;0.42065175973315816
trajectory_std__box_3.0,8,0.0,0.0,2.246890330472399e-7,1.0031360316330546;0.9397999286771876;0.6907752109414225;-0.5583292420889285,1.0031360316330546;0.9397999286771876;0.6907752109414225;-0.5583292420889285,1.3085379538757633;1.1940449991941786;0.6977094805855701;-0.49588898269196413,1.3085379538757633;1.1940449991941786;0.6977094805855701;-0.49588898269196413,1.9869041417708413;0.03838985710586171
trajectory_std__box_3.0,9,0.0,0.0,9.020240262458725e-8,1.3085379538757633;1.1940449991941786;0.6977094805855701;-0.49588898269196413,1.3085379538757633;1.1940449991941786;0.6977094805855701;-0.49588898269196413,1.5670905267761093;1.4351493145060805;0.8032742575391363;-0.5666270968834541,1.5670905267761093;1.4351493145060805;0.8032742575391363;-0.5666270968834541,1.7684516753272423;0.6566266767082278
trajectory_std__box_3.0,10,0.0,0.0,1.3790267129151985e-7,1.5670905267761093;1.4351493145060805;0.8032742575391363;-0.5666270968834541,1.5670905267761093;1.4351493145060805;0.8032742575391363;-0.5666270968834541,1.7795728985805446;1.6745085171751743;0.8863477854882467;-0.6085017935006931,1.7795728985805446;1.6745085171751743;0.8863477854882467;-0.6085017935006931,1.60078512619346;0.5708503861559371
trajectory_std__box_3.0,11,0.0,0.0,5.2284402676842584e-8,1.7795728985805446;1.6745085171751743;0.8863477854882467;-0.6085017935006931,1.7795728985805446;1.6745085171751743;0.8863477854882467;-0.6085017935006931,2.001409751139549;1.9957504016422638;1.0465201144846876;-0.7228030696570387,2.001409751139549;1.9957504016422638;1.0465201144846876;-0.7228030696570387,1.954061113851151;0.9016584007899446
trajectory_std__box_3.0,12,0.0,0.0,4.847570798369392e-7,2.001409751139549;1.9957504016422638;1.0465201144846876;-0.7228030696570387,2.001409751139549;1.9957504016422638;1.0465201144846876;-0.7228030696570387,2.196613810769008;2.3649013879069405;1.1222426180794454;-0.7183911850875297,2.196613810769008;2.3649013879069405;1.1222426180794454;-0.7183911850875297,2.0884229763957363;0.39884044034980737
trajectory_std__box_3.0,13,0.0,0.0,3.096875644040324e-8,2.196613810769008;2.3649013879069405;1.1222426180794454;-0.7183911850875297,2.196613810769008;2.3649013879069405;1.1222426180794454;-0.7183911850875297,2.261240576370074;2.514102089383341;1.2018376603504501;-0.777229282339615,2.261240576370074;2.514102089383341;1.2018376603504501;-0.777229282339615,0.813194782497467;1.076673736508856
trajectory_std__box_3.0,14,0.0,0.0,9.32920986162747e-7,2.261240576370074;2.514102089383341;1.2018376603504501;-0.777229282339615,2.261240576370074;2.514102089383341;1.2018376603504501;-0.777229282339615,2.4059971095950257;2.8635984638464773;1.1544037460737773;-0.6309048306419638,2.4059971095950257;2.8635984638464773;1.1544037460737773;-0.6309048306419638,1.8916197032267186;-0.2758340147088606
trajectory_std__box_3.0,15,0.0,0.0,4.896217412571291e-6,2.4059971095950257;2.8635984638464773;1.1544037460737773;-0.6309048306419638,2.4059971095950257;2.8635984638464773;1.1544037460737773;-0.6309048306419638,2.668468373746583;3.394473446736593;1.0688535442051919;-0.4164993171414295,2.668468373746583;3.394473446736593;1.0688535442051919;-0.4164993171414295,2.9619815795105464;-0.3177103554809877
trajectory_std__box_3.0,16,0.0,0.0,8.330328024211925e-7,2.668468373746583;3.394473446736593;1.0688535442051919;-0.4164993171414295,2.668468373746583;3.394473446736593;1.0688535442051919;-0.4164993171414295,2.7837593810617767;3.5919946910830194;1.016059334449575;-0.31857423584440125,2.7837593810617767;3.5919946910830194;1.016059334449575;-0.31857423584440125,1.1436652618505772;-0.5077852118827879
trajectory_std__box_3.0,17,0.0,0.0,1.759652597672239e-5,2.7837593810617767;3.5919946910830194;1.016059334449575;-0.31857423584440125,2.7837593810617767;3.5919946910830194;1.016059334449575;-0.31857423584440125,3.0952291453934375;4.037298879180518;0.9048145585208305;-0.1299196968826406,3.0952291453934375;4.037298879180518;0.9048145585208305;-0.1299196968826406,2.71851967995719;-0.4501319391719308
trajectory_std__box_3.0,18,0.0,0.0,1.363661798125595e-7,3.0952291453934375;4.037298879180518;0.9048145585208305;-0.1299196968826406,3.0952291453934375;4.037298879180518;0.9048145585208305;-0.1299196968826406,3.2060735691787063;4.178770015921116;0.9075650739013383;-0.12537750888122723,3.2060735691787063;4.178770015921116;0.9075650739013383;-0.12537750888122723,0.8986182334380229;0.03366910225027739
trajectory_std__box_3.0,19,0.0,0.0,7.103661679757086e-7,3.2060735691787063;4.178770015921116;0.9075650739013383;-0.12537750888122723,3.2060735691787063;4.178770015921116;0.9075650739013383;-0.12537750888122723,3.4348843542757956;4.43845142477983;0.7894548704821451;0.035941103104006,3.4348843542757956;4.43845142477983;0.7894548704821451;0.035941103104006,1.7315322790373502;-0.7503251619042461
trajectory_std__box_3.0,20,0.0,0.0,4.109146465717143e-7,3.4348843542757956;4.43845142477983;0.7894548704821451;0.035941103104006,3.4348843542757956;4.43845142477983;0.7894548704821451;0.035941103104006,3.755620780561498;4.735713515054432;0.7054090538600173;0.13347859369639403,3.755620780561498;4.735713515054432;0.7054090538600173;0.13347859369639403,2.1871740616737303;-0.42269337362931925
trajectory_std__box_3.0,21,0.0,0.0,4.513319258487866e-7,3.755620780561498;4.735713515054432;0.7054090538600173;0.13347859369639403,3.755620780561498;4.735713515054432;0.7054090538600173;0.13347859369639403,4.25218625058081;5.132923148680981;0.6439678553998505;0.1789014193661247,4.25218625058081;5.132923148680981;0.6439678553998505;0.1789014193661247,3.179937052876044;-0.21253665460156673
trajectory_std__box_3.0,22,0.0,0.0,5.359660924508148e-7,4.25218625058081;5.132923148680981;0.6439678553998505;0.1789014193661247,4.25218625058081;5.132923148680981;0.6439678553998505;0.1789014193661247,4.605867275677609;5.367831573301865;0.528592524796136;0.29451336408562234,4.605867275677609;5.367831573301865;0.528592524796136;0.29451336408562234,2.1241018254489425;-0.5974895466099511
trajectory_std__box_3.0,23,0.0,0.0,1.2803226884405103e-7,4.605867275677609;5.367831573301865;0.528592524796136;0.29451336408562234,4.605867275677609;5.367831573301865;0.528592524796136;0.29451336408562234,5.010337521695635;5.5635243460928105;0.37265545567066916;0.4392834778963395,5.010337521695635;5.5635243460928105;0.37265545567066916;0.4392834778963395,2.2488966481795063;-0.7627330325600711
trajectory_std__box_3.0,24,0.0,0.0,1.1368013508185693e-6,5.010337521695635;5.5635243460928105;0.37265545567066916;0.4392834778963395,5.010337521695635;5.5635243460928105;0.37265545567066916;0.4392834778963395,5.567390768065005;5.743835432114151;0.25343292289552855;0.49799576464609485,5.567390768065005;5.743835432114151;0.25343292289552855;0.49799576464609485,2.9292779265451667;-0.44770345915018306
trajectory_std__box_3.0,25,0.0,0.0,8.171871909962202e-7,5.567390768065005;5.743835432114151;0.25343292289552855;0.49799576464609485,5.567390768065005;5.743835432114151;0.25343292289552855;0.49799576464609485,6.0726972305878935;5.827011334356302;0.07285094158048278;0.6294390734580699,6.0726972305878935;5.827011334356302;0.07285094158048278;0.6294390734580699,2.564013864368455;-0.7747234997712361
trajectory_std__box_3.0,26,0.0,0.0,1.0873374264054486e-6,6.0726972305878935;5.827011334356302;0.07285094158048278;0.6294390734580699,6.0726972305878935;5.827011334356302;0.07285094158048278;0.6294390734580699,6.892373218798113;5.798472716167192;-0.14245672553574984;0.7155662482418506,6.892373218798113;5.798472716167192;-0.14245672553574984;0.7155662482418506,4.108795031161176;-0.576418224885079
trajectory_std__box_3.0,27,0.0,0.0,5.4416203695461044e-8,6.892373218798113;5.798472716167192;-0.14245672553574984;0.7155662482418506,6.892373218798113;5.798472716167192;-0.14245672553574984;0.7155662482418506,7.251936776308885;5.730376793564869;-0.2318797729126758;0.7394834260158953,7.251936776308885;5.730376793564869;-0.2318797729126758;0.7394834260158953,1.830384419896577;-0.5374026955505695
trajectory_std__box_3.0,28,0.0,0.0,1.0194837462861261e-7,7.251936776308885;5.730376793564869;-0.2318797729126758;0.7394834260158953,7.251936776308885;5.730376793564869;-0.2318797729126758;0.7394834260158953,7.689492619382535;5.611022602971247;-0.3007127258889266;0.7170351304399292,7.689492619382535;5.611022602971247;-0.3007127258889266;0.7170351304399292,2.268158806536457;-0.33382251743429125
trajectory_std__box_3.0,29,0.0,0.0,6.1429010863347745e-6,7.689492619382535;5.611022602971247;-0.3007127258889266;0.7170351304399292,7.689492619382535;5.611022602971247;-0.3007127258889266;0.7170351304399292,8.170730207805484;5.496148203685017;-0.16792985931435123;0.4518246195623141,8.170730207805484;5.496148203685017;-0.16792985931435123;0.4518246195623141,2.4756096152470475;0.5900007510572585
trajectory_std__box_3.0,30,0.0,0.0,5.905264772808462e-6,8.170730207805484;5.496148203685017;-0.16792985931435123;0.4518246195623141,8.170730207805484;5.496148203685017;-0.16792985931435123;0.4518246195623141,8.656992267414111;5.479871951618315;0.10101048009769453;0.05690164021396171,8.656992267414111;5.479871951618315;0.10101048009769453;0.05690164021396171,2.440018763688454;1.2124266327610205
trajectory_std__box_3.0,31,0.0,0.0,1.3462220998853808e-7,8.656992267414111;5.479871951618315;0.10101048009769453;0.05690164021396171,8.656992267414111;5.479871951618315;0.10101048009769453;0.05690164021396171,9.012437439555734;5.514559841407709;0.09355339230192827;0.0593393211280433,9.012437439555734;5.514559841407709;0.09355339230192827;0.0593393211280433,1.7856729203682673;-0.045936724927492456
trajectory_std__box_3.0,32,0.0,0.0,1.222414398967802e-6,9.012437439555734;5.514559841407709;0.09355339230192827;0.0593393211280433,9.012437439555734;5.514559841407709;0.09355339230192827;0.0593393211280433,9.451400338673196;5.551663260402044;0.07509609518756921;0.07326376522403244,9.451400338673196;5.551663260402044;0.07509609518756921;0.07326376522403244,2.20267224055281;-0.09217452534245128
trajectory_range__box_1.0,1,0.0,0.0,1.6585169599101238e-7,0.0;0.0;0.0;0.0,0.0;0.0;0.0;0.0,-0.43382169404242343;-0.003367952644327244;0.015526586289130506;-0.022191670020194287,-0.43382169404242343;-0.003367952644327244;0.015526586289130506;-0.022191670020194287,-2.1691956255913296;-0.0787353833676841
trajectory_range__box_1.0,2,0.0,0.0,2.5339353273910386e-6,-0.43382169404242343;-0.003367952644327244;0.015526586289130506;-0.022191670020194287,-0.43382169404242343;-0.003367952644327244;0.015526586289130506;-0.022191670020194287,-0.8997700440896538;-0.02734149528628361;0.0872849026616942;-0.12930323706408586,-0.8997700440896538;-0.02734149528628361;0.0872849026616942;-0.12930323706408586,-2.3333239612373;-0.3382905645385101
trajectory_range__box_1.0,3,0.0,0.0,3.576489164751321e-6,-0.8997700440896538;-0.02734149528628361;0.0872849026616942;-0.12930323706408586,-0.8997700440896538;-0.02734149528628361;0.0872849026616942;-0.12930323706408586,-0.5917810643307383;0.015013217764493016;0.18604111690821945;-0.23881111959090306,-0.5917810643307383;0.015013217764493016;0.18604111690821945;-0.23881111959090306,1.5550701205736817;0.6985655131171977
trajectory_range__box_1.0,4,0.0,0.0,5.2313893784302285e-5,-0.5917810643307383;0.015013217764493016;0.18604111690821945;-0.23881111959090306,-0.5917810643307383;0.015013217764493016;0.18604111690821945;-0.23881111959090306,0.08167629779364964;0.29222419614677897;0.5949317468006559;-0.6506973261635096,0.08167629779364964;0.29222419614677897;0.5949317468006559;-0.6506973261635096,3.6668878262588556;1.226597905888407
trajectory_range__box_1.0,5,0.0,0.0,3.937698698201546e-8,0.08167629779364964;0.29222419614677897;0.5949317468006559;-0.6506973261635096,0.08167629779364964;0.29222419614677897;0.5949317468006559;-0.6506973261635096,0.1190430634900538;0.31808891661439403;0.6159918991005386;-0.6671716279591688,0.1190430634900538;0.31808891661439403;0.6159918991005386;-0.6671716279591688,0.22722979991983816;1.01950393557726
trajectory_range__box_1.0,6,0.0,0.0,8.504125410486148e-7,0.1190430634900538;0.31808891661439403;0.6159918991005386;-0.6671716279591688,0.1190430634900538;0.31808891661439403;0.6159918991005386;-0.6671716279591688,0.4662806293953639;0.5505562515196214;0.5638985823942946;-0.5180767705495324,0.4662806293953639;0.5505562515196214;0.5638985823942946;-0.5180767705495324,2.0895841826429686;-0.2742299106819919
trajectory_range__box_1.0,7,0.0,0.0,4.0322365351417536e-7,0.4662806293953639;0.5505562515196214;0.5638985823942946;-0.5180767705495324,0.4662806293953639;0.5505562515196214;0.5638985823942946;-0.5180767705495324,1.0031360316330546;0.9397999286771876;0.6907752109414225;-0.5583292420889285,1.0031360316330546;0.9397999286771876;0.6907752109414225;-0.5583292420889285,3.3178107109399346;0.42065175973315816
trajectory_range__box_1.0,8,0.0,0.0,2.771881035299635e-7,1.0031360316330546;0.9397999286771876;0.6907752109414225;-0.5583292420889285,1.0031360316330546;0.9397999286771876;0.6907752109414225;-0.5583292420889285,1.3085379538757633;1.1940449991941786;0.6977094805855701;-0.49588898269196413,1.3085379538757633;1.1940449991941786;0.6977094805855701;-0.49588898269196413,1.9869041417708413;0.03838985710586171
trajectory_range__box_1.0,9,0.0,0.0,2.2364407362835297e-6,1.3085379538757633;1.1940449991941786;0.6977094805855701;-0.49588898269196413,1.3085379538757633;1.1940449991941786;0.6977094805855701;-0.49588898269196413,1.5670905267761093;1.4351493145060805;0.8032742575391363;-0.5666270968834541,1.5670905267761093;1.4351493145060805;0.8032742575391363;-0.5666270968834541,1.7684516753272423;0.6566266767082278
trajectory_range__box_1.0,10,0.0,0.0,7.675120685017187e-8,1.5670905267761093;1.4351493145060805;0.8032742575391363;-0.5666270968834541,1.5670905267761093;1.4351493145060805;0.8032742575391363;-0.5666270968834541,1.7795728985805446;1.6745085171751743;0.8863477854882467;-0.6085017935006931,1.7795728985805446;1.6745085171751743;0.8863477854882467;-0.6085017935006931,1.60078512619346;0.5708503861559371
trajectory_range__box_1.0,11,0.0,0.0,1.0137313749508483e-7,1.7795728985805446;1.6745085171751743;0.8863477854882467;-0.6085017935006931,1.7795728985805446;1.6745085171751743;0.8863477854882467;-0.6085017935006931,2.001409751139549;1.9957504016422638;1.0465201144846876;-0.7228030696570387,2.001409751139549;1.9957504016422638;1.0465201144846876;-0.7228030696570387,1.954061113851151;0.9016584007899446
trajectory_range__box_1.0,12,0.0,0.0,7.151598505003006e-8,2.001409751139549;1.9957504016422638;1.0465201144846876;-0.7228030696570387,2.001409751139549;1.9957504016422638;1.0465201144846876;-0.7228030696570387,2.196613810769008;2.3649013879069405;1.1222426180794454;-0.7183911850875297,2.196613810769008;2.3649013879069405;1.1222426180794454;-0.7183911850875297,2.0884229763957363;0.39884044034980737
trajectory_range__box_1.0,13,0.0,0.0,2.196476755002871e-7,2.196613810769008;2.3649013879069405;1.1222426180794454;-0.7183911850875297,2.196613810769008;2.3649013879069405;1.1222426180794454;-0.7183911850875297,2.261240576370074;2.514102089383341;1.2018376603504501;-0.777229282339615,2.261240576370074;2.514102089383341;1.2018376603504501;-0.777229282339615,0.813194782497467;1.076673736508856
trajectory_range__box_1.0,14,0.0,0.0,4.43153359282683e-7,2.261240576370074;2.514102089383341;1.2018376603504501;-0.777229282339615,2.261240576370074;2.514102089383341;1.2018376603504501;-0.777229282339615,2.4059971095950257;2.8635984638464773;1.1544037460737773;-0.6309048306419638,2.4059971095950257;2.8635984638464773;1.1544037460737773;-0.6309048306419638,1.8916197032267186;-0.2758340147088606
trajectory_range__box_1.0,15,0.0,0.0,7.4216383777583e-5,2.4059971095950257;2.8635984638464773;1.1544037460737773;-0.6309048306419638,2.4059971095950257;2.8635984638464773;1.1544037460737773;-0.6309048306419638,2.668468373746583;3.394473446736593;1.0688535442051919;-0.4164993171414295,2.668468373746583;3.394473446736593;1.0688535442051919;-0.4164993171414295,2.9619815795105464;-0.3177103554809877
trajectory_range__box_1.0,16,0.0,0.0,4.3565692817346734e-8,2.668468373746583;3.394473446736593;1.0688535442051919;-0.4164993171414295,2.668468373746583;3.394473446736593;1.0688535442051919;-0.4164993171414295,2.7837593810617767;3.5919946910830194;1.016059334449575;-0.31857423584440125,2.7837593810617767;3.5919946910830194;1.016059334449575;-0.31857423584440125,1.1436652618505772;-0.5077852118827879
trajectory_range__box_1.0,17,0.0,0.0,8.39767587871081e-7,2.7837593810617767;3.5919946910830194;1.016059334449575;-0.31857423584440125,2.7837593810617767;3.5919946910830194;1.016059334449575;-0.31857423584440125,3.0952291453934375;4.037298879180518;0.9048145585208305;-0.1299196968826406,3.0952291453934375;4.037298879180518;0.9048145585208305;-0.1299196968826406,2.71851967995719;-0.4501319391719308
trajectory_range__box_1.0,18,0.0,0.0,8.255168830566101e-8,3.0952291453934375;4.037298879180518;0.9048145585208305;-0.1299196968826406,3.0952291453934375;4.037298879180518;0.9048145585208305;-0.1299196968826406,3.2060735691787063;4.178770015921116;0.9075650739013383;-0.12537750888122723,3.2060735691787063;4.178770015921116;0.9075650739013383;-0.12537750888122723,0.8986182334380229;0.03366910225027739
trajectory_range__box_1.0,19,0.0,0.0,1.2721870361444895e-7,3.2060735691787063;4.178770015921116;0.9075650739013383;-0.12537750888122723,3.2060735691787063;4.178770015921116;0.9075650739013383;-0.12537750888122723,3.4348843542757956;4.43845142477983;0.7894548704821451;0.035941103104006,3.4348843542757956;4.43845142477983;0.7894548704821451;0.035941103104006,1.7315322790373502;-0.7503251619042461
trajectory_range__box_1.0,20,0.0,0.0,9.090698417247817e-8,3.4348843542757956;4.43845142477983;0.7894548704821451;0.035941103104006,3.4348843542757956;4.43845142477983;0.7894548704821451;0.035941103104006,3.755620780561498;4.735713515054432;0.7054090538600173;0.13347859369639403,3.755620780561498;4.735713515054432;0.7054090538600173;0.13347859369639403,2.1871740616737303;-0.42269337362931925
trajectory_range__box_1.0,21,0.0,0.0,1.0747816469585828e-7,3.755620780561498;4.735713515054432;0.7054090538600173;0.13347859369639403,3.755620780561498;4.735713515054432;0.7054090538600173;0.13347859369639403,4.25218625058081;5.132923148680981;0.6439678553998505;0.1789014193661247,4.25218625058081;5.132923148680981;0.6439678553998505;0.1789014193661247,3.179937052876044;-0.21253665460156673
trajectory_range__box_1.0,22,0.0,0.0,1.2451777008915603e-7,4.25218625058081;5.132923148680981;0.6439678553998505;0.1789014193661247,4.25218625058081;5.132923148680981;0.6439678553998505;0.1789014193661247,4.605867275677609;5.367831573301865;0.528592524796136;0.29451336408562234,4.605867275677609;5.367831573301865;0.528592524796136;0.29451336408562234,2.1241018254489425;-0.5974895466099511
trajectory_range__box_1.0,23,0.0,0.0,7.005157973121974e-7,4.605867275677609;5.367831573301865;0.528592524796136;0.29451336408562234,4.605867275677609;5.367831573301865;0.528592524796136;0.29451336408562234,5.010337521695635;5.5635243460928105;0.37265545567066916;0.4392834778963395,5.010337521695635;5.5635243460928105;0.37265545567066916;0.4392834778963395,2.2488966481795063;-0.7627330325600711
trajectory_range__box_1.0,24,0.0,0.0,2.8044083011844166e-7,5.010337521695635;5.5635243460928105;0.37265545567066916;0.4392834778963395,5.010337521695635;5.5635243460928105;0.37265545567066916;0.4392834778963395,5.567390768065005;5.743835432114151;0.25343292289552855;0.49799576464609485,5.567390768065005;5.743835432114151;0.25343292289552855;0.49799576464609485,2.9292779265451667;-0.44770345915018306
trajectory_range__box_1.0,25,0.0,0.0,8.513396653740108e-8,5.567390768065005;5.743835432114151;0.25343292289552855;0.49799576464609485,5.567390768065005;5.743835432114151;0.25343292289552855;0.49799576464609485,6.0726972305878935;5.827011334356302;0.07285094158048278;0.6294390734580699,6.0726972305878935;5.827011334356302;0.07285094158048278;0.6294390734580699,2.564013864368455;-0.7747234997712361
trajectory_range__box_1.0,26,0.0,0.0,4.2115008229031306e-5,6.0726972305878935;5.827011334356302;0.07285094158048278;0.6294390734580699,6.0726972305878935;5.827011334356302;0.07285094158048278;0.6294390734580699,6.892373218798113;5.798472716167192;-0.14245672553574984;0.7155662482418506,6.892373218798113;5.798472716167192;-0.14245672553574984;0.7155662482418506,4.108795031161176;-0.576418224885079
trajectory_range__box_1.0,27,0.0,0.0,3.088651005473534e-8,6.892373218798113;5.798472716167192;-0.14245672553574984;0.7155662482418506,6.892373218798113;5.798472716167192;-0.14245672553574984;0.7155662482418506,7.251936776308885;5.730376793564869;-0.2318797729126758;0.7394834260158953,7.251936776308885;5.730376793564869;-0.2318797729126758;0.7394834260158953,1.830384419896577;-0.5374026955505695
trajectory_range__box_1.0,28,0.0,0.0,4.8182086026133e-7,7.251936776308885;5.730376793564869;-0.2318797729126758;0.7394834260158953,7.251936776308885;5.730376793564869;-0.2318797729126758;0.7394834260158953,7.689492619382535;5.611022602971247;-0.3007127258889266;0.7170351304399292,7.689492619382535;5.611022602971247;-0.3007127258889266;0.7170351304399292,2.268158806536457;-0.33382251743429125
trajectory_range__box_1.0,29,0.0,0.0,1.4038210195063194e-6,7.689492619382535;5.611022602971247;-0.3007127258889266;0.7170351304399292,7.689492619382535;5.611022602971247;-0.3007127258889266;0.7170351304399292,8.170730207805484;5.496148203685017;-0.16792985931435123;0.4518246195623141,8.170730207805484;5.496148203685017;-0.16792985931435123;0.4518246195623141,2.4756096152470475;0.5900007510572585
trajectory_range__box_1.0,30,0.0,0.0,4.310916308830476e-6,8.170730207805484;5.496148203685017;-0.16792985931435123;0.4518246195623141,8.170730207805484;5.496148203685017;-0.16792985931435123;0.4518246195623141,8.656992267414111;5.479871951618315;0.10101048009769453;0.05690164021396171,8.656992267414111;5.479871951618315;0.10101048009769453;0.05690164021396171,2.440018763688454;1.2124266327610205
trajectory_range__box_1.0,31,0.0,0.0,3.217912925010267e-8,8.656992267414111;5.479871951618315;0.10101048009769453;0.05690164021396171,8.656992267414111;5.479871951618315;0.10101048009769453;0.05690164021396171,9.012437439555734;5.514559841407709;0.09355339230192827;0.0593393211280433,9.012437439555734;5.514559841407709;0.09355339230192827;0.0593393211280433,1.7856729203682673;-0.045936724927492456
trajectory_range__box_1.0,32,0.0,0.0,6.290337214562745e-7,9.012437439555734;5.514559841407709;0.09355339230192827;0.0593393211280433,9.012437439555734;5.514559841407709;0.09355339230192827;0.0593393211280433,9.451400338673196;5.551663260402044;0.07509609518756921;0.07326376522403244,9.451400338673196;5.551663260402044;0.07509609518756921;0.07326376522403244,2.20267224055281;-0.09217452534245128
trajectory_range__box_2.0,1,0.0,0.0,2.710199416224598e-7,0.0;0.0;0.0;0.0,0.0;0.0;0.0;0.0,-0.43382169404242343;-0.003367952644327244;0.015526586289130506;-0.022191670020194287,-0.43382169404242343;-0.003367952644327244;0.015526586289130506;-0.022191670020194287,-2.1691956255913296;-0.0787353833676841
trajectory_range__box_2.0,2,0.0,0.0,4.752254797551726e-7,-0.43382169404242343;-0.003367952644327244;0.015526586289130506;-0.022191670020194287,-0.43382169404242343;-0.003367952644327244;0.015526586289130506;-0.022191670020194287,-0.8997700440896538;-0.02734149528628361;0.0872849026616942;-0.12930323706408586,-0.8997700440896538;-0.02734149528628361;0.0872849026616942;-0.12930323706408586,-2.3333239612373;-0.3382905645385101
trajectory_range__box_2.0,3,0.0,0.0,3.2749129004898476e-7,-0.8997700440896538;-0.02734149528628361;0.0872849026616942;-0.12930323706408586,-0.8997700440896538;-0.02734149528628361;0.0872849026616942;-0.12930323706408586,-0.5917810643307383;0.015013217764493016;0.18604111690821945;-0.23881111959090306,-0.5917810643307383;0.015013217764493016;0.18604111690821945;-0.23881111959090306,1.5550701205736817;0.6985655131171977
trajectory_range__box_2.0,4,0.0,0.0,6.114058471458274e-5,-0.5917810643307383;0.015013217764493016;0.18604111690821945;-0.23881111959090306,-0.5917810643307383;0.015013217764493016;0.18604111690821945;-0.23881111959090306,0.08167629779364964;0.29222419614677897;0.5949317468006559;-0.6506973261635096,0.08167629779364964;0.29222419614677897;0.5949317468006559;-0.6506973261635096,3.6668878262588556;1.226597905888407
trajectory_range__box_2.0,5,0.0,0.0,5.473720276920017e-10,0.08167629779364964;0.29222419614677897;0.5949317468006559;-0.6506973261635096,0.08167629779364964;0.29222419614677897;0.5949317468006559;-0.6506973261635096,0.1190430634900538;0.31808891661439403;0.6159918991005386;-0.6671716279591688,0.1190430634900538;0.31808891661439403;0.6159918991005386;-0.6671716279591688,0.22722979991983816;1.01950393557726
trajectory_range__box_2.0,6,0.0,0.0,7.135514198933248e-7,0.1190430634900538;0.31808891661439403;0.6159918991005386;-0.6671716279591688,0.1190430634900538;0.31808891661439403;0.6159918991005386;-0.6671716279591688,0.4662806293953639;0.5505562515196214;0.5638985823942946;-0.5180767705495324,0.4662806293953639;0.5505562515196214;0.5638985823942946;-0.5180767705495324,2.0895841826429686;-0.2742299106819919
trajectory_range__box_2.0,7,0.0,0.0,1.414779991803653e-7,0.4662806293953639;0.5505562515196214;0.5638985823942946;-0.5180767705495324,0.4662806293953639;0.5505562515196214;0.5638985823942946;-0.5180767705495324,1.0031360316330546;0.9397999286771876;0.6907752109414225;-0.5583292420889285,1.0031360316330546;0.9397999286771876;0.6907752109414225;-0.5583292420889285,3.3178107109399346;0.42065175973315816
trajectory_range__box_2.0,8,0.0,0.0,1.8773228895753613e-8,1.0031360316330546;0.9397999286771876;0.6907752109414225;-0.5583292420889285,1.0031360316330546;0.9397999286771876;0.6907752109414225;-0.5583292420889285,1.3085379538757633;1.1940449991941786;0.6977094805855701;-0.49588898269196413,1.3085379538757633;1.1940449991941786;0.6977094805855701;-0.49588898269196413,1.9869041417708413;0.03838985710586171
trajectory_range__box_2.0,9,0.0,0.0,7.345801749930362e-7,1.3085379538757633;1.1940449991941786;0.6977094805855701;-0.49588898269196413,1.3085379538757633;1.1940449991941786;0.6977094805855701;-0.49588898269196413,1.5670905267761093;1.4351493145060805;0.8032742575391363;-0.5666270968834541,1.5670905267761093;1.4351493145060805;0.8032742575391363;-0.5666270968834541,1.7684516753272423;0.6566266767082278
trajectory_range__box_2.0,10,0.0,0.0,1.6791839981918118e-7,1.5670905267761093;1.4351493145060805;0.8032742575391363;-0.5666270968834541,1.5670905267761093;1.4351493145060805;0.8032742575391363;-0.5666270968834541,1.7795728985805446;1.6745085171751743;0.8863477854882467;-0.6085017935006931,1.7795728985805446;1.6745085171751743;0.8863477854882467;-0.6085017935006931,1.60078512619346;0.5708503861559371
trajectory_range__box_2.0,11,0.0,0.0,3.5826043003965645e-7,1.7795728985805446;1.6745085171751743;0.8863477854882467;-0.6085017935006931,1.7795728985805446;1.6745085171751743;0.8863477854882467;-0.6085017935006931,2.001409751139549;1.9957504016422638;1.0465201144846876;-0.7228030696570387,2.001409751139549;1.9957504016422638;1.0465201144846876;-0.7228030696570387,1.954061113851151;0.9016584007899446
trajectory_range__box_2.0,12,0.0,0.0,7.625688407679933e-8,2.001409751139549;1.9957504016422638;1.0465201144846876;-0.7228030696570387,2.001409751139549;1.9957504016422638;1.0465201144846876;-0.7228030696570387,2.196613810769008;2.3649013879069405;1.1222426180794454;-0.7183911850875297,2.196613810769008;2.3649013879069405;1.1222426180794454;-0.7183911850875297,2.0884229763957363;0.39884044034980737
trajectory_range__box_2.0,13,0.0,0.0,1.002565919330968e-7,2.196613810769008;2.3649013879069405;1.1222426180794454;-0.7183911850875297,2.196613810769008;2.3649013879069405;1.1222426180794454;-0.7183911850875297,2.261240576370074;2.514102089383341;1.2018376603504501;-0.777229282339615,2.261240576370074;2.514102089383341;1.2018376603504501;-0.777229282339615,0.813194782497467;1.076673736508856
trajectory_range__box_2.0,14,0.0,0.0,6.577539002300855e-7,2.261240576370074;2.514102089383341;1.2018376603504501;-0.777229282339615,2.261240576370074;2.514102089383341;1.2018376603504501;-0.777229282339615,2.4059971095950257;2.8635984638464773;1.1544037460737773;-0.6309048306419638,2.4059971095950257;2.8635984638464773;1.1544037460737773;-0.6309048306419638,1.8916197032267186;-0.2758340147088606
trajectory_range__box_2.0,15,0.0,0.0,4.180492169472685e-6,2.4059971095950257;2.8635984638464773;1.1544037460737773;-0.6309048306419638,2.4059971095950257;2.8635984638464773;1.1544037460737773;-0.6309048306419638,2.668468373746583;3.394473446736593;1.0688535442051919;-0.4164993171414295,2.668468373746583;3.394473446736593;1.0688535442051919;-0.4164993171414295,2.9619815795105464;-0.3177103554809877
trajectory_range__box_2.0,16,0.0,0.0,3.1863256882898097e-7,2.668468373746583;3.394473446736593;1.0688535442051919;-0.4164993171414295,2.668468373746583;3.394473446736593;1.0688535442051919;-0.4164993171414295,2.7837593810617767;3.5919946910830194;1.016059334449575;-0.31857423584440125,2.7837593810617767;3.5919946910830194;1.016059334449575;-0.31857423584440125,1.1436652618505772;-0.5077852118827879
trajectory_range__box_2.0,17,0.0,0.0,5.179645269519237e-6,2.7837593810617767;3.5919946910830194;1.016059334449575;-0.31857423584440125,2.7837593810617767;3.5919946910830194;1.016059334449575;-0.31857423584440125,3.0952291453934375;4.037298879180518;0.9048145585208305;-0.1299196968826406,3.0952291453934375;4.037298879180518;0.9048145585208305;-0.1299196968826406,2.71851967995719;-0.4501319391719308
trajectory_range__box_2.0,18,0.0,0.0,9.138440818828447e-8,3.0952291453934375;4.037298879180518;0.9048145585208305;-0.1299196968826406,3.0952291453934375;4.037298879180518;0.9048145585208305;-0.1299196968826406,3.2060735691787063;4.178770015921116;0.9075650739013383;-0.12537750888122723,3.2060735691787063;4.178770015921116;0.9075650739013383;-0.12537750888122723,0.8986182334380229;0.03366910225027739
trajectory_range__box_2.0,19,0.0,0.0,2.97556957558224e-7,3.2060735691787063;4.178770015921116;0.9075650739013383;-0.12537750888122723,3.2060735691787063;4.178770015921116;0.9075650739013383;-0.12537750888122723,3.4348843542757956;4.43845142477983;0.7894548704821451;0.035941103104006,3.4348843542757956;4.43845142477983;0.7894548704821451;0.035941103104006,1.7315322790373502;-0.7503251619042461
trajectory_range__box_2.0,20,0.0,0.0,2.3416427763678833e-6,3.4348843542757956;4.43845142477983;0.7894548704821451;0.035941103104006,3.4348843542757956;4.43845142477983;0.7894548704821451;0.035941103104006,3.755620780561498;4.735713515054432;0.7054090538600173;0.13347859369639403,3.755620780561498;4.735713515054432;0.7054090538600173;0.13347859369639403,2.1871740616737303;-0.42269337362931925
trajectory_range__box_2.0,21,0.0,0.0,9.753803357556861e-8,3.755620780561498;4.735713515054432;0.7054090538600173;0.13347859369639403,3.755620780561498;4.735713515054432;0.7054090538600173;0.13347859369639403,4.25218625058081;5.132923148680981;0.6439678553998505;0.1789014193661247,4.25218625058081;5.132923148680981;0.6439678553998505;0.1789014193661247,3.179937052876044;-0.21253665460156673
trajectory_range__box_2.0,22,0.0,0.0,6.500927427809621e-8,4.25218625058081;5.132923148680981;0.6439678553998505;0.1789014193661247,4.25218625058081;5.132923148680981;0.6439678553998505;0.1789014193661247,4.605867275677609;5.367831573301865;0.528592524796136;0.29451336408562234,4.605867275677609;5.367831573301865;0.528592524796136;0.29451336408562234,2.1241018254489425;-0.5974895466099511
trajectory_range__box_2.0,23,0.0,0.0,4.857549193706571e-7,4.605867275677609;5.367831573301865;0.528592524796136;0.29451336408562234,4.605867275677609;5.367831573301865;0.528592524796136;0.29451336408562234,5.010337521695635;5.5635243460928105;0.37265545567066916;0.4392834778963395,5.010337521695635;5.5635243460928105;0.37265545567066916;0.4392834778963395,2.2488966481795063;-0.7627330325600711
trajectory_range__box_2.0,24,0.0,0.0,7.456582598089248e-8,5.010337521695635;5.5635243460928105;0.37265545567066916;0.4392834778963395,5.010337521695635;5.5635243460928105;0.37265545567066916;0.4392834778963395,5.567390768065005;5.743835432114151;0.25343292289552855;0.49799576464609485,5.567390768065005;5.743835432114151;0.25343292289552855;0.49799576464609485,2.9292779265451667;-0.44770345915018306
trajectory_range__box_2.0,25,0.0,0.0,1.23326387145731e-6,5.567390768065005;5.743835432114151;0.25343292289552855;0.49799576464609485,5.567390768065005;5.743835432114151;0.25343292289552855;0.49799576464609485,6.0726972305878935;5.827011334356302;0.07285094158048278;0.6294390734580699,6.0726972305878935;5.827011334356302;0.07285094158048278;0.6294390734580699,2.564013864368455;-0.7747234997712361
trajectory_range__box_2.0,26,0.0,0.0,4.6065353835203265e-8,6.0726972305878935;5.827011334356302;0.07285094158048278;0.6294390734580699,6.0726972305878935;5.827011334356302;0.07285094158048278;0.6294390734580699,6.892373218798113;5.798472716167192;-0.14245672553574984;0.7155662482418506,6.892373218798113;5.798472716167192;-0.14245672553574984;0.7155662482418506,4.108795031161176;-0.576418224885079
trajectory_range__box_2.0,27,0.0,0.0,8.937816385160242e-8,6.892373218798113;5.798472716167192;-0.14245672553574984;0.7155662482418506,6.892373218798113;5.798472716167192;-0.14245672553574984;0.7155662482418506,7.251936776308885;5.730376793564869;-0.2318797729126758;0.7394834260158953,7.251936776308885;5.730376793564869;-0.2318797729126758;0.7394834260158953,1.830384419896577;-0.5374026955505695
trajectory_range__box_2.0,28,0.0,0.0,1.5281357255330653e-7,7.251936776308885;5.730376793564869;-0.2318797729126758;0.7394834260158953,7.251936776308885;5.730376793564869;-0.2318797729126758;0.7394834260158953,7.689492619382535;5.611022602971247;-0.3007127258889266;0.7170351304399292,7.689492619382535;5.611022602971247;-0.3007127258889266;0.7170351304399292,2.268158806536457;-0.33382251743429125
trajectory_range__box_2.0,29,0.0,0.0,2.145359520726806e-6,7.689492619382535;5.611022602971247;-0.3007127258889266;0.7170351304399292,7.689492619382535;5.611022602971247;-0.3007127258889266;0.7170351304399292,8.170730207805484;5.496148203685017;-0.16792985931435123;0.4518246195623141,8.170730207805484;5.496148203685017;-0.16792985931435123;0.4518246195623141,2.4756096152470475;0.5900007510572585
trajectory_range__box_2.0,30,0.0,0.0,8.5980962227532e-7,8.170730207805484;5.496148203685017;-0.16792985931435123;0.4518246195623141,8.170730207805484;5.496148203685017;-0.16792985931435123;0.4518246195623141,8.656992267414111;5.479871951618315;0.10101048009769453;0.05690164021396171,8.656992267414111;5.479871951618315;0.10101048009769453;0.05690164021396171,2.440018763688454;1.2124266327610205
trajectory_range__box_2.0,31,0.0,0.0,2.058770346453519e-8,8.656992267414111;5.479871951618315;0.10101048009769453;0.05690164021396171,8.656992267414111;5.479871951618315;0.10101048009769453;0.05690164021396171,9.012437439555734;5.514559841407709;0.09355339230192827;0.0593393211280433,9.012437439555734;5.514559841407709;0.09355339230192827;0.0593393211280433,1.7856729203682673;-0.045936724927492456
trajectory_range__box_2.0,32,0.0,0.0,4.175269388892665e-8,9.012437439555734;5.514559841407709;0.09355339230192827;0.0593393211280433,9.012437439555734;5.514559841407709;0.09355339230192827;0.0593393211280433,9.451400338673196;5.551663260402044;0.07509609518756921;0.07326376522403244,9.451400338673196;5.551663260402044;0.07509609518756921;0.07326376522403244,2.20267224055281;-0.09217452534245128
trajectory_range__box_3.0,1,0.0,0.0,1.549633443291524e-7,0.0;0.0;0.0;0.0,0.0;0.0;0.0;0.0,-0.43382169404242343;-0.003367952644327244;0.015526586289130506;-0.022191670020194287,-0.43382169404242343;-0.003367952644327244;0.015526586289130506;-0.022191670020194287,-2.1691956255913296;-0.0787353833676841
trajectory_range__box_3.0,2,0.0,0.0,4.189346674878006e-7,-0.43382169404242343;-0.003367952644327244;0.015526586289130506;-0.022191670020194287,-0.43382169404242343;-0.003367952644327244;0.015526586289130506;-0.022191670020194287,-0.8997700440896538;-0.02734149528628361;0.0872849026616942;-0.12930323706408586,-0.8997700440896538;-0.02734149528628361;0.0872849026616942;-0.12930323706408586,-2.3333239612373;-0.3382905645385101
trajectory_range__box_3.0,3,0.0,0.0,1.3052614099662706e-7,-0.8997700440896538;-0.02734149528628361;0.0872849026616942;-0.12930323706408586,-0.8997700440896538;-0.02734149528628361;0.0872849026616942;-0.12930323706408586,-0.5917810643307383;0.015013217764493016;0.18604111690821945;-0.23881111959090306,-0.5917810643307383;0.015013217764493016;0.18604111690821945;-0.23881111959090306,1.5550701205736817;0.6985655131171977
trajectory_range__box_3.0,4,0.0,0.0,6.492858278732686e-5,-0.5917810643307383;0.015013217764493016;0.18604111690821945;-0.23881111959090306,-0.5917810643307383;0.015013217764493016;0.18604111690821945;-0.23881111959090306,0.08167629779364964;0.29222419614677897;0.5949317468006559;-0.6506973261635096,0.08167629779364964;0.29222419614677897;0.5949317468006559;-0.6506973261635096,3.6668878262588556;1.226597905888407
trajectory_range__box_3.0,5,0.0,0.0,1.25831968966742e-8,0.08167629779364964;0.29222419614677897;0.5949317468006559;-0.6506973261635096,0.08167629779364964;0.29222419614677897;0.5949317468006559;-0.6506973261635096,0.1190430634900538;0.31808891661439403;0.6159918991005386;-0.6671716279591688,0.1190430634900538;0.31808891661439403;0.6159918991005386;-0.6671716279591688,0.22722979991983816;1.01950393557726
trajectory_range__box_3.0,6,0.0,0.0,1.7666436859713577e-7,0.1190430634900538;0.31808891661439403;0.6159918991005386;-0.6671716279591688,0.1190430634900538;0.31808891661439403;0.6159918991005386;-0.6671716279591688,0.4662806293953639;0.5505562515196214;0.5638985823942946;-0.5180767705495324,0.4662806293953639;0.5505562515196214;0.5638985823942946;-0.5180767705495324,2.0895841826429686;-0.2742299106819919
trajectory_range__box_3.0,7,0.0,0.0,1.1604711581639685e-7,0.4662806293953639;0.5505562515196214;0.5638985823942946;-0.5180767705495324,0.4662806293953639;0.5505562515196214;0.5638985823942946;-0.5180767705495324,1.0031360316330546;0.9397999286771876;0.6907752109414225;-0.5583292420889285,1.0031360316330546;0.9397999286771876;0.6907752109414225;-0.5583292420889285,3.3178107109399346;0.42065175973315816
trajectory_range__box_3.0,8,0.0,0.0,4.2359357043520864e-8,1.0031360316330546;0.9397999286771876;0.6907752109414225;-0.5583292420889285,1.0031360316330546;0.9397999286771876;0.6907752109414225;-0.5583292420889285,1.3085379538757633;1.1940449991941786;0.6977094805855701;-0.49588898269196413,1.3085379538757633;1.1940449991941786;0.6977094805855701;-0.49588898269196413,1.9869041417708413;0.03838985710586171
trajectory_range__box_3.0,9,0.0,0.0,2.300299534769612e-7,1.3085379538757633;1.1940449991941786;0.6977094805855701;-0.49588898269196413,1.3085379538757633;1.1940449991941786;0.6977094805855701;-0.49588898269196413,1.5670905267761093;1.4351493145060805;0.8032742575391363;-0.5666270968834541,1.5670905267761093;1.4351493145060805;0.8032742575391363;-0.5666270968834541,1.7684516753272423;0.6566266767082278
trajectory_range__box_3.0,10,0.0,0.0,1.855376714272991e-7,1.5670905267761093;1.4351493145060805;0.8032742575391363;-0.5666270968834541,1.5670905267761093;1.4351493145060805;0.8032742575391363;-0.5666270968834541,1.7795728985805446;1.6745085171751743;0.8863477854882467;-0.6085017935006931,1.7795728985805446;1.6745085171751743;0.8863477854882467;-0.6085017935006931,1.60078512619346;0.5708503861559371
trajectory_range__box_3.0,11,0.0,0.0,4.119017347923994e-7,1.7795728985805446;1.6745085171751743;0.8863477854882467;-0.6085017935006931,1.7795728985805446;1.6745085171751743;0.8863477854882467;-0.6085017935006931,2.001409751139549;1.9957504016422638;1.0465201144846876;-0.7228030696570387,2.001409751139549;1.9957504016422638;1.0465201144846876;-0.7228030696570387,1.954061113851151;0.9016584007899446
trajectory_range__box_3.0,12,0.0,0.0,3.9751735184076197e-8,2.001409751139549;1.9957504016422638;1.0465201144846876;-0.7228030696570387,2.001409751139549;1.9957504016422638;1.0465201144846876;-0.7228030696570387,2.196613810769008;2.3649013879069405;1.1222426180794454;-0.7183911850875297,2.196613810769008;2.3649013879069405;1.1222426180794454;-0.7183911850875297,2.0884229763957363;0.39884044034980737
trajectory_range__box_3.0,13,0.0,0.0,7.1588564257614e-8,2.196613810769008;2.3649013879069405;1.1222426180794454;-0.7183911850875297,2.196613810769008;2.3649013879069405;1.1222426180794454;-0.7183911850875297,2.261240576370074;2.514102089383341;1.2018376603504501;-0.777229282339615,2.261240576370074;2.514102089383341;1.2018376603504501;-0.777229282339615,0.813194782497467;1.076673736508856
trajectory_range__box_3.0,14,0.0,0.0,2.4537866307342677e-5,2.261240576370074;2.514102089383341;1.2018376603504501;-0.777229282339615,2.261240576370074;2.514102089383341;1.2018376603504501;-0.777229282339615,2.4059971095950257;2.8635984638464773;1.1544037460737773;-0.6309048306419638,2.4059971095950257;2.8635984638464773;1.1544037460737773;-0.6309048306419638,1.8916197032267186;-0.2758340147088606
trajectory_range__box_3.0,15,0.0,0.0,5.52372606344049e-7,2.4059971095950257;2.8635984638464773;1.1544037460737773;-0.6309048306419638,2.4059971095950257;2.8635984638464773;1.1544037460737773;-0.6309048306419638,2.668468373746583;3.394473446736593;1.0688535442051919;-0.4164993171414295,2.668468373746583;3.394473446736593;1.0688535442051919;-0.4164993171414295,2.9619815795105464;-0.3177103554809877
trajectory_range__box_3.0,16,0.0,0.0,1.2460797241834722e-7,2.668468373746583;3.394473446736593;1.0688535442051919;-0.4164993171414295,2.668468373746583;3.394473446736593;1.0688535442051919;-0.4164993171414295,2.7837593810617767;3.5919946910830194;1.016059334449575;-0.31857423584440125,2.7837593810617767;3.5919946910830194;1.016059334449575;-0.31857423584440125,1.1436652618505772;-0.5077852118827879
trajectory_range__box_3.0,17,0.0,0.0,1.2259614827158185e-6,2.7837593810617767;3.5919946910830194;1.016059334449575;-0.31857423584440125,2.7837593810617767;3.5919946910830194;1.016059334449575;-0.31857423584440125,3.0952291453934375;4.037298879180518;0.9048145585208305;-0.1299196968826406,3.0952291453934375;4.037298879180518;0.9048145585208305;-0.1299196968826406,2.71851967995719;-0.4501319391719308
trajectory_range__box_3.0,18,0.0,0.0,2.5470080626434695e-7,3.0952291453934375;4.037298879180518;0.9048145585208305;-0.1299196968826406,3.0952291453934375;4.037298879180518;0.9048145585208305;-0.1299196968826406,3.2060735691787063;4.178770015921116;0.9075650739013383;-0.12537750888122723,3.2060735691787063;4.178770015921116;0.9075650739013383;-0.12537750888122723,0.8986182334380229;0.03366910225027739
trajectory_range__box_3.0,19,0.0,0.0,3.0067693793968567e-7,3.2060735691787063;4.178770015921116;0.9075650739013383;-0.12537750888122723,3.2060735691787063;4.178770015921116;0.9075650739013383;-0.12537750888122723,3.4348843542757956;4.43845142477983;0.7894548704821451;0.035941103104006,3.4348843542757956;4.43845142477983;0.7894548704821451;0.035941103104006,1.7315322790373502;-0.7503251619042461
trajectory_range__box_3.0,20,0.0,0.0,1.007384342581369e-6,3.4348843542757956;4.43845142477983;0.7894548704821451;0.035941103104006,3.4348843542757956;4.43845142477983;0.7894548704821451;0.035941103104006,3.755620780561498;4.735713515054432;0.7054090538600173;0.13347859369639403,3.755620780561498;4.735713515054432;0.7054090538600173;0.13347859369639403,2.1871740616737303;-0.42269337362931925
trajectory_range__box_3.0,21,0.0,0.0,3.3998287032619724e-7,3.755620780561498;4.735713515054432;0.7054090538600173;0.13347859369639403,3.755620780561498;4.735713515054432;0.7054090538600173;0.13347859369639403,4.25218625058081;5.132923148680981;0.6439678553998505;0.1789014193661247,4.25218625058081;5.132923148680981;0.6439678553998505;0.1789014193661247,3.179937052876044;-0.21253665460156673
trajectory_range__box_3.0,22,0.0,0.0,9.696725797884184e-7,4.25218625058081;5.132923148680981;0.6439678553998505;0.1789014193661247,4.25218625058081;5.132923148680981;0.6439678553998505;0.1789014193661247,4.605867275677609;5.367831573301865;0.528592524796136;0.29451336408562234,4.605867275677609;5.367831573301865;0.528592524796136;0.29451336408562234,2.1241018254489425;-0.5974895466099511
trajectory_range__box_3.0,23,0.0,0.0,3.715584147578256e-7,4.605867275677609;5.367831573301865;0.528592524796136;0.29451336408562234,4.605867275677609;5.367831573301865;0.528592524796136;0.29451336408562234,5.010337521695635;5.5635243460928105;0.37265545567066916;0.4392834778963395,5.010337521695635;5.5635243460928105;0.37265545567066916;0.4392834778963395,2.2488966481795063;-0.7627330325600711
trajectory_range__box_3.0,24,0.0,0.0,5.577360817323996e-7,5.010337521695635;5.5635243460928105;0.37265545567066916;0.4392834778963395,5.010337521695635;5.5635243460928105;0.37265545567066916;0.4392834778963395,5.567390768065005;5.743835432114151;0.25343292289552855;0.49799576464609485,5.567390768065005;5.743835432114151;0.25343292289552855;0.49799576464609485,2.9292779265451667;-0.44770345915018306
trajectory_range__box_3.0,25,0.0,0.0,3.063478967966109e-7,5.567390768065005;5.743835432114151;0.25343292289552855;0.49799576464609485,5.567390768065005;5.743835432114151;0.25343292289552855;0.49799576464609485,6.0726972305878935;5.827011334356302;0.07285094158048278;0.6294390734580699,6.0726972305878935;5.827011334356302;0.07285094158048278;0.6294390734580699,2.564013864368455;-0.7747234997712361
trajectory_range__box_3.0,26,0.0,0.0,2.7226313697431526e-6,6.0726972305878935;5.827011334356302;0.07285094158048278;0.6294390734580699,6.0726972305878935;5.827011334356302;0.07285094158048278;0.6294390734580699,6.892373218798113;5.798472716167192;-0.14245672553574984;0.7155662482418506,6.892373218798113;5.798472716167192;-0.14245672553574984;0.7155662482418506,4.108795031161176;-0.576418224885079
trajectory_range__box_3.0,27,0.0,0.0,3.605683016634947e-8,6.892373218798113;5.798472716167192;-0.14245672553574984;0.7155662482418506,6.892373218798113;5.798472716167192;-0.14245672553574984;0.7155662482418506,7.251936776308885;5.730376793564869;-0.2318797729126758;0.7394834260158953,7.251936776308885;5.730376793564869;-0.2318797729126758;0.7394834260158953,1.830384419896577;-0.5374026955505695
trajectory_range__box_3.0,28,0.0,0.0,1.0536034929483876e-7,7.251936776308885;5.730376793564869;-0.2318797729126758;0.7394834260158953,7.251936776308885;5.730376793564869;-0.2318797729126758;0.7394834260158953,7.689492619382535;5.611022602971247;-0.3007127258889266;0.7170351304399292,7.689492619382535;5.611022602971247;-0.3007127258889266;0.7170351304399292,2.268158806536457;-0.33382251743429125
trajectory_range__box_3.0,29,0.0,0.0,1.264980104533762e-6,7.689492619382535;5.611022602971247;-0.3007127258889266;0.7170351304399292,7.689492619382535;5.611022602971247;-0.3007127258889266;0.7170351304399292,8.170730207805484;5.496148203685017;-0.16792985931435123;0.4518246195623141,8.170730207805484;5.496148203685017;-0.16792985931435123;0.4518246195623141,2.4756096152470475;0.5900007510572585
trajectory_range__box_3.0,30,0.0,0.0,2.681790596878597e-6,8.170730207805484;5.496148203685017;-0.16792985931435123;0.4518246195623141,8.170730207805484;5.496148203685017;-0.16792985931435123;0.4518246195623141,8.656992267414111;5.479871951618315;0.10101048009769453;0.05690164021396171,8.656992267414111;5.479871951618315;0.10101048009769453;0.05690164021396171,2.440018763688454;1.2124266327610205
trajectory_range__box_3.0,31,0.0,0.0,6.171048126796757e-9,8.656992267414111;5.479871951618315;0.10101048009769453;0.05690164021396171,8.656992267414111;5.479871951618315;0.10101048009769453;0.05690164021396171,9.012437439555734;5.514559841407709;0.09355339230192827;0.0593393211280433,9.012437439555734;5.514559841407709;0.09355339230192827;0.0593393211280433,1.7856729203682673;-0.045936724927492456
trajectory_range__box_3.0,32,0.0,0.0,2.4490595086426495e-8,9.012437439555734;5.514559841407709;0.09355339230192827;0.0593393211280433,9.012437439555734;5.514559841407709;0.09355339230192827;0.0593393211280433,9.451400338673196;5.551663260402044;0.07509609518756921;0.07326376522403244,9.451400338673196;5.551663260402044;0.07509609518756921;0.07326376522403244,2.20267224055281;-0.09217452534245128
