configuration,k,lmi_step_status,box_inclusion_pass,max_box_margin,worst_box_dimension,center_distance_per_dim,ellipsoid_radius_per_dim,box_radius_per_dim,input_inclusion_pass,max_input_margin,worst_input_dimension,nominal_u,input_radius_from_feedback,U_bounds,n_samples,source_membership_failures,box_membership_failures,input_membership_failures,next_ellipsoid_failures_tol_1e_7,next_ellipsoid_failures_tol_1e_6,next_ellipsoid_failures_tol_1e_5,max_next_ellipsoid_value,p99_next_ellipsoid_value,mean_next_ellipsoid_value,simulator_max_difference,simulator_mean_difference,simulator_p99_difference,nominal_control
none__box_1.0,1,ok,true,-0.135684450321157,1,0.0;0.0;0.0;0.0,0.06431554967884301;0.042013542340081686;0.04465347972152144;0.056415931644162205,0.2;0.2;0.2;0.2,true,-1.3041292734395278,2,-2.1691955725897905;-0.07873529373370901,0.04528322701230722;0.04528317026923523,-5.0;-1.428147737442472|5.0;1.428147737442472,12009,0,0,0,0,0,0,0.8335926014892466,0.8158435715701525,0.5411615827156623,0.0,0.0,0.0,-2.1691956255913296;-0.0787353833676841
none__box_1.0,2,ok,true,-0.13169176480091935,1,0.0;0.0;0.0;0.0,0.06830823519908066;0.03964187299710693;0.042925784982203424;0.06139510504866234,0.2;0.2;0.2;0.2,true,-1.0383600103852735,2,-2.3333263065267777;-0.3383111629800737,0.0514819637751347;0.0514765640771249,-5.0;-1.428147737442472|5.0;1.428147737442472,12009,0,0,0,0,0,0,0.8163677199156087,0.7956451172244013,0.5230798572350548,0.0,0.0,0.0,-2.3333239612373;-0.3382905645385101
none__box_1.0,3,ok,true,-0.12902368030762307,1,0.0;0.0;0.0;0.0,0.07097631969237696;0.04491809018904301;0.03776795746184101;0.06705495393912203,0.2;0.2;0.2;0.2,true,-0.6725537855495038,2,1.5550701908404934;0.6985657921430444,0.0570281541159007;0.0570281597499238,-5.0;-1.428147737442472|5.0;1.428147737442472,12009,0,0,0,0,0,0,0.8336377263461346,0.8184075463595718,0.5486536298775405,0.0,0.0,0.0,1.5550701205736817;0.6985655131171977
none__box_1.0,4,ok,true,-0.1319205515301305,1,0.0;0.0;0.0;0.0,0.06807944846986952;0.04787656233371736;0.03478345934960148;0.062437856613542016,0.2;0.2;0.2;0.2,true,-0.14620658796718677,2,3.6668879039171727;1.226599226476937,0.05534085965601322;0.05534192299834822,-5.0;-1.428147737442472|5.0;1.428147737442472,12009,0,0,0,0,0,0,0.697968377117067,0.6659021322339909,0.41302574227043015,0.0,0.0,0.0,3.6668878262588556;1.226597905888407
none__box_1.0,5,ok,true,-0.12957273589971074,1,0.0;0.0;0.0;0.0,0.07042726410028927;0.054098745059102095;0.03665358357216243;0.06515655098719768,0.2;0.2;0.2;0.2,true,-0.3668556464452719,2,0.22722981837173883;1.019503932196019,0.04178812301614346;0.0417881588011811,-5.0;-1.428147737442472|5.0;1.428147737442472,12009,0,0,0,0,0,0,0.9028007383063394,0.8910752310463942,0.6139269566454213,0.0,0.0,0.0,0.22722979991983816;1.01950393557726
none__box_1.0,6,ok,true,-0.12895489498523038,1,0.0;0.0;0.0;0.0,0.07104510501476964;0.05393211319009786;0.03631799158628213;0.06702610058017876,0.2;0.2;0.2;0.2,true,-1.0913776509229816,2,2.089584194201353;-0.27423036808633605,0.06253985898856923;0.06253971843315446,-5.0;-1.428147737442472|5.0;1.428147737442472,12009,0,0,0,0,0,0,0.7778281065684823,0.7576695135986885,0.49397990285798066,0.0,0.0,0.0,2.0895841826429686;-0.2742299106819919
none__box_1.0,7,ok,true,-0.1308682218019273,1,0.0;0.0;0.0;0.0,0.06913177819807272;0.05667577468719479;0.03464930777338656;0.06684044386824384,0.2;0.2;0.2;0.2,true,-0.9427176483538457,2,3.3178105564741607;0.42065637600417527,0.06476907879896451;0.06477371308445104,-5.0;-1.428147737442472|5.0;1.428147737442472,12009,0,0,0,0,0,0,0.6626280087435267,0.6317261436391268,0.3946077094678565,0.0,0.0,0.0,3.3178107109399346;0.42065175973315816
none__box_1.0,8,ok,true,-0.12719426669490067,4,0.0;0.0;0.0;0.0,0.06987761990349362;0.06264601125605582;0.0384691079189697;0.07280573330509935,0.2;0.2;0.2;0.2,true,-1.3219128770197288,2,1.9869041540242534;0.03838980221947974,0.06784503924440226;0.06784505820326338,-5.0;-1.428147737442472|5.0;1.428147737442472,12009,0,0,0,0,0,0,0.7483636187983154,0.7291961805040967,0.465845125796692,0.0,0.0,0.0,1.9869041417708413;0.03838985710586171
none__box_1.0,9,ok,true,-0.12526413363174616,4,0.0;0.0;0.0;0.0,0.06771692031354465;0.06621236694197873;0.04013929537928581;0.07473586636825386,0.2;0.2;0.2;0.2,true,-0.7048351592915907,2,1.7684519193000228;0.6566310514900954,0.06668128311616373;0.06668152666078599,-5.0;-1.428147737442472|5.0;1.428147737442472,12009,0,0,0,0,0,0,0.772936256889731,0.7520803200102032,0.4858279742228252,0.0,0.0,0.0,1.7684516753272423;0.6566266767082278
none__box_1.0,10,ok,true,-0.1247071346466078,4,0.0;0.0;0.0;0.0,0.06538598709247301;0.0691141555117259;0.04123546487154292;0.0752928653533922,0.2;0.2;0.2;0.2,true,-0.7897876470641988,2,1.6007849652687132;0.5708506029935292,0.06750954673467872;0.06750948738474409,-5.0;-1.428147737442472|5.0;1.428147737442472,12009,0,0,0,0,0,0,0.7947694798892241,0.7753061349393978,0.5036429513362871,0.0,0.0,0.0,1.60078512619346;0.5708503861559371
none__box_1.0,11,ok,true,-0.12463818332313202,4,0.0;0.0;0.0;0.0,0.06245477638740633;0.07098630420959388;0.04163018730437931;0.07536181667686799,0.2;0.2;0.2;0.2,true,-0.4569057895072335,2,1.9540566260881924;0.9016540144067438,0.0695884153268889;0.06958793352849481,-5.0;-1.428147737442472|5.0;1.428147737442472,12009,0,0,0,0,0,0,0.7686347938014947,0.7444703029220927,0.4845343873459661,0.0,0.0,0.0,1.954061113851151;0.9016584007899446
none__box_1.0,12,ok,true,-0.12521173323198076,4,0.0;0.0;0.0;0.0,0.05979440187087796;0.07326099737851252;0.041841886061269346;0.07478826676801925,0.2;0.2;0.2;0.2,true,-0.959379239539185,2,2.088422974835669;0.3988404371142704,0.0699280294784732;0.06992806078901659,-5.0;-1.428147737442472|5.0;1.428147737442472,12009,0,0,0,0,0,0,0.7705843390470901,0.7485389766965298,0.48710863798796694,0.0,0.0,0.0,2.0884229763957363;0.39884044034980737
none__box_1.0,13,ok,true,-0.12482846976352113,2,0.0;0.0;0.0;0.0,0.05637247360114464;0.07517153023647888;0.04171700332551275;0.07446252384473431,0.2;0.2;0.2;0.2,true,-0.2759304688444093,2,0.8131948002829037;1.0766737806402928,0.0755434855349415;0.07554348795776991,-5.0;-1.428147737442472|5.0;1.428147737442472,12009,0,0,0,0,0,0,0.8430258896576143,0.8226083370531785,0.5545125167395617,0.0,0.0,0.0,0.813194782497467;1.076673736508856
none__box_1.0,14,ok,true,-0.12467620866105518,4,0.0;0.0;0.0;0.0,0.05738483493617638;0.07276623488951414;0.040136496378391825;0.07532379133894483,0.2;0.2;0.2;0.2,true,-1.078642720207021,2,1.8916200196084207;-0.27583758157828386,0.07366748889213492;0.0736674356571672,-5.0;-1.428147737442472|5.0;1.428147737442472,12009,0,0,0,0,0,0,0.7832240721496303,0.7624543477430146,0.49812703384174223,0.0,0.0,0.0,1.8916197032267186;-0.2758340147088606
none__box_1.0,15,ok,true,-0.12430403893193001,4,0.0;0.0;0.0;0.0,0.05582522274017965;0.073200760721228;0.03894364938707593;0.07569596106807,0.2;0.2;0.2;0.2,true,-1.0391151285494242,2,2.9619831847791422;-0.3177128326949372,0.07132060882296297;0.07131977619811054,-5.0;-1.428147737442472|5.0;1.428147737442472,12009,0,0,0,0,0,0,0.709564449700009,0.6836236144439766,0.4284540853816789,0.0,0.0,0.0,2.9619815795105464;-0.3177103554809877
none__box_1.0,16,ok,true,-0.12080737668069981,4,0.0;0.0;0.0;0.0,0.052611314946614085;0.07673310431374253;0.040912041818049256;0.0791926233193002,0.2;0.2;0.2;0.2,true,-0.8474972057043596,2,1.1436652499892528;-0.507785197471144,0.07286533736170459;0.07286533426696841,-5.0;-1.428147737442472|5.0;1.428147737442472,12009,0,0,0,0,0,0,0.8231267000785196,0.8043299619313135,0.5303999416515519,0.0,0.0,0.0,1.1436652618505772;-0.5077852118827879
none__box_1.0,17,ok,true,-0.11980416314923724,4,0.0;0.0;0.0;0.0,0.050641443568849746;0.07678999350826451;0.04113055138285786;0.08019583685076277,0.2;0.2;0.2;0.2,true,-0.9061228320199316,2,2.7185151728720225;-0.4501168687146442,0.07190753840173875;0.07190803670789625,-5.0;-1.428147737442472|5.0;1.428147737442472,12009,0,0,0,0,0,0,0.7154187893705144,0.6860490192618036,0.42215851815964067,0.0,0.0,0.0,2.71851967995719;-0.4501319391719308
none__box_1.0,18,ok,true,-0.11595846934220719,4,0.0;0.0;0.0;0.0,0.047064556684202695;0.08004796193533903;0.04416263360202265;0.08404153065779282,0.2;0.2;0.2;0.2,true,-1.3201996268079665,2,0.8986181060014058;0.03366905301779699,0.07427916252738394;0.07427905761670849,-5.0;-1.428147737442472|5.0;1.428147737442472,12009,0,0,0,0,0,0,0.8285980709844682,0.8078999729045803,0.5333037122683599,0.0,0.0,0.0,0.8986182334380229;0.03366910225027739
none__box_1.0,19,ok,true,-0.11375702990570287,4,0.0;0.0;0.0;0.0,0.044793788410825666;0.0807927947063786;0.045196449042627804;0.08624297009429714,0.2;0.2;0.2;0.2,true,-0.601666245456973,2,1.7315306571628026;-0.7503227411250211,0.07616293487077992;0.07615875086047799,-5.0;-1.428147737442472|5.0;1.428147737442472,12009,0,0,0,0,0,0,0.7609821929307046,0.7367194831684055,0.46306822161589895,0.0,0.0,0.0,1.7315322790373502;-0.7503251619042461
none__box_1.0,20,ok,true,-0.11116059562760654,4,0.0;0.0;0.0;0.0,0.04188612852253938;0.08465179620136289;0.046050017777086935;0.08883940437239347,0.2;0.2;0.2;0.2,true,-0.9289505487717522,2,2.1871740477689663;-0.4226924763897846,0.07650431820623085;0.07650471228093521,-5.0;-1.428147737442472|5.0;1.428147737442472,12009,0,0,0,0,0,0,0.7146435615119856,0.6856961312424884,0.42178021887282185,0.0,0.0,0.0,2.1871740616737303;-0.42269337362931925
none__box_1.0,21,ok,true,-0.10580239239948679,4,0.0;0.0;0.0;0.0,0.03917841557924809;0.08970819423526431;0.048256054056463715;0.09419760760051323,0.2;0.2;0.2;0.2,true,-1.1429185966267663,2,3.179938692154499;-0.2125364115647712,0.0726930229846141;0.07269272925093452,-5.0;-1.428147737442472|5.0;1.428147737442472,12009,0,0,0,0,0,0,0.6479757377509091,0.6171294768579364,0.36062679205458803,0.0,0.0,0.0,3.179937052876044;-0.21253665460156673
none__box_1.0,22,ok,true,-0.0990993607567849,4,0.0;0.0;0.0;0.0,0.040263310666508415;0.09649132303186488;0.05154590078972388;0.10090063924321512,0.2;0.2;0.2;0.2,true,-0.7514608617363602,2,2.1241019013971325;-0.5974894426135586,0.0791973596737263;0.0791974330925532,-5.0;-1.428147737442472|5.0;1.428147737442472,12009,0,0,0,0,0,0,0.71100031119774,0.6843976441074229,0.4189960648302037,0.0,0.0,0.0,2.1241018254489425;-0.5974895466099511
none__box_1.0,23,ok,true,-0.09222646002434906,4,0.0;0.0;0.0;0.0,0.04101997568152233;0.10314570504844481;0.05397958271340753;0.10777353997565095,0.2;0.2;0.2;0.2,true,-0.5817313057785121,2,2.2489202202860756;-0.7627288882557925,0.08367348541080812;0.0836875434081674,-5.0;-1.428147737442472|5.0;1.428147737442472,12009,0,0,0,0,0,0,0.6813361112288567,0.6535007695220402,0.3937088122049941,0.0,0.0,0.0,2.2488966481795063;-0.7627330325600711
none__box_1.0,24,ok,true,-0.08305380458551354,4,0.0;0.0;0.0;0.0,0.04306448449910151;0.11215270571034607;0.05672350055870232;0.11694619541448648,0.2;0.2;0.2;0.2,true,-0.8929886731013702,2,2.9292775462952747;-0.4477034693587303,0.0874549930459265;0.0874555949823715,-5.0;-1.428147737442472|5.0;1.428147737442472,12009,0,0,0,0,0,0,0.5964729389769673,0.5707339952768077,0.3353850270592004,0.0,0.0,0.0,2.9292779265451667;-0.44770345915018306
none__box_1.0,25,ok,true,-0.06924145202915014,4,0.0;0.0;0.0;0.0,0.05069474420530299;0.12492397697115598;0.06163208384368452;0.13075854797084988,0.2;0.2;0.2;0.2,true,-0.5527963343400888,2,2.564009582267216;-0.7747226654531953,0.10062981896473981;0.10062873764918784,-5.0;-1.428147737442472|5.0;1.428147737442472,12009,0,0,0,0,0,0,0.6095612884812015,0.5835503437576108,0.34241904993657324,0.0,0.0,0.0,2.564013864368455;-0.7747234997712361
none__box_1.0,26,ok,true,-0.05410689515637232,4,0.0;0.0;0.0;0.0,0.05682658168972216;0.13854304451091895;0.06686439925241049;0.1458931048436277,0.2;0.2;0.2;0.2,true,-0.7443747980974901,2,4.1087942541273055;-0.5764165438741724,0.10735573363863528;0.10735639547080959,-5.0;-1.428147737442472|5.0;1.428147737442472,12009,0,0,0,0,0,0,0.4293999745827994,0.39980400194611054,0.21780034863106548,0.0,0.0,0.0,4.108795031161176;-0.576418224885079
none__box_1.0,27,ok,true,-0.01975954650256581,4,0.0;0.0;0.0;0.0,0.08108743314024346;0.1662156998842417;0.08865131502923393;0.1802404534974342,0.2;0.2;0.2;0.2,true,-0.774903216946579,2,1.8303844418964772;-0.5374026985437865,0.11584178457624775;0.1158418219521065,-5.0;-1.428147737442472|5.0;1.428147737442472,12009,0,0,0,0,0,0,0.6127961702892546,0.5880018444117804,0.3497101638343926,0.0,0.0,0.0,1.830384419896577;-0.5374026955505695
none__box_1.0,28,ok,false,0.004814008606560033,4,0.0;0.0;0.0;0.0,0.09450946014936;0.18565083292237017;0.10761950453536602;0.20481400860656004,0.2;0.2;0.2;0.2,true,-0.9821301663844164,2,2.268158689833675;-0.33382388653677975,0.11219175472768309;0.11219368452127583,-5.0;-1.428147737442472|5.0;1.428147737442472,12009,0,13,0,0,0,0,0.5530932796990796,0.5167584404530328,0.31279988439627243,0.0,0.0,0.0,2.268158806536457;-0.33382251743429125
none__box_1.0,29,ok,false,0.0432665781212388,4,0.0;0.0;0.0;0.0,0.12419014840559982;0.21554607400658268;0.1411943868166513;0.2432665781212388,0.2;0.2;0.2;0.2,true,-0.7324101402581372,2,2.47560837391293;0.5899972996285086,0.10574345063204367;0.10574029755582622,-5.0;-1.428147737442472|5.0;1.428147737442472,12009,0,471,0,0,0,0,0.532818939674159,0.4928063509125389,0.30442727423470395,0.0,0.0,0.0,2.4756096152470475;0.5900007510572585
none__box_1.0,30,ok,false,0.10240690193121582,4,0.0;0.0;0.0;0.0,0.17275607806952897;0.2589439384995742;0.19886897348192303;0.30240690193121583,0.2;0.2;0.2;0.2,true,-0.10866904802892652,2,2.4400182724624946;1.2124260960862763,0.10705331619787273;0.10705259332726925,-5.0;-1.428147737442472|5.0;1.428147737442472,12009,0,2128,0,0,0,0,0.5232338473415604,0.4904307662544279,0.3183283966721024,0.0,0.0,0.0,2.440018763688454;1.2124266327610205
none__box_1.0,31,ok,false,0.17039338180518981,4,0.0;0.0;0.0;0.0,0.24483938043286174;0.3038937782387964;0.28146059399566253;0.3703933818051898,0.2;0.2;0.2;0.2,true,-1.2735251169996744,2,1.7856729221013627;-0.045936731965790845,0.10868586417752543;0.10868588847700673,-5.0;-1.428147737442472|5.0;1.428147737442472,12009,0,5405,0,0,0,0,0.600549027286044,0.5891647982613696,0.38777961200724537,0.0,0.0,0.0,1.7856729203682673;-0.045936724927492456
none__box_1.0,32,ok,false,0.2142338542685861,4,0.0;0.0;0.0;0.0,0.32608505633168045;0.35262570894034545;0.3560025793616078;0.4142338542685861,0.2;0.2;0.2;0.2,true,-1.2350973575104085,2,2.202672268093029;-0.09217482087861084,0.1008753984311484;0.10087555905345268,-5.0;-1.428147737442472|5.0;1.428147737442472,12009,0,8803,0,0,0,0,0.6120228686837217,0.5916787816050391,0.39031550519014674,0.0,0.0,0.0,2.20267224055281;-0.09217452534245128
none__box_2.0,1,ok,true,-0.3425473032699486,1,0.0;0.0;0.0;0.0,0.05745269673005144;0.03726469636708823;0.039420090993641195;0.04999664927122304,0.4;0.4;0.4;0.4,true,-1.310468789097192,2,-2.1691965510209577;-0.07874073690290548,0.03893751237452571;0.038938211442374505,-5.0;-1.428147737442472|5.0;1.428147737442472,12009,0,0,0,0,0,0,0.8318600717773721,0.8148228010634171,0.5395059808796262,0.0,0.0,0.0,-2.1691956255913296;-0.0787353833676841
none__box_2.0,2,ok,true,-0.3387763927612371,1,0.0;0.0;0.0;0.0,0.06122360723876291;0.03550344192836794;0.03805520023929143;0.05472056619511035,0.4;0.4;0.4;0.4,true,-1.046472838347967,2,-2.3333134924256322;-0.3383005611948101,0.04337212028911333;0.04337433789969508,-5.0;-1.428147737442472|5.0;1.428147737442472,12009,0,0,0,0,0,0,0.811659676812156,0.7919737981247025,0.5208994621682213,0.0,0.0,0.0,-2.3333239612373;-0.3382905645385101
none__box_2.0,3,ok,true,-0.3357929870541257,1,0.0;0.0;0.0;0.0,0.06420701294587434;0.040636963637564014;0.034050964787416746;0.06046105682678211,0.4;0.4;0.4;0.4,true,-0.6782621403830743,2,1.5550701773804694;0.6985655695831419,0.05131992671909029;0.051320027476255886,-5.0;-1.428147737442472|5.0;1.428147737442472,12009,0,0,0,0,0,0,0.8350644112812293,0.8195402526125284,0.5479995577636081,0.0,0.0,0.0,1.5550701205736817;0.6985655131171977
none__box_2.0,4,ok,true,-0.3383983190836843,1,0.0;0.0;0.0;0.0,0.061601680916315724;0.04342628172574322;0.031325862701595306;0.05621847391623601,0.4;0.4;0.4;0.4,true,-0.1531868814078441,2,3.6668878486333956;1.2265984599618032,0.048362149626822545;0.04836239607282471,-5.0;-1.428147737442472|5.0;1.428147737442472,12009,0,0,0,0,0,0,0.6959714514198946,0.6606250713297852,0.4128827890234312,0.0,0.0,0.0,3.6668878262588556;1.226597905888407
none__box_2.0,5,ok,true,-0.33608893261433465,1,0.0;0.0;0.0;0.0,0.06391106738566538;0.04932525209688661;0.03346944337717023;0.05896753122338664,0.4;0.4;0.4;0.4,true,-0.3695004908810908,2,0.22722979942029786;1.0195039369681735,0.03914337300319941;0.03914330959320757,-5.0;-1.428147737442472|5.0;1.428147737442472,12009,0,0,0,0,0,0,0.9062404788524833,0.8930750609471506,0.6192031135605622,0.0,0.0,0.0,0.22722979991983816;1.01950393557726
none__box_2.0,6,ok,true,-0.33577296699619985,1,0.0;0.0;0.0;0.0,0.06422703300380017;0.049054289978754974;0.03300756854198713;0.060558384635126666,0.4;0.4;0.4;0.4,true,-1.0972834738852493,2,2.0895837027600117;-0.2742269480068886,0.05663702593107052;0.05663731555033403,-5.0;-1.428147737442472|5.0;1.428147737442472,12009,0,0,0,0,0,0,0.7803474535592372,0.7587598938364946,0.49762819234895084,0.0,0.0,0.0,2.0895841826429686;-0.2742299106819919
none__box_2.0,7,ok,true,-0.3375772871784029,1,0.0;0.0;0.0;0.0,0.06242271282159712;0.051601175928065846;0.03140732644778885;0.0602558387722538,0.4;0.4;0.4;0.4,true,-0.9492414273020193,2,3.3178108389272327;0.42064822399330737,0.058258581088127655;0.058258086147145276,-5.0;-1.428147737442472|5.0;1.428147737442472,12009,0,0,0,0,0,0,0.662044973294751,0.6337496257114275,0.3946378678322356,0.0,0.0,0.0,3.3178107109399346;0.42065175973315816
none__box_2.0,8,ok,true,-0.33423301605418276,4,0.0;0.0;0.0;0.0,0.06308820318915456;0.05709129314681007;0.03508128680176595;0.06576698394581723,0.4;0.4;0.4;0.4,true,-1.3281683246975047,2,1.9869055937414213;0.038384532522781845,0.061593462517650445;0.06159488022218543,-5.0;-1.428147737442472|5.0;1.428147737442472,12009,0,0,0,0,0,0,0.7511809240319748,0.7310135128634427,0.4672097330061935,0.0,0.0,0.0,1.9869041417708413;0.03838985710586171
none__box_2.0,9,ok,true,-0.33258315690824264,4,0.0;0.0;0.0;0.0,0.060999348063005734;0.0604289567018614;0.03651944633574169;0.0674168430917574,0.4;0.4;0.4;0.4,true,-0.7111635616895,2,1.7684560645186347;0.6566244992195214,0.06035827720943203;0.0603596765334506,-5.0;-1.428147737442472|5.0;1.428147737442472,12009,0,0,0,0,0,0,0.7762645434953409,0.7540550773232743,0.48567332698041515,0.0,0.0,0.0,1.7684516753272423;0.6566266767082278
none__box_2.0,10,ok,true,-0.3320556466207683,4,0.0;0.0;0.0;0.0,0.05878601808777229;0.06316529357663615;0.03747364428697608;0.06794435337923171,0.4;0.4;0.4;0.4,true,-0.7959886416512322,2,1.6007851464167064;0.5708504050143706,0.06130874286987348;0.06130869077686925,-5.0;-1.428147737442472|5.0;1.428147737442472,12009,0,0,0,0,0,0,0.7964018453301939,0.7733250095014239,0.5055957133559964,0.0,0.0,0.0,1.60078512619346;0.5708503861559371
none__box_2.0,11,ok,true,-0.33190100952112644,4,0.0;0.0;0.0;0.0,0.05604385123393054;0.06497750102654327;0.03779368005426217;0.06809899047887356,0.4;0.4;0.4;0.4,true,-0.4639227001113545,2,1.9540607297089636;0.9016588629605765,0.06256617928924425;0.06256617437054103,-5.0;-1.428147737442472|5.0;1.428147737442472,12009,0,0,0,0,0,0,0.7669293174142536,0.745760823404224,0.4824621035409303,0.0,0.0,0.0,1.954061113851151;0.9016584007899446
none__box_2.0,12,ok,true,-0.3320744625456451,4,0.0;0.0;0.0;0.0,0.05358259572787932;0.06721214387331523;0.03811146278074871;0.06792553745435495,0.4;0.4;0.4;0.4,true,-0.9663359241732485,2,2.088423066606974;0.39884041007241294,0.06297146275256665;0.06297140319681054,-5.0;-1.428147737442472|5.0;1.428147737442472,12009,0,0,0,0,0,0,0.7717480190800164,0.7485685412833838,0.4870985918518042,0.0,0.0,0.0,2.0884229763957363;0.39884044034980737
none__box_2.0,13,ok,true,-0.33091029323661475,2,0.0;0.0;0.0;0.0,0.05040876297688773;0.06908970676338526;0.038140215001556795;0.06796485409031262,0.4;0.4;0.4;0.4,true,-0.28248335911279043,2,0.8131945473479396;1.0766737826975223,0.06899061116156611;0.06899059563215929,-5.0;-1.428147737442472|5.0;1.428147737442472,12009,0,0,0,0,0,0,0.8451495222117433,0.8264652921819855,0.5557028830106374,0.0,0.0,0.0,0.813194782497467;1.076673736508856
none__box_2.0,14,ok,true,-0.33128287273016,4,0.0;0.0;0.0;0.0,0.05121035756323287;0.06697704554088535;0.036611629135637765;0.06871712726984003,0.4;0.4;0.4;0.4,true,-1.0856154489494643,2,1.891620471500108;-0.2758352874495862,0.06669691520024383;0.0666970010434216,-5.0;-1.428147737442472|5.0;1.428147737442472,12009,0,0,0,0,0,0,0.7866491563912569,0.7620769187986339,0.4984174221129583,0.0,0.0,0.0,1.8916197032267186;-0.2758340147088606
none__box_2.0,15,ok,true,-0.33075570958123696,4,0.0;0.0;0.0;0.0,0.049774135110809116;0.0675779527943457;0.035572436921543604;0.06924429041876307,0.4;0.4;0.4;0.4,true,-1.0463723448295434,2,2.961981574329352;-0.31771023649769914,0.06406492991350625;0.06406515611522941,-5.0;-1.428147737442472|5.0;1.428147737442472,12009,0,0,0,0,0,0,0.7094618612087704,0.6810205781514785,0.4244978533690191,0.0,0.0,0.0,2.9619815795105464;-0.3177103554809877
none__box_2.0,16,ok,true,-0.32700027325063147,4,0.0;0.0;0.0;0.0,0.0470159904440386;0.07101197852216072;0.03757683164033772;0.07299972674936855,0.4;0.4;0.4;0.4,true,-0.853277577260891,2,1.1436652476002163;-0.5077852177870623,0.0670850156956785;0.06708494239451866,-5.0;-1.428147737442472|5.0;1.428147737442472,12009,0,0,0,0,0,0,0.8242168429449406,0.804947390035909,0.532638275472801,0.0,0.0,0.0,1.1436652618505772;-0.5077852118827879
none__box_2.0,17,ok,true,-0.3261977187093,4,0.0;0.0;0.0;0.0,0.045306083910075574;0.07130283078646606;0.037657614361405745;0.07380228129070003,0.4;0.4;0.4;0.4,true,-0.913301756277896,2,2.7185204398958733;-0.450133114529522,0.06471382812989122;0.06471286663505409,-5.0;-1.428147737442472|5.0;1.428147737442472,12009,0,0,0,0,0,0,0.7118771809459946,0.6821642899685804,0.42087559752429166,0.0,0.0,0.0,2.71851967995719;-0.4501319391719308
none__box_2.0,18,ok,true,-0.3217121602942853,4,0.0;0.0;0.0;0.0,0.04257441063146911;0.07455107690186771;0.04073260386027143;0.0782878397057147,0.4;0.4;0.4;0.4,true,-1.325407853482983,2,0.8986184914274116;0.033669084230751434,0.06907077449941962;0.06907079972873766,-5.0;-1.428147737442472|5.0;1.428147737442472,12009,0,0,0,0,0,0,0.8287919625603037,0.8083730104542599,0.531187641041031,0.0,0.0,0.0,0.8986182334380229;0.03366910225027739
none__box_2.0,19,ok,true,-0.3197073405483626,4,0.0;0.0;0.0;0.0,0.04078502763540538;0.07549284293266248;0.041617302272441696;0.08029265945163745,0.4;0.4;0.4;0.4,true,-0.6086312297021427,2,1.7315320672018446;-0.7503252534768663,0.06919117567871982;0.0691912542634631,-5.0;-1.428147737442472|5.0;1.428147737442472,12009,0,0,0,0,0,0,0.7599851739905246,0.7356193022893303,0.4637850967333434,0.0,0.0,0.0,1.7315322790373502;-0.7503251619042461
none__box_2.0,20,ok,true,-0.3168830243681159,4,0.0;0.0;0.0;0.0,0.03876958750113734;0.07926405411667165;0.042511722101447685;0.08311697563188414,0.4;0.4;0.4;0.4,true,-0.9354130530658349,2,2.187173584783457;-0.4226954968127612,0.07003264668694845;0.0700391875638759,-5.0;-1.428147737442472|5.0;1.428147737442472,12009,0,0,0,0,0,0,0.7155781278987545,0.686959697448251,0.42337012102258426,0.0,0.0,0.0,2.1871740616737303;-0.42269337362931925
none__box_2.0,21,ok,true,-0.31169798049029773,4,0.0;0.0;0.0;0.0,0.03723995935518069;0.0841277898350615;0.04456961015731042;0.08830201950970226,0.4;0.4;0.4;0.4,true,-1.1486067273594809,2,3.179935362699032;-0.21253955775110267,0.06700305751338832;0.06700145233188853,-5.0;-1.428147737442472|5.0;1.428147737442472,12009,0,0,0,0,0,0,0.6494673869069303,0.6170262344033768,0.35889419212826135,0.0,0.0,0.0,3.179937052876044;-0.21253665460156673
none__box_2.0,22,ok,true,-0.3051815992997183,4,0.0;0.0;0.0;0.0,0.039824122056484314;0.09065402025752778;0.047525424330873436;0.09481840070028173,0.4;0.4;0.4;0.4,true,-0.7572626841003257,2,2.124101939698809;-0.5974896531846028,0.0733946824749207;0.0733954001575435,-5.0;-1.428147737442472|5.0;1.428147737442472,12009,0,0,0,0,0,0,0.715232011995994,0.6846337708820064,0.41868943787949037,0.0,0.0,0.0,2.1241018254489425;-0.5974895466099511
none__box_2.0,23,ok,true,-0.29878451321357974,4,0.0;0.0;0.0;0.0,0.04149152303105495;0.09683963666457855;0.04973442249683029;0.10121548678642028,0.4;0.4;0.4;0.4,true,-0.5876221392606534,2,2.2488965391659796;-0.7627332178968524,0.07779239751432464;0.07779238028496617,-5.0;-1.428147737442472|5.0;1.428147737442472,12009,0,0,0,0,0,0,0.6852120419601465,0.6525255039140695,0.3966912904312314,0.0,0.0,0.0,2.2488966481795063;-0.7627330325600711
none__box_2.0,24,ok,true,-0.290441662296566,4,0.0;0.0;0.0;0.0,0.044062784286704515;0.10496484002675319;0.05219020231465885;0.10955833770343404,0.4;0.4;0.4;0.4,true,-0.8981545733080226,2,2.929278071786168;-0.44770357060777766,0.08228978115281678;0.0822895935266718,-5.0;-1.428147737442472|5.0;1.428147737442472,12009,0,0,0,0,0,0,0.6041464492858344,0.5739642847251566,0.33555143041351,0.0,0.0,0.0,2.9292779265451667;-0.44770345915018306
none__box_2.0,25,ok,true,-0.2783075843501387,4,0.0;0.0;0.0;0.0,0.05150834694861298;0.11603663304571699;0.05645029268805751;0.1216924156498613,0.4;0.4;0.4;0.4,true,-0.5598954485734351,2,2.5640136793422794;-0.7747235419786822,0.09352885411741993;0.09352874689035477,-5.0;-1.428147737442472|5.0;1.428147737442472,12009,0,0,0,0,0,0,0.6199225321347036,0.5862429102433355,0.34383835716908945,0.0,0.0,0.0,2.564013864368455;-0.7747234997712361
none__box_2.0,26,ok,true,-0.2650254556785345,4,0.0;0.0;0.0;0.0,0.057718542074983725;0.12782246614139334;0.06110870527953403;0.13497454432146547,0.4;0.4;0.4;0.4,true,-0.7521774851517433,2,4.108795539939528;-0.5764047280993925,0.09957155775537259;0.09956552419133621,-5.0;-1.428147737442472|5.0;1.428147737442472,12009,0,0,0,0,0,0,0.4339870453297954,0.40260080529403647,0.2142852030784183,0.0,0.0,0.0,4.108795031161176;-0.576418224885079
none__box_2.0,27,ok,true,-0.2335696550779539,4,0.0;0.0;0.0;0.0,0.08191537568846378;0.15282105885729955;0.08196296202045712;0.16643034492204611,0.4;0.4;0.4;0.4,true,-0.7859358064816924,2,1.8303843570629557;-0.5374029932259692,0.10480886006289422;0.10480893773481051,-5.0;-1.428147737442472|5.0;1.428147737442472,12009,0,0,0,0,0,0,0.6108544256598389,0.5912179767578561,0.3536621612388088,0.0,0.0,0.0,1.830384419896577;-0.5374026955505695
none__box_2.0,28,ok,true,-0.21100300728163768,4,0.0;0.0;0.0;0.0,0.09624218656814335;0.17040513916589922;0.09985030939130687;0.18899699271836234,0.4;0.4;0.4;0.4,true,-0.992799965660654,2,2.2681588038644014;-0.3338225343815706,0.1015252327557178;0.10152523740024746,-5.0;-1.428147737442472|5.0;1.428147737442472,12009,0,0,0,0,0,0,0.5550914803523705,0.5220096816719868,0.31655049645847244,0.0,0.0,0.0,2.268158806536457;-0.33382251743429125
none__box_2.0,29,ok,true,-0.17616104451988301,4,0.0;0.0;0.0;0.0,0.12555438051751325;0.19686773340768304;0.1312567057875204;0.223838955480117,0.4;0.4;0.4;0.4,true,-0.7442426935816736,2,2.475609186830771;0.590000211913793,0.09390462832725477;0.09390483194700536,-5.0;-1.428147737442472|5.0;1.428147737442472,12009,0,0,0,0,0,0,0.5283712148900847,0.49178939020711027,0.3082097521857076,0.0,0.0,0.0,2.4756096152470475;0.5900007510572585
none__box_2.0,30,ok,true,-0.12105875651236442,4,0.0;0.0;0.0;0.0,0.17208744365567427;0.23646800419506217;0.18606278616874644;0.2789412434876356,0.4;0.4;0.4;0.4,true,-0.12246211422671327,2,2.4400188619524625;1.212428386898066,0.09325607198505112;0.09325723631769277,-5.0;-1.428147737442472|5.0;1.428147737442472,12009,0,0,0,0,0,0,0.49829776767462586,0.4736192526656723,0.3102161456611427,0.0,0.0,0.0,2.440018763688454;1.2124266327610205
none__box_2.0,31,ok,true,-0.04807357302171983,4,0.0;0.0;0.0;0.0,0.24135416496822656;0.2849548085447355;0.27114780924725235;0.3519264269782802,0.4;0.4;0.4;0.4,true,-1.2855736610978838,2,1.785672920393134;-0.04593673985267532,0.09663734126361212;0.09663733649191295,-5.0;-1.428147737442472|5.0;1.428147737442472,12009,0,0,0,0,0,0,0.5920603101248615,0.5799500565628547,0.38453408127144767,0.0,0.0,0.0,1.7856729203682673;-0.045936724927492456
none__box_2.0,32,ok,true,-0.0017171354569190944,4,0.0;0.0;0.0;0.0,0.3234245619668131;0.33775500003893744;0.34622709091321885;0.39828286454308093,0.4;0.4;0.4;0.4,true,-1.248045528058076,2,2.2026722594397548;-0.09217512054754184,0.08792692986733987;0.0879270888368542,-5.0;-1.428147737442472|5.0;1.428147737442472,12009,0,0,0,0,0,0,0.5859592376236777,0.5622835490483539,0.36973369650832866,0.0,0.0,0.0,2.20267224055281;-0.09217452534245128
none__box_3.0,1,ok,true,-0.547677030681756,1,0.0;0.0;0.0;0.0,0.052322969318244116;0.03435303291402237;0.035501063937193204;0.045287210013849395,0.6000000000000001;0.6000000000000001;0.6000000000000001;0.6000000000000001,true,-1.3157434928646201,2,-2.1691958426789077;-0.07873497673914086,0.03366861301490599;0.033669267838710985,-5.0;-1.428147737442472|5.0;1.428147737442472,12009,0,0,0,0,0,0,0.8258929638003346,0.8117506849042957,0.5362990412166491,0.0,0.0,0.0,-2.1691956255913296;-0.0787353833676841
none__box_3.0,2,ok,true,-0.5437321771315552,1,0.0;0.0;0.0;0.0,0.05626782286844491;0.0332087367031885;0.03456345827686444;0.05006468783555302,0.6000000000000001;0.6000000000000001;0.6000000000000001;0.6000000000000001,true,-1.0518546749587294,2,-2.3333237898522254;-0.338291285391904,0.038001454315190974;0.03800177709183874,-5.0;-1.428147737442472|5.0;1.428147737442472,12009,0,0,0,0,0,0,0.8076293158657406,0.7888512397626807,0.5190591418626678,0.0,0.0,0.0,-2.3333239612373;-0.3382905645385101
none__box_3.0,3,ok,true,-0.5403064785747437,1,0.0;0.0;0.0;0.0,0.05969352142525645;0.038285524295322136;0.031361540061031645;0.05582946651410978,0.6000000000000001;0.6000000000000001;0.6000000000000001;0.6000000000000001,true,-0.6833841183995709,2,1.5550701398952065;0.6985654504939579,0.04619816503183587;0.04619816854894321,-5.0;-1.428147737442472|5.0;1.428147737442472,12009,0,0,0,0,0,0,0.8327680766833787,0.8168666313162016,0.5435371956054842,0.0,0.0,0.0,1.5550701205736817;0.6985655131171977
none__box_3.0,4,ok,true,-0.5424150213698609,1,0.0;0.0;0.0;0.0,0.05758497863013927;0.040989335105780116;0.029096963324971862;0.05228405679615359,0.6000000000000001;0.6000000000000001;0.6000000000000001;0.6000000000000001,true,-0.15838982724752593,2,3.6668881312240487;1.2265974866477558,0.043159710990790856;0.043160423547190296,-5.0;-1.428147737442472|5.0;1.428147737442472,12009,0,0,0,0,0,0,0.6905255492561869,0.6505339284449597,0.41023703550483714,0.0,0.0,0.0,3.6668878262588556;1.226597905888407
none__box_3.0,5,ok,true,-0.5398377344234988,1,0.0;0.0;0.0;0.0,0.06016226557650125;0.04688350636848582;0.031582744285356255;0.05524396640599812,0.6000000000000001;0.6000000000000001;0.6000000000000001;0.6000000000000001,true,-0.3717422515965405,2,0.22722977585583393;1.0195039299014814,0.03690160701425299;0.036901555944450035,-5.0;-1.428147737442472|5.0;1.428147737442472,12009,0,0,0,0,0,0,0.9086526684607106,0.8956048174340178,0.6163628447651721,0.0,0.0,0.0,0.22722979991983816;1.01950393557726
none__box_3.0,6,ok,true,-0.5396112273007291,1,0.0;0.0;0.0;0.0,0.06038877269927105;0.04663738825446534;0.031045393915183718;0.05661139511382248,0.6000000000000001;0.6000000000000001;0.6000000000000001;0.6000000000000001,true,-1.1009566873615402,2,2.0895847452112504;-0.27422920415747853,0.052960833761465535;0.05296184592345342,-5.0;-1.428147737442472|5.0;1.428147737442472,12009,0,0,0,0,0,0,0.7849202794742214,0.7622504882331559,0.493462049152108,0.0,0.0,0.0,2.0895841826429686;-0.2742299106819919
none__box_3.0,7,ok,true,-0.5414246716495869,1,0.0;0.0;0.0;0.0,0.05857532835041326;0.049104401631440385;0.029494793642817676;0.05623078819335709,0.6000000000000001;0.6000000000000001;0.6000000000000001;0.6000000000000001,true,-0.9532839345500561,2,3.3178114243328474;0.42063421256363065,0.05424198179515211;0.054229590328785264,-5.0;-1.428147737442472|5.0;1.428147737442472,12009,0,0,0,0,0,0,0.6593255994470701,0.6325273853762443,0.39444936175442835,0.0,0.0,0.0,3.3178107109399346;0.42065175973315816
none__box_3.0,8,ok,true,-0.5384174475758319,4,0.0;0.0;0.0;0.0,0.05911959201130905;0.054356127024435485;0.033099150694185765;0.0615825524241682,0.6000000000000001;0.6000000000000001;0.6000000000000001;0.6000000000000001,true,-1.3318999993489724,2,1.9869044950174006;0.038391293011612815,0.057856611097489366;0.05785644508188685,-5.0;-1.428147737442472|5.0;1.428147737442472,12009,0,0,0,0,0,0,0.7549560795362202,0.7320639600831657,0.4668835202030931,0.0,0.0,0.0,1.9869041417708413;0.03838985710586171
none__box_3.0,9,ok,true,-0.5369398545285604,4,0.0;0.0;0.0;0.0,0.057001912949380944;0.05754344750877727;0.03438367891679021;0.0630601454714397,0.6000000000000001;0.6000000000000001;0.6000000000000001;0.6000000000000001,true,-0.7149842408390262,2,1.7684516810024435;0.6566262424551239,0.05653715046080109;0.05653725414832193,-5.0;-1.428147737442472|5.0;1.428147737442472,12009,0,0,0,0,0,0,0.7778389740990815,0.753527512381614,0.4875774451625289,0.0,0.0,0.0,1.7684516753272423;0.6566266767082278
none__box_3.0,10,ok,true,-0.5364185258544961,4,0.0;0.0;0.0;0.0,0.054803839990957344;0.06016664737813196;0.03523332393377678;0.06358147414550393,0.6000000000000001;0.6000000000000001;0.6000000000000001;0.6000000000000001,true,-0.799678517777606,2,1.6007850689703982;0.5708503876122732,0.05761883492225359;0.05761883205259276,-5.0;-1.428147737442472|5.0;1.428147737442472,12009,0,0,0,0,0,0,0.7961411493992441,0.7742059569939127,0.5046751987849399,0.0,0.0,0.0,1.60078512619346;0.5708503861559371
none__box_3.0,11,ok,true,-0.5361987795810789,4,0.0;0.0;0.0;0.0,0.05214438083116301;0.06191915761452727;0.035485176138569836;0.06380122041892118,0.6000000000000001;0.6000000000000001;0.6000000000000001;0.6000000000000001,true,-0.4679898823295219,2,1.954070668776732;0.9016346895025307,0.05851681930538766;0.058523165610419425,-5.0;-1.428147737442472|5.0;1.428147737442472,12009,0,0,0,0,0,0,0.7687626127512066,0.7451616023474369,0.4827412580292218,0.0,0.0,0.0,1.954061113851151;0.9016584007899446
none__box_3.0,12,ok,true,-0.5359135171809986,2,0.0;0.0;0.0;0.0,0.049798719054383024;0.06408648281900158;0.03579753045918336;0.0638266339879956,0.6000000000000001;0.6000000000000001;0.6000000000000001;0.6000000000000001,true,-0.9704348313234714,2,2.0884228112091354;0.39884034234863136,0.05887266671458775;0.058872563770369195,-5.0;-1.428147737442472|5.0;1.428147737442472,12009,0,0,0,0,0,0,0.7720072985020582,0.7488161534199199,0.48582743968998665,0.0,0.0,0.0,2.0884229763957363;0.39884044034980737
none__box_3.0,13,ok,true,-0.5340876008129056,2,0.0;0.0;0.0;0.0,0.04684262767246944;0.06591239918709446;0.035864413506117326;0.06405757833304267,0.6000000000000001;0.6000000000000001;0.6000000000000001;0.6000000000000001,true,-0.2864290585583955,2,0.8131947456975324;1.0766737176605414,0.06504500893827171;0.06504496122353516,-5.0;-1.428147737442472|5.0;1.428147737442472,12009,0,0,0,0,0,0,0.8464085575809376,0.8255560511639458,0.556740969422353,0.0,0.0,0.0,0.813194782497467;1.076673736508856
none__box_3.0,14,ok,true,-0.5352332678349759,4,0.0;0.0;0.0;0.0,0.047583706369652534;0.0640398656541249;0.03436758040221493;0.06476673216502414,0.6000000000000001;0.6000000000000001;0.6000000000000001;0.6000000000000001,true,-1.0900427571599998,2,1.8916197443274458;-0.27583461797776465,0.06227042837617883;0.06227036230470766,-5.0;-1.428147737442472|5.0;1.428147737442472,12009,0,0,0,0,0,0,0.7854525529470858,0.7635895733857401,0.4953988757038321,0.0,0.0,0.0,1.8916197032267186;-0.2758340147088606
none__box_3.0,15,ok,true,-0.5346078128634659,4,0.0;0.0;0.0;0.0,0.04634192104520585;0.06478574554925434;0.03343073674343676;0.06539218713653411,0.6000000000000001;0.6000000000000001;0.6000000000000001;0.6000000000000001,true,-1.0507809211832502,2,2.9619872041570243;-0.31772449205131315,0.059646014643809156;0.059642324207908624,-5.0;-1.428147737442472|5.0;1.428147737442472,12009,0,0,0,0,0,0,0.7064804586023199,0.6792457122034851,0.42432499948792524,0.0,0.0,0.0,2.9619815795105464;-0.3177103554809877
none__box_3.0,16,ok,true,-0.5306094211536201,4,0.0;0.0;0.0;0.0,0.04407478922683768;0.06817361671995224;0.03551349478616719;0.06939057884638002,0.6000000000000001;0.6000000000000001;0.6000000000000001;0.6000000000000001,true,-0.85732825731264,2,1.1436652821918747;-0.5077853007273796,0.06303413814279558;0.06303417940245254,-5.0;-1.428147737442472|5.0;1.428147737442472,12009,0,0,0,0,0,0,0.8254407318945646,0.8060420705873477,0.5342478327305336,0.0,0.0,0.0,1.1436652618505772;-0.5077852118827879
none__box_3.0,17,ok,true,-0.5298761835689101,4,0.0;0.0;0.0;0.0,0.042574144045176614;0.0685971114842924;0.03554649726502454;0.07012381643108999,0.6000000000000001;0.6000000000000001;0.6000000000000001;0.6000000000000001,true,-0.9175314937153275,2,2.7185170200559625;-0.45013173116799843,0.06048330106657026;0.0604845125591461,-5.0;-1.428147737442472|5.0;1.428147737442472,12009,0,0,0,0,0,0,0.7154736049587836,0.6797266247542142,0.4215693962391534,0.0,0.0,0.0,2.71851967995719;-0.4501319391719308
none__box_3.0,18,ok,true,-0.5250654365871424,4,0.0;0.0;0.0;0.0,0.04053573916378211;0.07172477735751578;0.03868342920304202;0.07493456341285766,0.6000000000000001;0.6000000000000001;0.6000000000000001;0.6000000000000001,true,-1.3286168524645525,2,0.8986184541507001;0.03366910612345997,0.06586188960482034;0.0658617788544595,-5.0;-1.428147737442472|5.0;1.428147737442472,12009,0,0,0,0,0,0,0.8300892455964887,0.809387452511662,0.5326523666670665,0.0,0.0,0.0,0.8986182334380229;0.03366910225027739
none__box_3.0,19,ok,true,-0.5232925212834989,4,0.0;0.0;0.0;0.0,0.03906421670554128;0.07262678094982968;0.0394491843844376;0.07670747871650116,0.6000000000000001;0.6000000000000001;0.6000000000000001;0.6000000000000001,true,-0.6130903372066712,2,1.7315336191553774;-0.7503250456267363,0.06473227953925169;0.06473235460906461,-5.0;-1.428147737442472|5.0;1.428147737442472,12009,0,0,0,0,0,0,0.764083662685539,0.7382454311701399,0.4666524451846045,0.0,0.0,0.0,1.7315322790373502;-0.7503251619042461
none__box_3.0,20,ok,true,-0.5204945200168143,4,0.0;0.0;0.0;0.0,0.037677923425821;0.07611768421775444;0.04033347324301406;0.07950547998318576,0.6000000000000001;0.6000000000000001;0.6000000000000001;0.6000000000000001,true,-0.939464281814405,2,2.1871736476436237;-0.42269983160714375,0.06598458457177515;0.06598362402092324,-5.0;-1.428147737442472|5.0;1.428147737442472,12009,0,0,0,0,0,0,0.7190522881041898,0.6874073122881948,0.42636251307816464,0.0,0.0,0.0,2.1871740616737303;-0.42269337362931925
none__box_3.0,21,ok,true,-0.5157308884412167,4,0.0;0.0;0.0;0.0,0.03692054423700714;0.08050151471404424;0.04216606760388402;0.0842691115587834,0.6000000000000001;0.6000000000000001;0.6000000000000001;0.6000000000000001,true,-1.1520684460082495,2,3.1799377070522183;-0.2125371189337839,0.06354210330158566;0.06354217250043866,-5.0;-1.428147737442472|5.0;1.428147737442472,12009,0,0,0,0,0,0,0.6490408098618112,0.6168142456739716,0.3620104755344154,0.0,0.0,0.0,3.179937052876044;-0.21253665460156673
none__box_3.0,22,ok,true,-0.5097015546457722,4,0.0;0.0;0.0;0.0,0.040425904124343166;0.08640500178116234;0.04478860513607556;0.09029844535422796,0.6000000000000001;0.6000000000000001;0.6000000000000001;0.6000000000000001,true,-0.7613430561500292,2,2.1241031062324858;-0.597483731454254,0.06931919564250763;0.06932094983818886,-5.0;-1.428147737442472|5.0;1.428147737442472,12009,0,0,0,0,0,0,0.7203113624211359,0.6874223922408346,0.4219966629627632,0.0,0.0,0.0,2.1241018254489425;-0.5974895466099511
none__box_3.0,23,ok,true,-0.5039268338926078,4,0.0;0.0;0.0;0.0,0.042543770109536215;0.09190906049912219;0.04670098697853797;0.09607316610739225,0.6000000000000001;0.6000000000000001;0.6000000000000001;0.6000000000000001,true,-0.5919114412371497,2,2.248896694005378;-0.7627332088592338,0.07350312527389924;0.07350308734608861,-5.0;-1.428147737442472|5.0;1.428147737442472,12009,0,0,0,0,0,0,0.6933321005941573,0.6613775802748862,0.4009410190429759,0.0,0.0,0.0,2.2488966481795063;-0.7627330325600711
none__box_3.0,24,ok,true,-0.496548533148321,4,0.0;0.0;0.0;0.0,0.045339976232697025;0.09901704000842454;0.04874487397190556;0.1034514668516791,0.6000000000000001;0.6000000000000001;0.6000000000000001;0.6000000000000001,true,-0.9025637853783053,2,2.929277944836702;-0.4477047443904363,0.07787896023554224;0.0778792076737305,-5.0;-1.428147737442472|5.0;1.428147737442472,12009,0,0,0,0,0,0,0.612405851669271,0.5836182344765066,0.3401000093599184,0.0,0.0,0.0,2.9292779265451667;-0.44770345915018306
none__box_3.0,25,ok,true,-0.48574423584239734,4,0.0;0.0;0.0;0.0,0.05266742964503454;0.10875969477083283;0.05238986755268648;0.11425576415760272,0.6000000000000001;0.6000000000000001;0.6000000000000001;0.6000000000000001,true,-0.5658022200453879,2,2.564009463323556;-0.7747340588784297,0.08761067154103534;0.08761145851865434,-5.0;-1.428147737442472|5.0;1.428147737442472,12009,0,0,0,0,0,0,0.6210831781257806,0.5908853482899779,0.3459899200519075,0.0,0.0,0.0,2.564013864368455;-0.7747234997712361
none__box_3.0,26,ok,true,-0.47360969291591537,4,0.0;0.0;0.0;0.0,0.05907361668289099;0.11944533149404453;0.056625076581608806;0.1263903070840847,0.6000000000000001;0.6000000000000001;0.6000000000000001;0.6000000000000001,true,-0.7589619935866815,2,4.108794948569884;-0.576418653395601,0.09276679723203456;0.09276709046018952,-5.0;-1.428147737442472|5.0;1.428147737442472,12009,0,0,0,0,0,0,0.4333022425931193,0.39687909952827494,0.21051696687666646,0.0,0.0,0.0,4.108795031161176;-0.576418224885079
none__box_3.0,27,ok,true,-0.44320792627284855,4,0.0;0.0;0.0;0.0,0.08389900438399403;0.14346201712268508;0.07758355645811757;0.1567920737271515,0.6000000000000001;0.6000000000000001;0.6000000000000001;0.6000000000000001,true,-0.7945023003947712,2,1.8303843907041175;-0.5374025800042901,0.09624283684212821;0.09624285704341069,-5.0;-1.428147737442472|5.0;1.428147737442472,12009,0,0,0,0,0,0,0.6137100056028454,0.5922842779926705,0.35570113795367153,0.0,0.0,0.0,1.830384419896577;-0.5374026955505695
none__box_3.0,28,ok,true,-0.4221594926684762,4,0.0;0.0;0.0;0.0,0.0994311342039406;0.15963531439003084;0.09484577318198094;0.17784050733152387,0.6000000000000001;0.6000000000000001;0.6000000000000001;0.6000000000000001,true,-1.0013996375984258,2,2.2681585736228573;-0.3338218495546741,0.09292616494868464;0.09292625028937228,-5.0;-1.428147737442472|5.0;1.428147737442472,12009,0,0,0,0,0,0,0.5600195397287537,0.5281204857504025,0.32152803301138383,0.0,0.0,0.0,2.268158806536457;-0.33382251743429125
none__box_3.0,29,ok,true,-0.39051178125326,4,0.0;0.0;0.0;0.0,0.12902699289746256;0.18318199702733912;0.12460962104905497;0.20948821874674003,0.6000000000000001;0.6000000000000001;0.6000000000000001;0.6000000000000001,true,-0.7541438090745021,2,2.4756089637814256;0.5900000817255484,0.08400432631229002;0.08400384664242161,-5.0;-1.428147737442472|5.0;1.428147737442472,12009,0,0,0,0,0,0,0.5305634264908051,0.496733130178741,0.3137035743132196,0.0,0.0,0.0,2.4756096152470475;0.5900007510572585
none__box_3.0,30,ok,true,-0.34014777922588346,4,0.0;0.0;0.0;0.0,0.17446650259728358;0.218902467732984;0.1763740520479744;0.2598522207741166,0.6000000000000001;0.6000000000000001;0.6000000000000001;0.6000000000000001,true,-0.1343330900114157,2,2.4400224344180197;1.2124248682966567,0.08138962870392151;0.08138977913439958,-5.0;-1.428147737442472|5.0;1.428147737442472,12009,0,0,0,0,0,0,0.4884012898785318,0.4681213020259407,0.30924878014155827,0.0,0.0,0.0,2.440018763688454;1.2124266327610205
none__box_3.0,31,ok,true,-0.267418170043954,4,0.0;0.0;0.0;0.0,0.24157964357381528;0.26816416254417413;0.2603959818176436;0.33258182995604607,0.6000000000000001;0.6000000000000001;0.6000000000000001;0.6000000000000001,true,-1.2963905126622906,2,1.7856729172780117;-0.045936741385520063,0.08582050927803525;0.08582048339466143,-5.0;-1.428147737442472|5.0;1.428147737442472,12009,0,0,0,0,0,0,0.5831605676379253,0.5689027808282469,0.3787538311628509,0.0,0.0,0.0,1.7856729203682673;-0.045936724927492456
none__box_3.0,32,ok,true,-0.21793593228667402,4,0.0;0.0;0.0;0.0,0.32280843991779423;0.3254168090665029;0.336003774484613;0.38206406771332607,0.6000000000000001;0.6000000000000001;0.6000000000000001;0.6000000000000001,true,-1.2579234506721866,2,2.20267224155547;-0.09217453350789473,0.0780497303944648;0.07804975326239084,-5.0;-1.428147737442472|5.0;1.428147737442472,12009,0,0,0,0,0,0,0.5633254681357516,0.5395648240325406,0.35452673178656774,0.0,0.0,0.0,2.20267224055281;-0.09217452534245128
trajectory_std__box_1.0,1,ok,true,-0.11620292365981724,1,0.0;0.0;0.0;0.0,0.08379707634018277;0.056909712722475754;0.05572961428764909;0.0651651474023903,0.2;0.2;0.2;0.2,true,-1.303545829952409,2,-2.1691956403283226;-0.07873539019947998,0.045866532972356176;0.04586651729058307,-5.0;-1.428147737442472|5.0;1.428147737442472,12009,0,0,0,0,0,0,0.8494136764114847,0.8349031184601073,0.5693923811160688,0.0,0.0,0.0,-2.1691956255913296;-0.0787353833676841
trajectory_std__box_1.0,2,ok,true,-0.11497643412655657,1,0.0;0.0;0.0;0.0,0.08502356587344344;0.05562106807827491;0.053120208867481485;0.07097589955683,0.2;0.2;0.2;0.2,true,-1.0350391177972555,2,-2.3333241523395296;-0.33829014419714126,0.054818899305326844;0.054818475448075187,-5.0;-1.428147737442472|5.0;1.428147737442472,12009,0,0,0,0,0,0,0.8394548199565972,0.8205186448562825,0.5519665694622371,0.0,0.0,0.0,-2.3333239612373;-0.3382905645385101
trajectory_std__box_1.0,3,ok,true,-0.11279136560774546,1,0.0;0.0;0.0;0.0,0.08720863439225456;0.06544515464793839;0.04838670200795407;0.0835877388575462,0.2;0.2;0.2;0.2,true,-0.6606383948397331,2,1.5550707384020912;0.6985656420680231,0.06894347822348178;0.06894370053471584,-5.0;-1.428147737442472|5.0;1.428147737442472,12009,0,0,0,0,0,0,0.8307921026037327,0.8109730047663263,0.5466769198837286,0.0,0.0,0.0,1.5550701205736817;0.6985655131171977
trajectory_std__box_1.0,4,ok,true,-0.11301194657391156,1,0.0;0.0;0.0;0.0,0.08698805342608845;0.06850011216923149;0.045263431922165503;0.0788510734313627,0.2;0.2;0.2;0.2,true,-0.1397240790014127,2,3.6668877500160515;1.2265984559346639,0.061825606752616245;0.06182520250639543,-5.0;-1.428147737442472|5.0;1.428147737442472,12009,0,0,0,0,0,0,0.7098344735302995,0.6835832339755697,0.44703584600895346,0.0,0.0,0.0,3.6668878262588556;1.226597905888407
trajectory_std__box_1.0,5,ok,true,-0.10733242143011579,1,0.0;0.0;0.0;0.0,0.09266757856988422;0.07271643026904179;0.048130238785528544;0.07883286692650043,0.2;0.2;0.2;0.2,true,-0.3472805029770123,2,0.22722977526696575;1.0195039339354104,0.06136326235960361;0.06136330053004931,-5.0;-1.428147737442472|5.0;1.428147737442472,12009,0,0,0,0,0,0,0.898775398718406,0.8829560407903461,0.608484986743887,0.0,0.0,0.0,0.22722979991983816;1.01950393557726
trajectory_std__box_1.0,6,ok,true,-0.10715366926498553,1,0.0;0.0;0.0;0.0,0.09284633073501448;0.07393468772027509;0.04759913272671044;0.08164286083134509,0.2;0.2;0.2;0.2,true,-1.0816025806408516,2,2.089584148097021;-0.2742294707810571,0.07231679270976195;0.07231568602056347,-5.0;-1.428147737442472|5.0;1.428147737442472,12009,0,0,0,0,0,0,0.7934609789390406,0.7692211553969538,0.49914097247465183,0.0,0.0,0.0,2.0895841826429686;-0.2742299106819919
trajectory_std__box_1.0,7,ok,true,-0.1068725537292346,1,0.0;0.0;0.0;0.0,0.09312744627076541;0.0779700084570078;0.046590451951329964;0.08180880310150809,0.2;0.2;0.2;0.2,true,-0.9365336284911469,2,3.3178105445846757;0.4206517301187689,0.07096241910538073;0.07096237883255627,-5.0;-1.428147737442472|5.0;1.428147737442472,12009,0,0,0,0,0,0,0.7126055327907128,0.6822786980775565,0.42883470952701797,0.0,0.0,0.0,3.3178107109399346;0.42065175973315816
trajectory_std__box_1.0,8,ok,true,-0.10580289491294141,1,0.0;0.0;0.0;0.0,0.0941971050870586;0.08523528176468503;0.05061590253362554;0.08561075259080834,0.2;0.2;0.2;0.2,true,-1.3143004272965966,2,1.9869042072012266;0.038389578177622674,0.07545775844483038;0.07545773196825277,-5.0;-1.428147737442472|5.0;1.428147737442472,12009,0,0,0,0,0,0,0.7825912553228385,0.755272609266065,0.48482627498820713,0.0,0.0,0.0,1.9869041417708413;0.03838985710586171
trajectory_std__box_1.0,9,ok,true,-0.10709626620472612,1,0.0;0.0;0.0;0.0,0.09290373379527389;0.0925030813393243;0.05202325356234631;0.08676588140866935,0.2;0.2;0.2;0.2,true,-0.6976517757349101,2,1.7684516366286707;0.6566278639792094,0.07386869272601353;0.07386809772835252,-5.0;-1.428147737442472|5.0;1.428147737442472,12009,0,0,0,0,0,0,0.7960209301136847,0.7753146750673372,0.5019824620934314,0.0,0.0,0.0,1.7684516753272423;0.6566266767082278
trajectory_std__box_1.0,10,ok,true,-0.10057795774327427,2,0.0;0.0;0.0;0.0,0.09150416331867675;0.09942204225672574;0.05258280647779628;0.08633301100242612,0.2;0.2;0.2;0.2,true,-0.7826752618223143,2,1.6007852517052603;0.5708504026488606,0.0746221930518828;0.0746220729712972,-5.0;-1.428147737442472|5.0;1.428147737442472,12009,0,0,0,0,0,0,0.8125175336713606,0.7918310404429932,0.5104282374542671,0.0,0.0,0.0,1.60078512619346;0.5708503861559371
trajectory_std__box_1.0,11,ok,true,-0.0942964365960683,2,0.0;0.0;0.0;0.0,0.08966226790323507;0.10570356340393171;0.052755970530000314;0.08598737279991527,0.2;0.2;0.2;0.2,true,-0.452171881465365,2,1.9540611285862548;0.9016581374067885,0.07431807634978;0.0743177185703186,-5.0;-1.428147737442472|5.0;1.428147737442472,12009,0,0,0,0,0,0,0.7984580617627354,0.7733370668803835,0.4997575729826711,0.0,0.0,0.0,1.954061113851151;0.9016584007899446
trajectory_std__box_1.0,12,ok,true,-0.08712153792071396,2,0.0;0.0;0.0;0.0,0.08704825327780745;0.11287846207928605;0.052948073197925855;0.08481896197343089,0.2;0.2;0.2;0.2,true,-0.9543047439386306,2,2.0884229726379884;0.398840428266286,0.07500258376936897;0.07500256523755536,-5.0;-1.428147737442472|5.0;1.428147737442472,12009,0,0,0,0,0,0,0.7995000972613084,0.7724893699920772,0.49666062643177616,0.0,0.0,0.0,2.0884229763957363;0.39884044034980737
trajectory_std__box_1.0,13,ok,true,-0.07957663927506307,2,0.0;0.0;0.0;0.0,0.08263845029098325;0.12042336072493694;0.05339102186826041;0.08446107897728658,0.2;0.2;0.2;0.2,true,-0.275734442098295,2,0.8131948467466206;1.0766737798937163,0.07573969249842208;0.07573951545046076,-5.0;-1.428147737442472|5.0;1.428147737442472,12009,0,0,0,0,0,0,0.8624540671732306,0.8440644701733323,0.5676004362275311,0.0,0.0,0.0,0.813194782497467;1.076673736508856
trajectory_std__box_1.0,14,ok,true,-0.07681773673429469,2,0.0;0.0;0.0;0.0,0.08362144075513303;0.12318226326570532;0.05247834935379805;0.08493332467528707,0.2;0.2;0.2;0.2,true,-1.07375203215664,2,1.8916198815720673;-0.27583403462906264,0.07856189896090546;0.07856167065676936,-5.0;-1.428147737442472|5.0;1.428147737442472,12009,0,0,0,0,0,0,0.8050040003729765,0.7834195484371338,0.5078482577151723,0.0,0.0,0.0,1.8916197032267186;-0.2758340147088606
trajectory_std__box_1.0,15,ok,true,-0.06994611781934604,2,0.0;0.0;0.0;0.0,0.08015883947777078;0.13005388218065397;0.052320692522909176;0.08543729031379861,0.2;0.2;0.2;0.2,true,-1.0371787383166007,2,2.961981834030257;-0.3177118177507654,0.07325675599743506;0.07325718137510599,-5.0;-1.428147737442472|5.0;1.428147737442472,12009,0,0,0,0,0,0,0.7563437069824537,0.7300106980504918,0.4575368976647728,0.0,0.0,0.0,2.9619815795105464;-0.3177103554809877
trajectory_std__box_1.0,16,ok,true,-0.059453864742475965,2,0.0;0.0;0.0;0.0,0.0721383997624761;0.14054613525752405;0.05442948061308275;0.08821458322838058,0.2;0.2;0.2;0.2,true,-0.8406748831266204,2,1.1436654040067662;-0.5077857358672284,0.0796870106370758;0.07968711844862315,-5.0;-1.428147737442472|5.0;1.428147737442472,12009,0,0,0,0,0,0,0.8300199620706927,0.8138038366762742,0.5343210600675399,0.0,0.0,0.0,1.1436652618505772;-0.5077852118827879
trajectory_std__box_1.0,17,ok,true,-0.05249672934380878,2,0.0;0.0;0.0;0.0,0.06989460503065849;0.14750327065619123;0.055425384768474306;0.08894051436102703,0.2;0.2;0.2;0.2,true,-0.905044782832085,2,2.7185200655169366;-0.45013181479393183,0.0729708408916712;0.07297113981645516,-5.0;-1.428147737442472|5.0;1.428147737442472,12009,0,0,0,0,0,0,0.7473214825979915,0.724104316704535,0.45341979634337937,0.0,0.0,0.0,2.71851967995719;-0.4501319391719308
trajectory_std__box_1.0,18,ok,true,-0.04166253932541447,2,0.0;0.0;0.0;0.0,0.06190262431058748;0.15833746067458554;0.058145721915684914;0.0915851579822745,0.2;0.2;0.2;0.2,true,-1.3151517610417998,2,0.8986181755356499;0.03366907351938542,0.07932693522058787;0.07932690288128677,-5.0;-1.428147737442472|5.0;1.428147737442472,12009,0,0,0,0,0,0,0.8347102321168868,0.8224740033879561,0.5428474921263982,0.0,0.0,0.0,0.8986182334380229;0.03366910225027739
trajectory_std__box_1.0,19,ok,true,-0.03359964782405195,2,0.0;0.0;0.0;0.0,0.05932165817222032;0.16640035217594806;0.05994628351983974;0.09300497205244829,0.2;0.2;0.2;0.2,true,-0.5989023932835446,2,1.7315322345879975;-0.7503249842713924,0.07892019259662113;0.07892035988753507,-5.0;-1.428147737442472|5.0;1.428147737442472,12009,0,0,0,0,0,0,0.7744296695118393,0.7579302695120393,0.4817513655050552,0.0,0.0,0.0,1.7315322790373502;-0.7503251619042461
trajectory_std__box_1.0,20,ok,true,-0.02206714840694643,2,0.0;0.0;0.0;0.0,0.05416735036902914;0.17793285159305358;0.061875638882559515;0.09485673243767415,0.2;0.2;0.2;0.2,true,-0.9280338029818249,2,2.187173726842186;-0.4226929309449985,0.07742107342063624;0.07742100351564861,-5.0;-1.428147737442472|5.0;1.428147737442472,12009,0,0,0,0,0,0,0.7429385966974122,0.7177543077350337,0.4442430837604485,0.0,0.0,0.0,2.1871740616737303;-0.42269337362931925
trajectory_std__box_1.0,21,ok,true,-0.00903013016991805,2,0.0;0.0;0.0;0.0,0.04824210825479593;0.19096986983008196;0.064970077020719;0.09975971946505084,0.2;0.2;0.2;0.2,true,-1.1427712504101415,2,3.179937844517001;-0.2125350766590457,0.07283988612411452;0.0728414103732848,-5.0;-1.428147737442472|5.0;1.428147737442472,12009,0,0,0,0,0,0,0.6821020382977978,0.653497030729606,0.3930192936728155,0.0,0.0,0.0,3.179937052876044;-0.21253665460156673
trajectory_std__box_1.0,22,ok,false,0.006673584688464657,2,0.0;0.0;0.0;0.0,0.044812458707631786;0.20667358468846467;0.0694239629854333;0.10783619118693857,0.2;0.2;0.2;0.2,true,-0.7485764995564348,2,2.124101752375676;-0.5974899530292834,0.08208116956296393;0.08208128485675387,-5.0;-1.428147737442472|5.0;1.428147737442472,12009,0,16,0,0,0,0,0.7432237537578618,0.7104586968865738,0.4369723381198423,0.0,0.0,0.0,2.1241018254489425;-0.5974895466099511
trajectory_std__box_1.0,23,ok,false,0.02109234310881994,2,0.0;0.0;0.0;0.0,0.04450749438680822;0.22109234310881995;0.07338918523117689;0.11555671562377409,0.2;0.2;0.2;0.2,true,-0.578346197390122,2,2.24889649110826;-0.7627327434818154,0.08706883286277951;0.08706879657053462,-5.0;-1.428147737442472|5.0;1.428147737442472,12009,0,120,0,0,0,0,0.7141164620085021,0.680295248924817,0.41285889605436743,0.0,0.0,0.0,2.2488966481795063;-0.7627330325600711
trajectory_std__box_1.0,24,ok,false,0.0385025225133214,2,0.0;0.0;0.0;0.0,0.04705199185370116;0.2385025225133214;0.07857009300276545;0.12523503898461352,0.2;0.2;0.2;0.2,true,-0.8898808363149304,2,2.929277939326811;-0.4477030942463287,0.09056416881311188;0.09056380688121288,-5.0;-1.428147737442472|5.0;1.428147737442472,12009,0,360,0,0,0,0,0.6264007975648344,0.6018083465033323,0.3556239836955971,0.0,0.0,0.0,2.9292779265451667;-0.44770345915018306
trajectory_std__box_1.0,25,ok,false,0.06266477708847595,2,0.0;0.0;0.0;0.0,0.05737687119398851;0.26266477708847596;0.08861141317086992;0.1403923595502483,0.2;0.2;0.2;0.2,true,-0.5497454766790533,2,2.564013674581215;-0.7747234897280126,0.10367904849793658;0.10367877103540617,-5.0;-1.428147737442472|5.0;1.428147737442472,12009,0,756,0,0,0,0,0.6440270707308358,0.614388971356553,0.36163661856074597,0.0,0.0,0.0,2.564013864368455;-0.7747234997712361
trajectory_std__box_1.0,26,ok,false,0.08589369095308858,2,0.0;0.0;0.0;0.0,0.0668472575422947;0.2858936909530886;0.100432568158263;0.15658749554500948,0.2;0.2;0.2;0.2,true,-0.7431415597770863,2,4.108794035003303;-0.5764148686735462,0.1085896663950905;0.1085913089918396,-5.0;-1.428147737442472|5.0;1.428147737442472,12009,0,1223,0,0,0,0,0.4561270938743335,0.4324151289652359,0.24339718685246248,0.0,0.0,0.0,4.108795031161176;-0.576418224885079
trajectory_std__box_1.0,27,ok,false,0.128123859786908,2,0.0;0.0;0.0;0.0,0.09539422675883981;0.328123859786908;0.13790947051615743;0.19563031379729343,0.2;0.2;0.2;0.2,true,-0.7749464011578138,2,1.830384410793516;-0.5374027203944394,0.11579855954751177;0.11579861589021889,-5.0;-1.428147737442472|5.0;1.428147737442472,12009,0,2019,0,0,0,0,0.6639522436833987,0.6361027221926103,0.37987149062416914,0.0,0.0,0.0,1.830384419896577;-0.5374026955505695
trajectory_std__box_1.0,28,ok,false,0.15254336361749954,2,0.0;0.0;0.0;0.0,0.11088383985436155;0.35254336361749955;0.16492193669616156;0.22139489392388745,0.2;0.2;0.2;0.2,true,-0.983470994836811,2,2.26815877012596;-0.33382251944270536,0.11085418680633942;0.11085422316295561,-5.0;-1.428147737442472|5.0;1.428147737442472,12009,0,2577,0,0,0,0,0.6242864364779876,0.5933102181722906,0.3513041675032655,0.0,0.0,0.0,2.268158806536457;-0.33382251743429125
trajectory_std__box_1.0,29,ok,false,0.17311321467071278,2,0.0;0.0;0.0;0.0,0.14373036149616286;0.3731132146707128;0.2048357235751713;0.2552283586028228,0.2;0.2;0.2;0.2,true,-0.7365173607790437,2,2.4756113657383807;0.5900002459577545,0.10162430310556032;0.10163013070567387,-5.0;-1.428147737442472|5.0;1.428147737442472,12009,0,3510,0,0,0,0,0.5916541490254577,0.5665166140624579,0.3539566342079777,0.0,0.0,0.0,2.4756096152470475;0.5900007510572585
trajectory_std__box_1.0,30,ok,false,0.1878596992337262,2,0.0;0.0;0.0;0.0,0.19664935544444298;0.3878596992337262;0.26386664685197914;0.3029437024566465,0.2;0.2;0.2;0.2,true,-0.11554591698822625,2,2.440020730058981;1.2124260172587231,0.10017787664868659;0.10017580319552274,-5.0;-1.428147737442472|5.0;1.428147737442472,12009,0,4636,0,0,0,0,0.6568689948155129,0.6189896022235456,0.385829705149221,0.0,0.0,0.0,2.440018763688454;1.2124266327610205
trajectory_std__box_1.0,31,ok,false,0.17495868442993473,2,0.0;0.0;0.0;0.0,0.269236784447801;0.37495868442993474;0.32651776311355385;0.34737401528921374,0.2;0.2;0.2;0.2,true,-1.289990269365338,2,1.7856729197470829;-0.04593672591534381,0.09222090784114387;0.09222074216179027,-5.0;-1.428147737442472|5.0;1.428147737442472,12009,0,6837,0,0,0,0,0.7374295921235269,0.7006730789106497,0.45003146372405983,0.0,0.0,0.0,1.7856729203682673;-0.045936724927492456
trajectory_std__box_1.0,32,ok,false,0.18762715850875533,4,0.0;0.0;0.0;0.0,0.3399839808954199;0.3857165498691067;0.37996928813273356;0.38762715850875534,0.2;0.2;0.2;0.2,true,-1.2638000342262776,2,2.202671638501454;-0.09217323516310794,0.07217631039832596;0.07217446805308653,-5.0;-1.428147737442472|5.0;1.428147737442472,12009,0,9008,0,0,0,0,0.7091620470889588,0.6745513139368287,0.4291339076013387,0.0,0.0,0.0,2.20267224055281;-0.09217452534245128
trajectory_std__box_2.0,1,ok,true,-0.32324041582865237,1,0.0;0.0;0.0;0.0,0.07675958417134762;0.0515015090551285;0.04954127462881731;0.05775379986152315,0.4;0.4;0.4;0.4,true,-1.309109305002674,2,-2.1691956174206926;-0.07873486958529877,0.040303587948524365;0.04030356285449907,-5.0;-1.428147737442472|5.0;1.428147737442472,12009,0,0,0,0,0,0,0.8481193081898293,0.8344599129894419,0.5684432660736003,0.0,0.0,0.0,-2.1691956255913296;-0.0787353833676841
trajectory_std__box_2.0,2,ok,true,-0.3221101192438933,1,0.0;0.0;0.0;0.0,0.07788988075610669;0.05123140075782107;0.04728637466446681;0.06295783218487644,0.4;0.4;0.4;0.4,true,-1.0431509029618438,2,-2.3333238532819505;-0.33829348145058813,0.046702884670091364;0.046703353030040036,-5.0;-1.428147737442472|5.0;1.428147737442472,12009,0,0,0,0,0,0,0.8401843910748226,0.8211478915461491,0.5557396993742271,0.0,0.0,0.0,-2.3333239612373;-0.3382905645385101
trajectory_std__box_2.0,3,ok,true,-0.3199237498502064,1,0.0;0.0;0.0;0.0,0.08007625014979365;0.06074960568403671;0.04351158277733617;0.0747340758657419,0.4;0.4;0.4;0.4,true,-0.6669548478542366,2,1.55506708392888;0.698569606813042,0.06262270829350769;0.0626232827751933,-5.0;-1.428147737442472|5.0;1.428147737442472,12009,0,0,0,0,0,0,0.8353922186803004,0.8143973547956828,0.5505257844003523,0.0,0.0,0.0,1.5550701205736817;0.6985655131171977
trajectory_std__box_2.0,4,ok,true,-0.32024851934892407,1,0.0;0.0;0.0;0.0,0.07975148065107597;0.06378636195955732;0.040404367175819876;0.0699872500680969,0.4;0.4;0.4;0.4,true,-0.14738895190367973,2,3.6668863987689573;1.2265965439795599,0.05416329342683685;0.054162241559232445,-5.0;-1.428147737442472|5.0;1.428147737442472,12009,0,0,0,0,0,0,0.7025461381348639,0.6785474359364078,0.44560517686598994,0.0,0.0,0.0,3.6668878262588556;1.226597905888407
trajectory_std__box_2.0,5,ok,true,-0.3153124824242254,1,0.0;0.0;0.0;0.0,0.08468751757577467;0.06799746297849744;0.04380559250298478;0.07110209717720475,0.4;0.4;0.4;0.4,true,-0.3514576123466209,2,0.2272299052981418;1.0195039298432103,0.05718624527803948;0.057186195252640994,-5.0;-1.428147737442472|5.0;1.428147737442472,12009,0,0,0,0,0,0,0.9024604688947683,0.8843626084954498,0.6104321986612842,0.0,0.0,0.0,0.22722979991983816;1.01950393557726
trajectory_std__box_2.0,6,ok,true,-0.31522374748429915,1,0.0;0.0;0.0;0.0,0.08477625251570087;0.06919635820718825;0.043170630228534915;0.07346040436165324,0.4;0.4;0.4;0.4,true,-1.0886335733996952,2,2.0895841660117287;-0.27423006275916095,0.06528406145697753;0.0652841012836159,-5.0;-1.428147737442472|5.0;1.428147737442472,12009,0,0,0,0,0,0,0.7976297843191797,0.7709496138976379,0.5041993990265803,0.0,0.0,0.0,2.0895841826429686;-0.2742299106819919
trajectory_std__box_2.0,7,ok,true,-0.31494000235308456,1,0.0;0.0;0.0;0.0,0.08505999764691548;0.07311329060815949;0.04227763637936197;0.07352881240448562,0.4;0.4;0.4;0.4,true,-0.9441739244150308,2,3.3178106089738586;0.4206520284308699,0.06332163116713332;0.06332178459657134,-5.0;-1.428147737442472|5.0;1.428147737442472,12009,0,0,0,0,0,0,0.7187498961155663,0.6906930751897034,0.4352572237933524,0.0,0.0,0.0,3.3178107109399346;0.42065175973315816
trajectory_std__box_2.0,8,ok,true,-0.3141206188080744,1,0.0;0.0;0.0;0.0,0.08587938119192565;0.07998480625746086;0.046159217938357464;0.07684848179598436,0.4;0.4;0.4;0.4,true,-1.321836099862793,2,1.9869041008930375;0.03839017137345191,0.06792158272122821;0.06792146620622717,-5.0;-1.428147737442472|5.0;1.428147737442472,12009,0,0,0,0,0,0,0.7851772582745941,0.759168711191815,0.4866854662507487,0.0,0.0,0.0,1.9869041417708413;0.03838985710586171
trajectory_std__box_2.0,9,ok,true,-0.31318029393609254,2,0.0;0.0;0.0;0.0,0.08460667170783695;0.08681970606390747;0.0473781542347503;0.077767891134386,0.4;0.4;0.4;0.4,true,-0.7052458361359061,2,1.7684517086018503;0.656626642019124,0.06627526138374351;0.06627525928744196,-5.0;-1.428147737442472|5.0;1.428147737442472,12009,0,0,0,0,0,0,0.8014514581552963,0.7758610286086475,0.5027868317354991,0.0,0.0,0.0,1.7684516753272423;0.6566266767082278
trajectory_std__box_2.0,10,ok,true,-0.30667546119219613,2,0.0;0.0;0.0;0.0,0.08327107784309366;0.09332453880780388;0.04786099613107095;0.07740517378698651,0.4;0.4;0.4;0.4,true,-0.7900734267408043,2,1.6007850997514028;0.5708504292300252,0.06722387585471834;0.06722388147164265,-5.0;-1.428147737442472|5.0;1.428147737442472,12009,0,0,0,0,0,0,0.8111700152312616,0.7913512922064435,0.5163575308478191,0.0,0.0,0.0,1.60078512619346;0.5708503861559371
trajectory_std__box_2.0,11,ok,true,-0.3007369617237,2,0.0;0.0;0.0;0.0,0.08154249878125916;0.0992630382763;0.04798146113825982;0.07716018526735571,0.4;0.4;0.4;0.4,true,-0.4603208797206424,2,1.954062019465908;0.9016591548046721,0.06616769882778722;0.06616770291715754,-5.0;-1.428147737442472|5.0;1.428147737442472,12009,0,0,0,0,0,0,0.7973391595121617,0.7713365083636233,0.4970043736876353,0.0,0.0,0.0,1.954061113851151;0.9016584007899446
trajectory_std__box_2.0,12,ok,true,-0.29397578739561375,2,0.0;0.0;0.0;0.0,0.07909147451747207;0.10602421260438627;0.04829307812312743;0.07644481828819144,0.4;0.4;0.4;0.4,true,-0.9623193095526315,2,2.088422963794592;0.3988404444895531,0.06698799878766436;0.06698798340028757,-5.0;-1.428147737442472|5.0;1.428147737442472,12009,0,0,0,0,0,0,0.795203316863762,0.7717900868327154,0.4957203724849905,0.0,0.0,0.0,2.0884229763957363;0.39884044034980737
trajectory_std__box_2.0,13,ok,true,-0.2868826377825128,2,0.0;0.0;0.0;0.0,0.075023430451292;0.11311736221748724;0.04885439774861421;0.07647522071876803,0.4;0.4;0.4;0.4,true,-0.2824492834174266,2,0.813194683849261;1.076673710290941,0.06902489677735468;0.06902474373410449,-5.0;-1.428147737442472|5.0;1.428147737442472,12009,0,0,0,0,0,0,0.8645294730376252,0.8471678108639253,0.5670171285894677,0.0,0.0,0.0,0.813194782497467;1.076673736508856
trajectory_std__box_2.0,14,ok,true,-0.284112518390627,2,0.0;0.0;0.0;0.0,0.0757474824986212;0.11588748160937301;0.04788464546823588;0.07679819920433285,0.4;0.4;0.4;0.4,true,-1.0818368876049296,2,1.8916196406672192;-0.2758338194073773,0.07047705212957084;0.07047703043016523,-5.0;-1.428147737442472|5.0;1.428147737442472,12009,0,0,0,0,0,0,0.8045657825595295,0.7834460161926053,0.5085004005772937,0.0,0.0,0.0,1.8916197032267186;-0.2758340147088606
trajectory_std__box_2.0,15,ok,true,-0.2775678239435874,2,0.0;0.0;0.0;0.0,0.07254619217322568;0.1224321760564126;0.047836993974015335;0.07754853539118868,0.4;0.4;0.4;0.4,true,-1.045585582218063,2,2.9619848795824613;-0.31770338405626153,0.06486112874295263;0.06485877116814742,-5.0;-1.428147737442472|5.0;1.428147737442472,12009,0,0,0,0,0,0,0.7528542859782349,0.7258325218932578,0.45380354515845805,0.0,0.0,0.0,2.9619815795105464;-0.3177103554809877
trajectory_std__box_2.0,16,ok,true,-0.26790445984983624,2,0.0;0.0;0.0;0.0,0.06533147816882622;0.1320955401501638;0.05014264771304744;0.08095129916551957,0.4;0.4;0.4;0.4,true,-0.8471009764370038,2,1.1436653981405156;-0.5077851051009232,0.07326169572443099;0.07326165590454507,-5.0;-1.428147737442472|5.0;1.428147737442472,12009,0,0,0,0,0,0,0.8305650848478313,0.8165443449300114,0.5358436872273296,0.0,0.0,0.0,1.1436652618505772;-0.5077852118827879
trajectory_std__box_2.0,17,ok,true,-0.26124754686278906,2,0.0;0.0;0.0;0.0,0.06341797661021634;0.13875245313721093;0.05095709794066758;0.08142820812050261,0.4;0.4;0.4;0.4,true,-0.9131354613732794,2,2.7185195526101475;-0.45013229124982546,0.064880704643427;0.06487998481936719,-5.0;-1.428147737442472|5.0;1.428147737442472,12009,0,0,0,0,0,0,0.7466022307820238,0.7192359376298264,0.45294282869222086,0.0,0.0,0.0,2.71851967995719;-0.4501319391719308
trajectory_std__box_2.0,18,ok,true,-0.25139471119515233,2,0.0;0.0;0.0;0.0,0.05661757866864721;0.1486052888048477;0.05386938027889174;0.08516377164716947,0.4;0.4;0.4;0.4,true,-1.3205658785670464,2,0.8986177410815444;0.03366949598030877,0.07391256026818041;0.07391236289511693,-5.0;-1.428147737442472|5.0;1.428147737442472,12009,0,0,0,0,0,0,0.8331264869245303,0.8218911742595982,0.5440426660175743,0.0,0.0,0.0,0.8986182334380229;0.03366910225027739
trajectory_std__box_2.0,19,ok,true,-0.24368404432902374,2,0.0;0.0;0.0;0.0,0.054613930176653225;0.15631595567097628;0.05552417812560667;0.08637396265728256,0.4;0.4;0.4;0.4,true,-0.6064617385431416,2,1.7315323077844011;-0.7503254975852331,0.07136041266744739;0.07136050131409737,-5.0;-1.428147737442472|5.0;1.428147737442472,12009,0,0,0,0,0,0,0.7749371114334744,0.7561476881348116,0.4821471472588083,0.0,0.0,0.0,1.7315322790373502;-0.7503251619042461
trajectory_std__box_2.0,20,ok,true,-0.23296916585643254,2,0.0;0.0;0.0;0.0,0.050479881472069506;0.16703083414356748;0.057384396653784746;0.08855482205767522,0.4;0.4;0.4;0.4,true,-0.9346825671633311,2,2.18717408176766;-0.4226933730289044,0.07077204648440268;0.07077179725023652,-5.0;-1.428147737442472|5.0;1.428147737442472,12009,0,0,0,0,0,0,0.7449451524334464,0.720810617588563,0.44598989930188276,0.0,0.0,0.0,2.1871740616737303;-0.42269337362931925
trajectory_std__box_2.0,21,ok,true,-0.2209186633196858,2,0.0;0.0;0.0;0.0,0.04588047375959416;0.17908133668031423;0.06025093084165222;0.09345262987646964,0.4;0.4;0.4;0.4,true,-1.148289540210369,2,3.179937184647315;-0.21253673322380529,0.06732160806246984;0.06732146400829765,-5.0;-1.428147737442472|5.0;1.428147737442472,12009,0,0,0,0,0,0,0.6802325360549423,0.6476339851800895,0.3903987867761301,0.0,0.0,0.0,3.179937052876044;-0.21253665460156673
trajectory_std__box_2.0,22,ok,true,-0.20599265953382287,2,0.0;0.0;0.0;0.0,0.04420722582863261;0.19400734046617715;0.06458366453665709;0.10124657756699464,0.4;0.4;0.4;0.4,true,-0.7544669393470383,2,2.1241019605864366;-0.5974900985062899,0.07619056209693503;0.07619069958914386,-5.0;-1.428147737442472|5.0;1.428147737442472,12009,0,0,0,0,0,0,0.7442320586469074,0.7150388312488295,0.43640178980478933,0.0,0.0,0.0,2.1241018254489425;-0.5974895466099511
trajectory_std__box_2.0,23,ok,true,-0.19281059131002815,2,0.0;0.0;0.0;0.0,0.0448321989450955;0.20718940868997188;0.06827161838514179;0.10833942277990778,0.4;0.4;0.4;0.4,true,-0.5844105982357127,2,2.248896459214162;-0.7627330539115427,0.0810038244967972;0.08100408529521663,-5.0;-1.428147737442472|5.0;1.428147737442472,12009,0,0,0,0,0,0,0.7169879256896798,0.685412401432075,0.41376114478358467,0.0,0.0,0.0,2.2488966481795063;-0.7627330325600711
trajectory_std__box_2.0,24,ok,true,-0.17742144953573866,2,0.0;0.0;0.0;0.0,0.047735765544736436;0.22257855046426137;0.07296141536809708;0.11702827818934834,0.4;0.4;0.4;0.4,true,-0.8951894161832596,2,2.929278147498655;-0.44770393544684417,0.08525413727875739;0.08525438581236816,-5.0;-1.428147737442472|5.0;1.428147737442472,12009,0,0,0,0,0,0,0.6356271977518432,0.607772746374296,0.35723308776563456,0.0,0.0,0.0,2.9292779265451667;-0.44770345915018306
trajectory_std__box_2.0,25,ok,true,-0.15677957293328507,2,0.0;0.0;0.0;0.0,0.05737820954565247;0.24322042706671496;0.0818149150279367;0.13028256005006814,0.4;0.4;0.4;0.4,true,-0.5569532047570268,2,2.564013835230062;-0.774723500049558,0.09647091130384695;0.09647103263588722,-5.0;-1.428147737442472|5.0;1.428147737442472,12009,0,0,0,0,0,0,0.6512382603830387,0.6191059305828719,0.3616650024492708,0.0,0.0,0.0,2.564013864368455;-0.7747234997712361
trajectory_std__box_2.0,26,ok,true,-0.13672608752117626,2,0.0;0.0;0.0;0.0,0.06636507077889456;0.26327391247882376;0.09249101827120991;0.14466604177039757,0.4;0.4;0.4;0.4,true,-0.7505761350187927,2,4.10879618199338;-0.576417962103025,0.10115246069845703;0.10115364032065427,-5.0;-1.428147737442472|5.0;1.428147737442472,12009,0,0,0,0,0,0,0.46147935693443515,0.43371089174753497,0.24024856200342837,0.0,0.0,0.0,4.108795031161176;-0.576418224885079
trajectory_std__box_2.0,27,ok,true,-0.09939223950145504,2,0.0;0.0;0.0;0.0,0.09379944667857441;0.300607760498545;0.12687641720254725;0.17994720864931096,0.4;0.4;0.4;0.4,true,-0.7852724591688132,2,1.830384513858207;-0.5374027171529647,0.1054725175088559;0.1054725611206941,-5.0;-1.428147737442472|5.0;1.428147737442472,12009,0,0,0,0,0,0,0.6647006303734602,0.6347856588618384,0.38052365419511913,0.0,0.0,0.0,1.830384419896577;-0.5374026955505695
trajectory_std__box_2.0,28,ok,true,-0.077470984517446,2,0.0;0.0;0.0;0.0,0.10938276212544444;0.322529015482554;0.15174372793298446;0.20353992415786806,0.4;0.4;0.4;0.4,true,-0.993046036910832,2,2.2681588374565704;-0.33382247019633926,0.10127926135680863;0.10127923033530069,-5.0;-1.428147737442472|5.0;1.428147737442472,12009,0,0,0,0,0,0,0.6268147749215269,0.5938625939861245,0.3557756018674173,0.0,0.0,0.0,2.268158806536457;-0.33382251743429125
trajectory_std__box_2.0,29,ok,true,-0.05952667766385672,2,0.0;0.0;0.0;0.0,0.14079626126207678;0.3404733223361433;0.18831865515846685;0.23439487506888804,0.4;0.4;0.4;0.4,true,-0.7465231726187752,2,2.4756077212201433;0.5900032925933196,0.09162330968345248;0.09162127223037718,-5.0;-1.428147737442472|5.0;1.428147737442472,12009,0,0,0,0,0,0,0.5811122496991984,0.5562703520431963,0.34995959355018086,0.0,0.0,0.0,2.4756096152470475;0.5900007510572585
trajectory_std__box_2.0,30,ok,true,-0.04343800718065355,2,0.0;0.0;0.0;0.0,0.19053277302468422;0.3565619928193465;0.244868863548489;0.2808813493576938,0.4;0.4;0.4;0.4,true,-0.1274312319298181,2,2.440019440637972;1.2124282156769002,0.0882907564535972;0.08828828983575365,-5.0;-1.428147737442472|5.0;1.428147737442472,12009,0,0,0,0,0,0,0.6019806521842725,0.5731367792404635,0.36483030617301376,0.0,0.0,0.0,2.440018763688454;1.2124266327610205
trajectory_std__box_2.0,31,ok,true,-0.043531513640505615,2,0.0;0.0;0.0;0.0,0.2604891340918517;0.3564684863594944;0.31527235923447294;0.33551174886249197,0.4;0.4;0.4;0.4,true,-1.2980386793084584,2,1.7856729169258592;-0.04593673041261925,0.08417234399703395;0.08417232772139438,-5.0;-1.428147737442472|5.0;1.428147737442472,12009,0,0,0,0,0,0,0.7254386316767589,0.69048836249113,0.43538939710106117,0.0,0.0,0.0,1.7856729203682673;-0.045936724927492456
trajectory_std__box_2.0,32,ok,true,-0.021716989111722818,4,0.0;0.0;0.0;0.0,0.33425480065471563;0.37304934562158976;0.3708059970278479;0.3782830108882772,0.4;0.4;0.4;0.4,true,-1.2716510930715963,2,2.2026722609710534;-0.09217453429399791,0.06432221159133134;0.0643221100768779,-5.0;-1.428147737442472|5.0;1.428147737442472,12009,0,0,0,0,0,0,0.6857412214621913,0.6477179829687981,0.40905436885597574,0.0,0.0,0.0,2.20267224055281;-0.09217452534245128
trajectory_std__box_3.0,1,ok,true,-0.5281335564699806,1,0.0;0.0;0.0;0.0,0.07186644353001952;0.048400752228445074;0.04501659522360722;0.052310300210963986,0.6000000000000001;0.6000000000000001;0.6000000000000001;0.6000000000000001,true,-1.3141616442888393,2,-2.1691956349640007;-0.07873536047617008,0.035250707738069424;0.035250732677462586,-5.0;-1.428147737442472|5.0;1.428147737442472,12009,0,0,0,0,0,0,0.8512042378893877,0.835157175877145,0.5684690922235547,0.0,0.0,0.0,-2.1691956255913296;-0.0787353833676841
trajectory_std__box_3.0,2,ok,true,-0.5268560685530911,1,0.0;0.0;0.0;0.0,0.07314393144690896;0.048820734601182046;0.043210728034540034;0.05738283226117259,0.6000000000000001;0.6000000000000001;0.6000000000000001;0.6000000000000001,true,-1.0485354366980768,2,-2.333324139429627;-0.33829087922879175,0.04132120192720324;0.041321421515603474,-5.0;-1.428147737442472|5.0;1.428147737442472,12009,0,0,0,0,0,0,0.8404682604202864,0.8222174866251177,0.5583474298453022,0.0,0.0,0.0,-2.3333239612373;-0.3382905645385101
trajectory_std__box_3.0,3,ok,true,-0.5247040997269417,1,0.0;0.0;0.0;0.0,0.07529590027305849;0.05800165548667427;0.03998512695748527;0.06839728494470548,0.6000000000000001;0.6000000000000001;0.6000000000000001;0.6000000000000001,true,-0.6726256022335063,2,1.5550701026381615;0.6985653773530183,0.056956740574420725;0.05695675785594746,-5.0;-1.428147737442472|5.0;1.428147737442472,12009,0,0,0,0,0,0,0.8390848328117224,0.8159851581820836,0.5510330216340279,0.0,0.0,0.0,1.5550701205736817;0.6985655131171977
trajectory_std__box_3.0,4,ok,true,-0.5249887136252913,1,0.0;0.0;0.0;0.0,0.0750112863747088;0.061105844421691785;0.03701815402054795;0.06389518224838052,0.6000000000000001;0.6000000000000001;0.6000000000000001;0.6000000000000001,true,-0.15290940265399766,2,3.6668811079584778;1.2265849936309614,0.04865846221169275;0.04865334115751297,-5.0;-1.428147737442472|5.0;1.428147737442472,12009,0,0,0,0,0,0,0.6954021143811664,0.670550585074866,0.43837401405130516,0.0,0.0,0.0,3.6668878262588556;1.226597905888407
trajectory_std__box_3.0,5,ok,true,-0.5203487436490515,1,0.0;0.0;0.0;0.0,0.07965125635094865;0.06549227192520514;0.041203999271164284;0.06657010698695086,0.6000000000000001;0.6000000000000001;0.6000000000000001;0.6000000000000001,true,-0.35388041109519164,2,0.2272298946985627;1.0195039248242623,0.05476364959297393;0.05476340152301814,-5.0;-1.428147737442472|5.0;1.428147737442472,12009,0,0,0,0,0,0,0.9046410488316609,0.8855793215263426,0.6078923582823366,0.0,0.0,0.0,0.22722979991983816;1.01950393557726
trajectory_std__box_3.0,6,ok,true,-0.5203404825049708,1,0.0;0.0;0.0;0.0,0.07965951749502927;0.06667948192685363;0.04050291249528476;0.06865169943429716,0.6000000000000001;0.6000000000000001;0.6000000000000001;0.6000000000000001,true,-1.0926702568864592,2,2.089584202589319;-0.27422992345367947,0.06124755526297362;0.06124755710233345,-5.0;-1.428147737442472|5.0;1.428147737442472,12009,0,0,0,0,0,0,0.7970341825168228,0.7710178563814324,0.5043821079995289,0.0,0.0,0.0,2.0895841826429686;-0.2742299106819919
trajectory_std__box_3.0,7,ok,true,-0.5201447668351645,1,0.0;0.0;0.0;0.0,0.07985523316483555;0.07055691190504657;0.03965591161027808;0.06862925668018902,0.6000000000000001;0.6000000000000001;0.6000000000000001;0.6000000000000001,true,-0.9487022213154871,2,3.3178108122504137;0.4206517147991482,0.058793890679867664;0.05879380132783674,-5.0;-1.428147737442472|5.0;1.428147737442472,12009,0,0,0,0,0,0,0.723194319433249,0.6935321439629171,0.43522080956227993,0.0,0.0,0.0,3.3178107109399346;0.42065175973315816
trajectory_std__box_3.0,8,ok,true,-0.5195737005199782,1,0.0;0.0;0.0;0.0,0.08042629948002189;0.07720497686438263;0.04344954424162756;0.07167977230838139,0.6000000000000001;0.6000000000000001;0.6000000000000001;0.6000000000000001,true,-1.326172785352382,2,1.9869041657910662;0.03839008050727255,0.06358485850547287;0.06358487158281752,-5.0;-1.428147737442472|5.0;1.428147737442472,12009,0,0,0,0,0,0,0.7887762790088299,0.762935126106887,0.4890825863552008,0.0,0.0,0.0,1.9869041417708413;0.03838985710586171
trajectory_std__box_3.0,9,ok,true,-0.516241746039962,2,0.0;0.0;0.0;0.0,0.0790748162414741;0.08375825396003811;0.04452177675725347;0.0724211062648603,0.6000000000000001;0.6000000000000001;0.6000000000000001;0.6000000000000001,true,-0.7096816115820395,2,1.768451675966225;0.6566267669083674,0.06183950644304878;0.061839358952065195,-5.0;-1.428147737442472|5.0;1.428147737442472,12009,0,0,0,0,0,0,0.8033835900312105,0.7787175721197196,0.5054365602734593,0.0,0.0,0.0,1.7684516753272423;0.6566266767082278
trajectory_std__box_3.0,10,ok,true,-0.5099948554860467,2,0.0;0.0;0.0;0.0,0.07772251190598484;0.09000514451395333;0.04493701511029875;0.0720978055038837,0.6000000000000001;0.6000000000000001;0.6000000000000001;0.6000000000000001,true,-0.7943389293220129,2,1.6007849984647984;0.5708504381418569,0.0629583759301695;0.06295836997860232,-5.0;-1.428147737442472|5.0;1.428147737442472,12009,0,0,0,0,0,0,0.8122676380456803,0.7888666145015681,0.5173169116436502,0.0,0.0,0.0,1.60078512619346;0.5708503861559371
trajectory_std__box_3.0,11,ok,true,-0.5042732474041289,2,0.0;0.0;0.0;0.0,0.0760164578390501;0.09572675259587118;0.04498777613983955;0.07189186951648002,0.6000000000000001;0.6000000000000001;0.6000000000000001;0.6000000000000001,true,-0.4649665957250303,2,1.954061166025297;0.9016584041836541,0.061522632314386004;0.061522737533787654,-5.0;-1.428147737442472|5.0;1.428147737442472,12009,0,0,0,0,0,0,0.7965235401869861,0.7714577222476985,0.4987337568032267,0.0,0.0,0.0,1.954061113851151;0.9016584007899446
trajectory_std__box_3.0,12,ok,true,-0.49779346526375573,2,0.0;0.0;0.0;0.0,0.07367018376588025;0.10220653473624436;0.04531402630441904;0.07140047647710637,0.6000000000000001;0.6000000000000001;0.6000000000000001;0.6000000000000001,true,-0.9670441835256026,2,2.088422933564145;0.39883995748866674,0.06226366444385341;0.06226359642820269,-5.0;-1.428147737442472|5.0;1.428147737442472,12009,0,0,0,0,0,0,0.7957306641964228,0.7719190367988332,0.49536579665783254,0.0,0.0,0.0,2.0884229763957363;0.39884044034980737
trajectory_std__box_3.0,13,ok,true,-0.49097741914135473,2,0.0;0.0;0.0;0.0,0.06987590781388757;0.10902258085864538;0.04590897411492923;0.07162398913777705,0.6000000000000001;0.6000000000000001;0.6000000000000001;0.6000000000000001,true,-0.2863745268373692,2,0.8131947958852344;1.0766737085833915,0.06509951761989641;0.06509950202171125,-5.0;-1.428147737442472|5.0;1.428147737442472,12009,0,0,0,0,0,0,0.8641378064189383,0.8460562414400875,0.5709172606537161,0.0,0.0,0.0,0.813194782497467;1.076673736508856
trajectory_std__box_3.0,14,ok,true,-0.48809136134087444,2,0.0;0.0;0.0;0.0,0.07053132277378794;0.11190863865912565;0.04494055743897403;0.07188620140935399,0.6000000000000001;0.6000000000000001;0.6000000000000001;0.6000000000000001,true,-1.0869711755709657,2,1.891620619555595;-0.27583418987437347,0.0653434237726568;0.0653423719971329,-5.0;-1.428147737442472|5.0;1.428147737442472,12009,0,0,0,0,0,0,0.8052489547613763,0.7842414272677001,0.5032198936432869,0.0,0.0,0.0,1.8916197032267186;-0.2758340147088606
trajectory_std__box_3.0,15,ok,true,-0.4816578120348165,2,0.0;0.0;0.0;0.0,0.0676268683289551;0.11834218796518359;0.04499926453912267;0.07277551420324793,0.6000000000000001;0.6000000000000001;0.6000000000000001;0.6000000000000001,true,-1.0508336119032142,2,2.961980528220603;-0.317705573458988,0.05961030210406774;0.059608552080269696,-5.0;-1.428147737442472|5.0;1.428147737442472,12009,0,0,0,0,0,0,0.752893692589963,0.7257749636662716,0.4554377541609005,0.0,0.0,0.0,2.9619815795105464;-0.3177103554809877
trajectory_std__box_3.0,16,ok,true,-0.47249501502298535,2,0.0;0.0;0.0;0.0,0.06111138009304451;0.12750498497701473;0.04751642612444798;0.07659804319424628,0.6000000000000001;0.6000000000000001;0.6000000000000001;0.6000000000000001,true,-0.8516786765256784,2,1.1436655118430608;-0.5077844172461363,0.06868485863614357;0.06868464367065728,-5.0;-1.428147737442472|5.0;1.428147737442472,12009,0,0,0,0,0,0,0.8308229654815508,0.8175863169761901,0.5377695830244803,0.0,0.0,0.0,1.1436652618505772;-0.5077852118827879
trajectory_std__box_3.0,17,ok,true,-0.4661013697616919,2,0.0;0.0;0.0;0.0,0.05947238236232425;0.1338986302383082;0.04825891353189736;0.07699981657284519,0.6000000000000001;0.6000000000000001;0.6000000000000001;0.6000000000000001,true,-0.918055846213885,2,2.718524232188189;-0.4501489366693756,0.059937044654871076;0.05994295455921138,-5.0;-1.428147737442472|5.0;1.428147737442472,12009,0,0,0,0,0,0,0.7471516741800606,0.7200100798743158,0.4529469047647899,0.0,0.0,0.0,2.71851967995719;-0.4501319391719308
trajectory_std__box_3.0,18,ok,true,-0.45703251082035934,2,0.0;0.0;0.0;0.0,0.05357267484329784;0.14296748917964078;0.051280673280260904;0.08126901244273094,0.6000000000000001;0.6000000000000001;0.6000000000000001;0.6000000000000001,true,-1.3238074493604013,2,0.8986183592694257;0.03366904969370732,0.07067129301194343;0.07067123838836345,-5.0;-1.428147737442472|5.0;1.428147737442472,12009,0,0,0,0,0,0,0.8343289114537955,0.8224574943394564,0.5408603385947753,0.0,0.0,0.0,0.8986182334380229;0.03366910225027739
trajectory_std__box_3.0,19,ok,true,-0.44972517802193424,2,0.0;0.0;0.0;0.0,0.05196471820653703;0.15027482197806585;0.0527876258253642;0.08237716317770054,0.6000000000000001;0.6000000000000001;0.6000000000000001;0.6000000000000001,true,-0.6114386202403522,2,1.7315321213633723;-0.7503258545506277,0.06638320547793945;0.0663832626514921,-5.0;-1.428147737442472|5.0;1.428147737442472,12009,0,0,0,0,0,0,0.7806490010747005,0.7585577862775165,0.4826426512155536,0.0,0.0,0.0,1.7315322790373502;-0.7503251619042461
trajectory_std__box_3.0,20,ok,true,-0.43972026115878393,2,0.0;0.0;0.0;0.0,0.04854603304972911;0.16027973884121618;0.05452255632257417;0.084659788708823,0.6000000000000001;0.6000000000000001;0.6000000000000001;0.6000000000000001,true,-0.9389506748635541,2,2.1871742407266286;-0.42269300377677244,0.06650399110653647;0.0665040588021455,-5.0;-1.428147737442472|5.0;1.428147737442472,12009,0,0,0,0,0,0,0.7513510702718053,0.7240380982084356,0.45154223617240385,0.0,0.0,0.0,2.1871740616737303;-0.42269337362931925
trajectory_std__box_3.0,21,ok,true,-0.42870240394808806,2,0.0;0.0;0.0;0.0,0.04488977725286936;0.17129759605191203;0.05708549722331239;0.08916406067812452,0.6000000000000001;0.6000000000000001;0.6000000000000001;0.6000000000000001,true,-1.151664042316809,2,3.179937055506292;-0.2125371059258283,0.06394689532129011;0.06394658919983487,-5.0;-1.428147737442472|5.0;1.428147737442472,12009,0,0,0,0,0,0,0.6811094787157757,0.6532421633421563,0.3946944704794599,0.0,0.0,0.0,3.179937052876044;-0.21253665460156673
trajectory_std__box_3.0,22,ok,true,-0.4152098612792211,2,0.0;0.0;0.0;0.0,0.0443893199521669;0.18479013872077896;0.06104254891576233;0.0962720003533765,0.6000000000000001;0.6000000000000001;0.6000000000000001;0.6000000000000001,true,-0.7586685566451266,2,2.1241021841403853;-0.5974891483636675,0.07199025071012485;0.07199003243367798,-5.0;-1.428147737442472|5.0;1.428147737442472,12009,0,0,0,0,0,0,0.7506288055367124,0.7166624888397969,0.4393950346999766,0.0,0.0,0.0,2.1241018254489425;-0.5974895466099511
trajectory_std__box_3.0,23,ok,true,-0.4034946003631814,2,0.0;0.0;0.0;0.0,0.04548839648139126;0.1965053996368187;0.06434368102005063;0.10267690222724836,0.6000000000000001;0.6000000000000001;0.6000000000000001;0.6000000000000001,true,-0.588746549032646,2,2.2488965510003958;-0.7627331159176283,0.076667973627445;0.0766680724921977,-5.0;-1.428147737442472|5.0;1.428147737442472,12009,0,0,0,0,0,0,0.7210427751280495,0.6920828857879655,0.41896387728989753,0.0,0.0,0.0,2.2488966481795063;-0.7627330325600711
trajectory_std__box_3.0,24,ok,true,-0.38999056812346045,2,0.0;0.0;0.0;0.0,0.04845455082301704;0.21000943187653964;0.0684859667409323;0.11043440202875601,0.6000000000000001;0.6000000000000001;0.6000000000000001;0.6000000000000001,true,-0.8995577860561293,2,2.9292776631917334;-0.4477045650264335,0.08088533725818077;0.08088538635990919,-5.0;-1.428147737442472|5.0;1.428147737442472,12009,0,0,0,0,0,0,0.6437058681175196,0.6140716165562797,0.3613562004804462,0.0,0.0,0.0,2.9292779265451667;-0.44770345915018306
trajectory_std__box_3.0,25,ok,true,-0.37200684141257073,2,0.0;0.0;0.0;0.0,0.057543897534731825;0.22799315858742936;0.07635545213972801;0.12221376123313546,0.6000000000000001;0.6000000000000001;0.6000000000000001;0.6000000000000001,true,-0.562835955323233,2,2.564014673376212;-0.7747236151027348,0.09058815234816917;0.09058816701650416,-5.0;-1.428147737442472|5.0;1.428147737442472,12009,0,0,0,0,0,0,0.6557611049946024,0.6229864709051649,0.3661773850667918,0.0,0.0,0.0,2.564013864368455;-0.7747234997712361
trajectory_std__box_3.0,26,ok,true,-0.35414522383692404,2,0.0;0.0;0.0;0.0,0.06620768550272685;0.24585477616307602;0.08611412775902495;0.13525816471334925,0.6000000000000001;0.6000000000000001;0.6000000000000001;0.6000000000000001,true,-0.7570033269261714,2,4.108795841549197;-0.5764174999202991,0.0947247598229806;0.09472691059600151,-5.0;-1.428147737442472|5.0;1.428147737442472,12009,0,0,0,0,0,0,0.46293700226028345,0.43632759346173555,0.23757751581869818,0.0,0.0,0.0,4.108795031161176;-0.576418224885079
trajectory_std__box_3.0,27,ok,true,-0.319273361908324,2,0.0;0.0;0.0;0.0,0.09307760948592919;0.2807266380916761;0.11862396872422054;0.16835103064073298,0.6000000000000001;0.6000000000000001;0.6000000000000001;0.6000000000000001,true,-0.7930380971866876,2,1.8303843993107627;-0.5374026451784797,0.09770691724661085;0.09770699507730474,-5.0;-1.428147737442472|5.0;1.428147737442472,12009,0,0,0,0,0,0,0.6651869494456257,0.6366568801624213,0.38156387497507765,0.0,0.0,0.0,1.830384419896577;-0.5374026955505695
trajectory_std__box_3.0,28,ok,true,-0.2991474477072681,2,0.0;0.0;0.0;0.0,0.10885556310776084;0.300852552292732;0.14178081504227172;0.19021930742108697,0.6000000000000001;0.6000000000000001;0.6000000000000001;0.6000000000000001,true,-1.0003221694897888,2,2.2681588943389084;-0.33382246562501994,0.09400306684994307;0.09400310232766326,-5.0;-1.428147737442472|5.0;1.428147737442472,12009,0,0,0,0,0,0,0.6312229864734282,0.5980047910899895,0.35731691621749884,0.0,0.0,0.0,2.268158806536457;-0.33382251743429125
trajectory_std__box_3.0,29,ok,true,-0.2832655577546752,2,0.0;0.0;0.0;0.0,0.13930019425302617;0.3167344422453249;0.1755015271556314;0.21847039659439094,0.6000000000000001;0.6000000000000001;0.6000000000000001;0.6000000000000001,true,-0.7541622731464875,2,2.4756118999668706;0.5900064532751679,0.08397571313985788;0.08397901102081659,-5.0;-1.428147737442472|5.0;1.428147737442472,12009,0,0,0,0,0,0,0.5758046496648914,0.5562868514184004,0.3511522225116806,0.0,0.0,0.0,2.4756096152470475;0.5900007510572585
trajectory_std__box_3.0,30,ok,true,-0.2671411789266539,2,0.0;0.0;0.0;0.0,0.18668705719851406;0.3328588210733462;0.22890248476010178;0.2626384588728096,0.6000000000000001;0.6000000000000001;0.6000000000000001;0.6000000000000001,true,-0.13647864414276611,2,2.440022527479571;1.2124311831487473,0.07923659392262336;0.07923791015095855,-5.0;-1.428147737442472|5.0;1.428147737442472,12009,0,0,0,0,0,0,0.5690658577712401,0.5432938067740475,0.35451828492128007,0.0,0.0,0.0,2.440018763688454;1.2124266327610205
trajectory_std__box_3.0,31,ok,true,-0.25838691364631255,2,0.0;0.0;0.0;0.0,0.2543189724671063;0.34161308635368753;0.3035279378820195;0.3232866856747206,0.6000000000000001;0.6000000000000001;0.6000000000000001;0.6000000000000001,true,-1.304832953998735,2,1.7856729784670273;-0.04593684636749207,0.07737782497314895;0.07737793707624496,-5.0;-1.428147737442472|5.0;1.428147737442472,12009,0,0,0,0,0,0,0.7114154716891667,0.671151556604323,0.4215977610875293,0.0,0.0,0.0,1.7856729203682673;-0.045936724927492456
trajectory_std__box_3.0,32,ok,true,-0.23135599178895033,4,0.0;0.0;0.0;0.0,0.33010712446547347;0.3630897574585387;0.3612894848476035;0.36864400821104976,0.6000000000000001;0.6000000000000001;0.6000000000000001;0.6000000000000001,true,-1.27710452881152,2,2.202671229348616;-0.09217383849236471,0.05887126479785429;0.05886937013858742,-5.0;-1.428147737442472|5.0;1.428147737442472,12009,0,0,0,0,0,0,0.6591033819969732,0.6220586584401465,0.3913137306498436,0.0,0.0,0.0,2.20267224055281;-0.09217452534245128
trajectory_range__box_1.0,1,ok,true,-0.09765515674310812,1,0.0;0.0;0.0;0.0,0.10234484325689189;0.0908651189593358;0.06233973894687454;0.07194968875373281,0.2;0.2;0.2;0.2,true,-1.2971067619609598,2,-2.1691955817672466;-0.0787355433246621,0.05230536334497127;0.052305432156850094,-5.0;-1.428147737442472|5.0;1.428147737442472,12009,0,0,0,0,0,0,0.8580287944818821,0.8434919830925692,0.5643941095645906,0.0,0.0,0.0,-2.1691956255913296;-0.0787353833676841
trajectory_range__box_1.0,2,ok,true,-0.09471449451447725,1,0.0;0.0;0.0;0.0,0.10528550548552276;0.09871731092573724;0.05903769990889516;0.0773367551622613,0.2;0.2;0.2;0.2,true,-1.029346827814531,2,-2.3333244103454693;-0.3382930583568867,0.06050773990103592;0.06050785127105438,-5.0;-1.428147737442472|5.0;1.428147737442472,12009,0,0,0,0,0,0,0.8486518330939803,0.8303434791022565,0.5510139801546349,0.0,0.0,0.0,-2.3333239612373;-0.3382905645385101
trajectory_range__box_1.0,3,ok,true,-0.08393884089703539,2,0.0;0.0;0.0;0.0,0.1101697236277814;0.11606115910296462;0.05422386722099009;0.09101914273096229,0.2;0.2;0.2;0.2,true,-0.6544999243580784,2,1.5550735264372413;0.6985666046153236,0.0750829147829211;0.07508120846907011,-5.0;-1.428147737442472|5.0;1.428147737442472,12009,0,0,0,0,0,0,0.839634168477891,0.8210542077261207,0.5431179208204212,0.0,0.0,0.0,1.5550701205736817;0.6985655131171977
trajectory_range__box_1.0,4,ok,true,-0.07854597044982532,2,0.0;0.0;0.0;0.0,0.11266560433269558;0.12145402955017469;0.05087321029570036;0.08559700918473133,0.2;0.2;0.2;0.2,true,-0.1366192409789979,2,3.6668591955255723;1.2265541220489848,0.06499137908588717;0.06497437441448933,-5.0;-1.428147737442472|5.0;1.428147737442472,12009,0,0,0,0,0,0,0.7411369413365435,0.7156213289047315,0.45294159280235663,0.0,0.0,0.0,3.6668878262588556;1.226597905888407
trajectory_range__box_1.0,5,ok,true,-0.0721311606102443,2,0.0;0.0;0.0;0.0,0.12020102464887213;0.1278688393897557;0.05453853031841962;0.08470380196637946,0.2;0.2;0.2;0.2,true,-0.34381875889337565,2,0.2272298338038114;1.019503915516765,0.06482524571379504;0.06482506303233145,-5.0;-1.428147737442472|5.0;1.428147737442472,12009,0,0,0,0,0,0,0.904777791621595,0.8901271856052109,0.6127901736917583,0.0,0.0,0.0,0.22722979991983816;1.01950393557726
trajectory_range__box_1.0,6,ok,true,-0.06729139371515891,2,0.0;0.0;0.0;0.0,0.12197988417283148;0.1327086062848411;0.054119152980473394;0.08759858624451813,0.2;0.2;0.2;0.2,true,-1.077545516607064,2,2.089583972811413;-0.27423073480104165,0.07637129029405011;0.07637148603436641,-5.0;-1.428147737442472|5.0;1.428147737442472,12009,0,0,0,0,0,0,0.8021664043724155,0.7785998750652787,0.5029371149135977,0.0,0.0,0.0,2.0895841826429686;-0.2742299106819919
trajectory_range__box_1.0,7,ok,true,-0.0593901200276811,2,0.0;0.0;0.0;0.0,0.12438523439388494;0.1406098799723189;0.053381109546753985;0.08755364994933804,0.2;0.2;0.2;0.2,true,-0.9342997387944272,2,3.3178103095457696;0.4206517981003193,0.07319743256010806;0.07319620054772555,-5.0;-1.428147737442472|5.0;1.428147737442472,12009,0,0,0,0,0,0,0.7329552101062201,0.7087197521942232,0.44351272538290304,0.0,0.0,0.0,3.3178107109399346;0.42065175973315816
trajectory_range__box_1.0,8,ok,true,-0.047952962955138484,2,0.0;0.0;0.0;0.0,0.12734763494256132;0.15204703704486153;0.05778481611417036;0.09046083991578599,0.2;0.2;0.2;0.2,true,-1.311523732165291,2,1.9869041965528729;0.03838958538509751,0.0782345180147235;0.07823441989208353,-5.0;-1.428147737442472|5.0;1.428147737442472,12009,0,0,0,0,0,0,0.7897016873155659,0.7674044688076718,0.495453678050666,0.0,0.0,0.0,1.9869041417708413;0.03838985710586171
trajectory_range__box_1.0,9,ok,true,-0.03586415551839062,2,0.0;0.0;0.0;0.0,0.1285184044275776;0.1641358444816094;0.059591628000399265;0.09161972206049354,0.2;0.2;0.2;0.2,true,-0.6953034239495348,2,1.7684527021200362;0.6566286635055816,0.07621578268405213;0.07621564998735561,-5.0;-1.428147737442472|5.0;1.428147737442472,12009,0,0,0,0,0,0,0.8026124981649442,0.782152390401573,0.5047553425734966,0.0,0.0,0.0,1.7684516753272423;0.6566266767082278
trajectory_range__box_1.0,10,ok,true,-0.023841404589610177,2,0.0;0.0;0.0;0.0,0.12944756668954893;0.17615859541038983;0.06066761179029432;0.0912824525868781,0.2;0.2;0.2;0.2,true,-0.7801607340626512,2,1.6007851698352344;0.5708504492918482,0.07713654884039634;0.07713655408797264,-5.0;-1.428147737442472|5.0;1.428147737442472,12009,0,0,0,0,0,0,0.8151973006738387,0.7947188801089448,0.5186975305586329,0.0,0.0,0.0,1.60078512619346;0.5708503861559371
trajectory_range__box_1.0,11,ok,true,-0.011905150340457471,2,0.0;0.0;0.0;0.0,0.12966273934951367;0.18809484965954254;0.061529429988191386;0.09120006767695735,0.2;0.2;0.2;0.2,true,-0.4501138427736111,2,1.9540611846135945;0.9016583282007609,0.07637570245390068;0.07637556646810002,-5.0;-1.428147737442472|5.0;1.428147737442472,12009,0,0,0,0,0,0,0.8004150293339093,0.7776620831549778,0.5022323634597201,0.0,0.0,0.0,1.954061113851151;0.9016584007899446
trajectory_range__box_1.0,12,ok,false,0.0019041195485855755,2,0.0;0.0;0.0;0.0,0.12813552127924147;0.2019041195485856;0.06267989407533371;0.09039820906721574,0.2;0.2;0.2;0.2,true,-0.9518715462000782,2,2.0884229846950797;0.39884036931701894,0.07743578656879702;0.07743582192537486,-5.0;-1.428147737442472|5.0;1.428147737442472,12009,0,4,0,0,0,0,0.7976939671769288,0.7767604183903087,0.5027598054899056,0.0,0.0,0.0,2.0884229763957363;0.39884044034980737
trajectory_range__box_1.0,13,ok,false,0.01707312606621772,2,0.0;0.0;0.0;0.0,0.1238815158246263;0.21707312606621773;0.06443223016068161;0.09068175853366653,0.2;0.2;0.2;0.2,true,-0.27583203642105514,2,0.8131945628881239;1.076673732405449,0.07564197998671922;0.07564196861596802,-5.0;-1.428147737442472|5.0;1.428147737442472,12009,0,87,0,0,0,0,0.8681316796212322,0.8527053127865709,0.5746975294682273,0.0,0.0,0.0,0.813194782497467;1.076673736508856
trajectory_range__box_1.0,14,ok,false,0.02697526804037753,2,0.0;0.0;0.0;0.0,0.1254128581403191;0.22697526804037754;0.06461406783991262;0.09146070051935282,0.2;0.2;0.2;0.2,true,-1.0715387805703793,2,1.891619640744481;-0.2758335759824426,0.08077548695911281;0.08077538088965015,-5.0;-1.428147737442472|5.0;1.428147737442472,12009,0,207,0,0,0,0,0.8127069851694954,0.7916947312321287,0.5106667503050569,0.0,0.0,0.0,1.8916197032267186;-0.2758340147088606
trajectory_range__box_1.0,15,ok,false,0.04264372038203079,2,0.0;0.0;0.0;0.0,0.12067569177360235;0.2426437203820308;0.06609534562546468;0.09263496694462792,0.2;0.2;0.2;0.2,true,-1.0353068225898916,2,2.962049616874322;-0.31774000322544693,0.07513759691931468;0.07510091162713338,-5.0;-1.428147737442472|5.0;1.428147737442472,12009,0,377,0,0,0,0,0.7608983747659895,0.7323809133188891,0.4603428355723476,0.0,0.0,0.0,2.9619815795105464;-0.3177103554809877
trajectory_range__box_1.0,16,ok,false,0.06319551186838951,2,0.0;0.0;0.0;0.0,0.1086005235111202;0.2631955118683895;0.07015901652908244;0.0967370959870839,0.2;0.2;0.2;0.2,true,-0.8380035818952923,2,1.1436652349295233;-0.5077852461351813,0.08235893407139135;0.08235890941199837,-5.0;-1.428147737442472|5.0;1.428147737442472,12009,0,776,0,0,0,0,0.8377450890958041,0.8206083013141922,0.5413553598616688,0.0,0.0,0.0,1.1436652618505772;-0.5077852118827879
trajectory_range__box_1.0,17,ok,false,0.07904311717174511,2,0.0;0.0;0.0;0.0,0.1062600856981174;0.2790431171717451;0.07291962522058511;0.09782420579548048,0.2;0.2;0.2;0.2,true,-0.9032011161186413,2,2.718519824856772;-0.450132766344049,0.07481343465876061;0.0748138549797818,-5.0;-1.428147737442472|5.0;1.428147737442472,12009,0,1059,0,0,0,0,0.7582327628882596,0.73243423455088,0.459113320708606,0.0,0.0,0.0,2.71851967995719;-0.4501319391719308
trajectory_range__box_1.0,18,ok,false,0.10035551653258384,2,0.0;0.0;0.0;0.0,0.09373804324478069;0.30035551653258385;0.07816044464382842;0.10158543446671912,0.2;0.2;0.2;0.2,true,-1.3131147687416336,2,0.8986182334216446;0.03366901969859071,0.08136358255792518;0.08136394900224776,-5.0;-1.428147737442472|5.0;1.428147737442472,12009,0,1457,0,0,0,0,0.8472989195346495,0.8322627606312363,0.5468229894254197,0.0,0.0,0.0,0.8986182334380229;0.03366910225027739
trajectory_range__box_1.0,19,ok,false,0.11741572904585135,2,0.0;0.0;0.0;0.0,0.09115940410341651;0.31741572904585136;0.08188733161434238;0.10293704088558339,0.2;0.2;0.2;0.2,true,-0.5973526989486517,2,1.7315323517155061;-0.7503252663192077,0.08047016455149991;0.08046977217461265,-5.0;-1.428147737442472|5.0;1.428147737442472,12009,0,1793,0,0,0,0,0.7975812825383429,0.7775179139259143,0.492683600305103,0.0,0.0,0.0,1.7315322790373502;-0.7503251619042461
trajectory_range__box_1.0,20,ok,false,0.13876658167588818,2,0.0;0.0;0.0;0.0,0.08328982875733794;0.3387665816758882;0.08634666346883253;0.10390304408192301,0.2;0.2;0.2;0.2,true,-0.9267124523724344,2,2.187174081054879;-0.4226934624462706,0.07874207646926894;0.07874182262376705,-5.0;-1.428147737442472|5.0;1.428147737442472,12009,0,2250,0,0,0,0,0.7777387262278633,0.753683611598629,0.4722304837104018,0.0,0.0,0.0,2.1871740616737303;-0.42269337362931925
trajectory_range__box_1.0,21,ok,false,0.15972239094751867,2,0.0;0.0;0.0;0.0,0.07282937223719202;0.3597223909475187;0.09171489051962625;0.1056533624827504,0.2;0.2;0.2;0.2,true,-1.1411597710366648,2,3.1799370652906322;-0.21253654784280185,0.07445120235522609;0.0744514185630055,-5.0;-1.428147737442472|5.0;1.428147737442472,12009,0,2701,0,0,0,0,0.7382355640119287,0.6977088385568387,0.4153851362608387,0.0,0.0,0.0,3.179937052876044;-0.21253665460156673
trajectory_range__box_1.0,22,ok,false,0.17848442083373123,2,0.0;0.0;0.0;0.0,0.06146115442455422;0.37848442083373124;0.0993856121151759;0.11713113348118477,0.2;0.2;0.2;0.2,true,-0.7466242657719125,2,2.124101834434887;-0.5974896708030584,0.08403354555841977;0.08403380086750108,-5.0;-1.428147737442472|5.0;1.428147737442472,12009,0,2960,0,0,0,0,0.7764411528051224,0.7451249879829409,0.4676089545287271,0.0,0.0,0.0,2.1241018254489425;-0.5974895466099511
trajectory_range__box_1.0,23,ok,false,0.19769512743909867,2,0.0;0.0;0.0;0.0,0.05872006160178428;0.3976951274390987;0.10656016807284041;0.12206324188365067,0.2;0.2;0.2;0.2,true,-0.576435515190398,2,2.248896913932626;-0.7627336807094842,0.08897921068552062;0.0889785415425898,-5.0;-1.428147737442472|5.0;1.428147737442472,12009,0,3326,0,0,0,0,0.7675270510353455,0.7279704747918052,0.4464206756450739,0.0,0.0,0.0,2.2488966481795063;-0.7627330325600711
trajectory_range__box_1.0,24,ok,false,0.21475509567768142,2,0.0;0.0;0.0;0.0,0.06122275913639063;0.41475509567768143;0.11509505255645917;0.1311276116189632,0.2;0.2;0.2;0.2,true,-0.8890728127798903,2,2.929278206745594;-0.44770347075965056,0.09137125764327422;0.09137145390293125,-5.0;-1.428147737442472|5.0;1.428147737442472,12009,0,3504,0,0,0,0,0.7070687228110428,0.6663160072040026,0.39671383718003195,0.0,0.0,0.0,2.9292779265451667;-0.44770345915018306
trajectory_range__box_1.0,25,ok,false,0.2304347212760619,2,0.0;0.0;0.0;0.0,0.07473231366546464;0.4304347212760619;0.12877665621603132;0.14476964735131104,0.2;0.2;0.2;0.2,true,-0.5493091445385097,2,2.5640137942124372;-0.7747235479990859,0.1041157350144201;0.1041150449048764,-5.0;-1.428147737442472|5.0;1.428147737442472,12009,0,3763,0,0,0,0,0.7250555911026473,0.6855597806891348,0.4065383900663263,0.0,0.0,0.0,2.564013864368455;-0.7747234997712361
trajectory_range__box_1.0,26,ok,false,0.24188995971486116,2,0.0;0.0;0.0;0.0,0.08742540837725497;0.44188995971486117;0.1438064178478719;0.15942686908351886,0.2;0.2;0.2;0.2,true,-0.7481835792195755,2,4.108833738595226;-0.5764016294499426,0.10342227950428633;0.10356252877295408,-5.0;-1.428147737442472|5.0;1.428147737442472,12009,0,3994,0,0,0,0,0.5978654271465017,0.5523069240157142,0.3045996369449397,0.0,0.0,0.0,4.108795031161176;-0.576418224885079
trajectory_range__box_1.0,27,ok,false,0.2431143937437898,2,0.0;0.0;0.0;0.0,0.11677499009619242;0.4431143937437898;0.18010469988496886;0.19301942463304914,0.2;0.2;0.2;0.2,true,-0.7794393039554819,2,1.8303844077486913;-0.5374027239478467,0.1113056650147294;0.11130570953914344,-5.0;-1.428147737442472|5.0;1.428147737442472,12009,0,3893,0,0,0,0,0.7454672158782992,0.7037833377642896,0.42805389542112326,0.0,0.0,0.0,1.830384419896577;-0.5374026955505695
trajectory_range__box_1.0,28,ok,false,0.2489694870841469,2,0.0;0.0;0.0;0.0,0.13048939735158901;0.4489694870841469;0.20493481698835744;0.2164458635820564,0.2;0.2;0.2;0.2,true,-0.989616334746363,2,2.268158835889099;-0.3338220365083462,0.10470939730247576;0.10470936618776282,-5.0;-1.428147737442472|5.0;1.428147737442472,12009,0,4204,0,0,0,0,0.7104446077715781,0.6657418625686358,0.4000541625873541,0.0,0.0,0.0,2.268158806536457;-0.33382251743429125
trajectory_range__box_1.0,29,ok,false,0.2441727539234011,2,0.0;0.0;0.0;0.0,0.1599479167092773;0.4441727539234011;0.24002251039554093;0.24917838288293898,0.2;0.2;0.2;0.2,true,-0.7432150477401488,2,2.4756101561714816;0.5900020464777351,0.09493045984782618;0.09493064322458812,-5.0;-1.428147737442472|5.0;1.428147737442472,12009,0,4372,0,0,0,0,0.7132204355581583,0.668661011487076,0.40000460001133636,0.0,0.0,0.0,2.4756096152470475;0.5900007510572585
trajectory_range__box_1.0,30,ok,false,0.22137016171579266,2,0.0;0.0;0.0;0.0,0.20947844868402932;0.42137016171579267;0.2853368003598442;0.2913351235323536,0.2;0.2;0.2;0.2,true,-0.12374889208258666,2,2.4400173444466606;1.2124307033570647,0.09196799624222378;0.09196814200282072,-5.0;-1.428147737442472|5.0;1.428147737442472,12009,0,4937,0,0,0,0,0.7385421552814182,0.691124794182279,0.418816647161465,0.0,0.0,0.0,2.440018763688454;1.2124266327610205
trajectory_range__box_1.0,31,ok,false,0.18451850408868992,2,0.0;0.0;0.0;0.0,0.2757030233970001;0.3845185040886899;0.3345614148148013;0.33733954958017925,0.2;0.2;0.2;0.2,true,-1.2933950083069952,2,1.7856729517838095;-0.045936717958986906,0.08881630077832861;0.08881601117648998,-5.0;-1.428147737442472|5.0;1.428147737442472,12009,0,7004,0,0,0,0,0.7603927545762259,0.7222050797335428,0.4611138146157973,0.0,0.0,0.0,1.7856729203682673;-0.045936724927492456
trajectory_range__box_1.0,32,ok,false,0.18860624563810402,2,0.0;0.0;0.0;0.0,0.3418647472147297;0.38860624563810403;0.38319698070381436;0.38416441160260434,0.2;0.2;0.2;0.2,true,-1.26548879030074,2,2.2026723711424316;-0.09217391001345521,0.07048581261416872;0.0704850371282768,-5.0;-1.428147737442472|5.0;1.428147737442472,12009,0,9123,0,0,0,0,0.7144096475256461,0.6786844796402942,0.4336141451224595,0.0,0.0,0.0,2.20267224055281;-0.09217452534245128
trajectory_range__box_2.0,1,ok,true,-0.3064277577481458,1,0.0;0.0;0.0;0.0,0.09357224225185423;0.08410514314096497;0.05539441365986743;0.0636724186075925,0.4;0.4;0.4;0.4,true,-1.303406475747138,2,-2.169195408716773;-0.07873522083388612,0.04600586030409065;0.046006040861447994,-5.0;-1.428147737442472|5.0;1.428147737442472,12009,0,0,0,0,0,0,0.8601326122358841,0.8432522437075728,0.5631051382851734,0.0,0.0,0.0,-2.1691956255913296;-0.0787353833676841
trajectory_range__box_2.0,2,ok,true,-0.30368420292706805,1,0.0;0.0;0.0;0.0,0.09631579707293199;0.09208159690135764;0.05257264418840875;0.06848986385540833,0.4;0.4;0.4;0.4,true,-1.0380940190864552,2,-2.333324030209005;-0.3382900943447622,0.05176469077187774;0.05176362401125465,-5.0;-1.428147737442472|5.0;1.428147737442472,12009,0,0,0,0,0,0,0.8501099390470092,0.829988977517997,0.5496790025843055,0.0,0.0,0.0,-2.3333239612373;-0.3382905645385101
trajectory_range__box_2.0,3,ok,true,-0.29163122237327127,2,0.0;0.0;0.0;0.0,0.10088966169282648;0.10836877762672875;0.048703275045042724;0.08111595924630165,0.4;0.4;0.4;0.4,true,-0.6613132186465862,2,1.5550703492729183;0.6985652787089978,0.06826956720351221;0.06826924008688812,-5.0;-1.428147737442472|5.0;1.428147737442472,12009,0,0,0,0,0,0,0.8423967685061131,0.8247307343750109,0.5467542150903729,0.0,0.0,0.0,1.5550701205736817;0.6985655131171977
trajectory_range__box_2.0,4,ok,true,-0.28647830363546073,2,0.0;0.0;0.0;0.0,0.10305711874789347;0.11352169636453928;0.04543046978396862;0.07573549114918564,0.4;0.4;0.4;0.4,true,-0.14493433730406546,2,3.666855297152507;1.226546136898274,0.056685896631265255;0.05666726324013268,-5.0;-1.428147737442472|5.0;1.428147737442472,12009,0,0,0,0,0,0,0.7370817704615822,0.7123612142346791,0.4518141912206477,0.0,0.0,0.0,3.6668878262588556;1.226597905888407
trajectory_range__box_2.0,5,ok,true,-0.28040572043089207,2,0.0;0.0;0.0;0.0,0.10961146042833352;0.11959427956910798;0.04940755932119137;0.07581580973667236,0.4;0.4;0.4;0.4,true,-0.3485683654268492,2,0.22722980003824572;1.0195039350428483,0.06007535408710992;0.06007543697277448,-5.0;-1.428147737442472|5.0;1.428147737442472,12009,0,0,0,0,0,0,0.9059100425660597,0.8920480494828685,0.6124605405569195,0.0,0.0,0.0,0.22722979991983816;1.01950393557726
trajectory_range__box_2.0,6,ok,true,-0.2759293153336947,2,0.0;0.0;0.0;0.0,0.11121474212319148;0.1240706846663053;0.04888995498826932;0.07822293637270497,0.4;0.4;0.4;0.4,true,-1.0854445665928805,2,2.08958418137212;-0.27423062423228006,0.06847241559610222;0.06847254661731145,-5.0;-1.428147737442472|5.0;1.428147737442472,12009,0,0,0,0,0,0,0.804479655876404,0.7818269159310771,0.5082880577651343,0.0,0.0,0.0,2.0895841826429686;-0.2742299106819919
trajectory_range__box_2.0,7,ok,true,-0.26856552105793896,2,0.0;0.0;0.0;0.0,0.11339094433768715;0.13143447894206103;0.04824016807209344;0.07808741654356645,0.4;0.4;0.4;0.4,true,-0.942724597581631,2,3.317810709828205;0.4206516182595271,0.06477138933353219;0.06477152160131391,-5.0;-1.428147737442472|5.0;1.428147737442472,12009,0,0,0,0,0,0,0.7385455195913123,0.7114258583852516,0.4423921959623701,0.0,0.0,0.0,3.3178107109399346;0.42065175973315816
trajectory_range__box_2.0,8,ok,true,-0.25810154104306365,2,0.0;0.0;0.0;0.0,0.11594030348121537;0.14189845895693637;0.05247085668959113;0.08085246878530601,0.4;0.4;0.4;0.4,true,-1.3196884385688157,2,1.986904137537221;0.03838983881623126,0.0700694255332077;0.07006946005742513,-5.0;-1.428147737442472|5.0;1.428147737442472,12009,0,0,0,0,0,0,0.791608449556468,0.7696412243148943,0.49383734980273203,0.0,0.0,0.0,1.9869041417708413;0.03838985710586171
trajectory_range__box_2.0,9,ok,true,-0.24703272324575046,2,0.0;0.0;0.0;0.0,0.11701889283770779;0.15296727675424956;0.05410203521397974;0.08185343228352919,0.4;0.4;0.4;0.4,true,-0.7034206741281206,2,1.7684511830522935;0.6566261314803781,0.0681006850645072;0.06810093183397334,-5.0;-1.428147737442472|5.0;1.428147737442472,12009,0,0,0,0,0,0,0.804618944978778,0.7840530765218718,0.5084921076573123,0.0,0.0,0.0,1.7684516753272423;0.6566266767082278
trajectory_range__box_2.0,10,ok,true,-0.2360391703416284,2,0.0;0.0;0.0;0.0,0.11788716908795774;0.1639608296583716;0.05508556257513801;0.08160625133160554,0.4;0.4;0.4;0.4,true,-0.788058236268939,2,1.6007850639730563;0.570850542121351,0.06923889733328903;0.06923895905218207,-5.0;-1.428147737442472|5.0;1.428147737442472,12009,0,0,0,0,0,0,0.8163532723352602,0.7945615225558416,0.5191970383485331,0.0,0.0,0.0,1.60078512619346;0.5708503861559371
trajectory_range__box_2.0,11,ok,true,-0.22510134345934074,2,0.0;0.0;0.0;0.0,0.11812169260312827;0.17489865654065928;0.05586203233329662;0.08160263999489141,0.4;0.4;0.4;0.4,true,-0.45882038841115147,2,1.954061127178015;0.9016587588024172,0.06766915176929898;0.0676685902289034,-5.0;-1.428147737442472|5.0;1.428147737442472,12009,0,0,0,0,0,0,0.8006619674531097,0.7785324501596168,0.5033395065098781,0.0,0.0,0.0,1.954061113851151;0.9016584007899446
trajectory_range__box_2.0,12,ok,true,-0.21244982759742542,2,0.0;0.0;0.0;0.0,0.11677304678754927;0.1875501724025746;0.05708469146765843;0.08124442275897478,0.4;0.4;0.4;0.4,true,-0.960500565335894,2,2.0884229174365974;0.3988404887123167,0.06880668375274628;0.06880668339426131,-5.0;-1.428147737442472|5.0;1.428147737442472,12009,0,0,0,0,0,0,0.7997056450315698,0.7777743943263835,0.49832497187414077,0.0,0.0,0.0,2.0884229763957363;0.39884044034980737
trajectory_range__box_2.0,13,ok,true,-0.19854470854372902,2,0.0;0.0;0.0;0.0,0.11296753146097491;0.201455291456271;0.05887348249611493;0.08184999366105807,0.4;0.4;0.4;0.4,true,-0.2822196808411319,2,0.8131946826625782;1.0766737273230451,0.0692543412938315;0.06925432927829506,-5.0;-1.428147737442472|5.0;1.428147737442472,12009,0,0,0,0,0,0,0.8686551310162075,0.8530217788240987,0.5742542629005206,0.0,0.0,0.0,0.813194782497467;1.076673736508856
trajectory_range__box_2.0,14,ok,true,-0.18938968927139424,2,0.0;0.0;0.0;0.0,0.1142974141968544;0.21061031072860578;0.0589569954024687;0.08245765490418726,0.4;0.4;0.4;0.4,true,-1.0802293739633237,2,1.891620139810005;-0.275833522738102,0.07208485690448067;0.07208484074104629,-5.0;-1.428147737442472|5.0;1.428147737442472,12009,0,0,0,0,0,0,0.8123485893688172,0.7913595386949693,0.5115898508725955,0.0,0.0,0.0,1.8916197032267186;-0.2758340147088606
trajectory_range__box_2.0,15,ok,true,-0.17493520597914664,2,0.0;0.0;0.0;0.0,0.1100345525424513;0.2250647940208534;0.06047013128215105;0.08382433330030323,0.4;0.4;0.4;0.4,true,-1.044391098529739,2,2.961985002813809;-0.31771275496208806,0.06603754414398418;0.06604388395064478,-5.0;-1.428147737442472|5.0;1.428147737442472,12009,0,0,0,0,0,0,0.7624863545867546,0.7343626093170577,0.45985424150056786,0.0,0.0,0.0,2.9619815795105464;-0.3177103554809877
trajectory_range__box_2.0,16,ok,true,-0.15608606233963235,2,0.0;0.0;0.0;0.0,0.09908788658880278;0.24391393766036767;0.06457489829838263;0.0884603444451305,0.4;0.4;0.4;0.4,true,-0.8449316135380864,2,1.1436655643654658;-0.5077851118255214,0.07543132081652552;0.07543101207886412,-5.0;-1.428147737442472|5.0;1.428147737442472,12009,0,0,0,0,0,0,0.8374460630027781,0.8205563890933396,0.5377041495934713,0.0,0.0,0.0,1.1436652618505772;-0.5077852118827879
trajectory_range__box_2.0,17,ok,true,-0.14150938022902576,2,0.0;0.0;0.0;0.0,0.09709283906039583;0.25849061977097426;0.06704747937849075;0.08922037166816672,0.4;0.4;0.4;0.4,true,-0.912136441865774,2,2.7185189199063595;-0.4501268155942888,0.06588694024937662;0.06588447998240916,-5.0;-1.428147737442472|5.0;1.428147737442472,12009,0,0,0,0,0,0,0.7647411473503142,0.7321511447511763,0.46014491914917155,0.0,0.0,0.0,2.71851967995719;-0.4501319391719308
trajectory_range__box_2.0,18,ok,true,-0.12214205566798297,2,0.0;0.0;0.0;0.0,0.08593711082096844;0.27785794433201705;0.07206576617468183;0.09352006727423183,0.4;0.4;0.4;0.4,true,-1.3191053906665582,2,0.8986182653591088;0.033669187878276885,0.07537328421324405;0.07537315889763685,-5.0;-1.428147737442472|5.0;1.428147737442472,12009,0,0,0,0,0,0,0.8482163752208242,0.8336897218767854,0.5498920271061796,0.0,0.0,0.0,0.8986182334380229;0.03366910225027739
trajectory_range__box_2.0,19,ok,true,-0.10639606039058391,2,0.0;0.0;0.0;0.0,0.0838142444893849;0.2936039396094161;0.07536917416089552;0.09453771914555359,0.4;0.4;0.4;0.4,true,-0.6057347503457255,2,1.7315320942808698;-0.7503249286550528,0.07208806964413668;0.07208805844169362,-5.0;-1.428147737442472|5.0;1.428147737442472,12009,0,0,0,0,0,0,0.7990838383487583,0.7786009690467386,0.498210918486344,0.0,0.0,0.0,1.7315322790373502;-0.7503251619042461
trajectory_range__box_2.0,20,ok,true,-0.0872990287210822,2,0.0;0.0;0.0;0.0,0.07699969193888963;0.3127009712789178;0.07932094432829175;0.0954919571789962,0.4;0.4;0.4;0.4,true,-0.9341675847222497,2,2.187176133356621;-0.42269446515160336,0.07128576126873165;0.07128568756861894,-5.0;-1.428147737442472|5.0;1.428147737442472,12009,0,0,0,0,0,0,0.7858671424732401,0.7577916905282839,0.47833417716611143,0.0,0.0,0.0,2.1871740616737303;-0.42269337362931925
trajectory_range__box_2.0,21,ok,true,-0.06924749942957775,2,0.0;0.0;0.0;0.0,0.06800449916733152;0.33075250057042227;0.0839380695130616;0.09695336682910796,0.4;0.4;0.4;0.4,true,-1.1472498978743473,2,3.1799370404469656;-0.21253675134445293,0.06836109111042724;0.06836108822367187,-5.0;-1.428147737442472|5.0;1.428147737442472,12009,0,0,0,0,0,0,0.7358937692694052,0.6918344837954309,0.4139574683882115,0.0,0.0,0.0,3.179937052876044;-0.21253665460156673
trajectory_range__box_2.0,22,ok,true,-0.053075383522892816,2,0.0;0.0;0.0;0.0,0.05891219007643768;0.3469246164771072;0.09093912705776147;0.10872204358210102,0.4;0.4;0.4;0.4,true,-0.7528322618481117,2,2.1241017967247364;-0.5974896049291223,0.07782598192368201;0.07782587066523806,-5.0;-1.428147737442472|5.0;1.428147737442472,12009,0,0,0,0,0,0,0.777912323351788,0.7453649398100657,0.46447777573288834,0.0,0.0,0.0,2.1241018254489425;-0.5974895466099511
trajectory_range__box_2.0,23,ok,true,-0.035733641270647154,2,0.0;0.0;0.0;0.0,0.05739238933373453;0.36426635872935287;0.0974131513770267;0.11332858072754308,0.4;0.4;0.4;0.4,true,-0.5829439117460813,2,2.248896690060036;-0.7627335165062075,0.08247033899417422;0.0824703091901833,-5.0;-1.428147737442472|5.0;1.428147737442472,12009,0,0,0,0,0,0,0.7649775249903861,0.7326108967330723,0.4519448433993073,0.0,0.0,0.0,2.2488966481795063;-0.7627330325600711
trajectory_range__box_2.0,24,ok,true,-0.02050266715745408,2,0.0;0.0;0.0;0.0,0.0602097648385747;0.37949733284254594;0.10500222889839174;0.11989017158105539,0.4;0.4;0.4;0.4,true,-0.8947590074340015,2,2.9292779113809635;-0.4477033861425852,0.08568530812278571;0.08568534386588539,-5.0;-1.428147737442472|5.0;1.428147737442472,12009,0,0,0,0,0,0,0.7155613073800605,0.6703453397031489,0.4004141375356418,0.0,0.0,0.0,2.9292779265451667;-0.44770345915018306
trajectory_range__box_2.0,25,ok,true,-0.008141879585223721,2,0.0;0.0;0.0;0.0,0.07203878532143135;0.3918581204147763;0.11681828199928099;0.1316418034232333,0.4;0.4;0.4;0.4,true,-0.5567749330714666,2,2.564015093174932;-0.7747233950123755,0.09664922529366664;0.09664940935862983,-5.0;-1.428147737442472|5.0;1.428147737442472,12009,0,0,0,0,0,0,0.7233817649835959,0.684391322681746,0.4086398159310438,0.0,0.0,0.0,2.564013864368455;-0.7747234997712361
trajectory_range__box_2.0,26,ok,false,0.0018717360237189284,2,0.0;0.0;0.0;0.0,0.08322648659347939;0.40187173602371895;0.13034291931682002;0.14483001274832538,0.4;0.4;0.4;0.4,true,-0.7550674886683625,2,4.108795059824218;-0.5764181888233697,0.09666213430032103;0.09666205995073987,-5.0;-1.428147737442472|5.0;1.428147737442472,12009,0,3,0,0,0,0,0.5860699370162983,0.5404795320185308,0.2949943698808412,0.0,0.0,0.0,4.108795031161176;-0.576418224885079
trajectory_range__box_2.0,27,ok,false,0.00612139733692274,2,0.0;0.0;0.0;0.0,0.11023266023771486;0.40612139733692276;0.16494217563609984;0.176992986089871,0.4;0.4;0.4;0.4,true,-0.7882890190377579,2,1.8303844941134146;-0.5374027453533525,0.10245575909534149;0.10245597305136156,-5.0;-1.428147737442472|5.0;1.428147737442472,12009,0,7,0,0,0,0,0.7338587984705174,0.6927655671606459,0.41923486822557177,0.0,0.0,0.0,1.830384419896577;-0.5374026955505695
trajectory_range__box_2.0,28,ok,false,0.013948498951689536,2,0.0;0.0;0.0;0.0,0.12372253311206279;0.41394849895168956;0.18912667984045387;0.19993752632120232,0.4;0.4;0.4;0.4,true,-0.997106668721732,2,2.268158866815166;-0.3338226578567438,0.09721830374649311;0.09721841086399623,-5.0;-1.428147737442472|5.0;1.428147737442472,12009,0,16,0,0,0,0,0.6947180654778778,0.6519519336290742,0.38897260622023994,0.0,0.0,0.0,2.268158806536457;-0.33382251743429125
trajectory_range__box_2.0,29,ok,false,0.012440031411916574,2,0.0;0.0;0.0;0.0,0.15189111887131965;0.4124400314119166;0.22380131752092397;0.23248153660361334,0.4;0.4;0.4;0.4,true,-0.7507659314759192,2,2.4756117597609615;0.5900008112863699,0.08738475254505232;0.08738099468018286,-5.0;-1.428147737442472|5.0;1.428147737442472,12009,0,22,0,0,0,0,0.6945007100555042,0.6494660022289362,0.3865879923792477,0.0,0.0,0.0,2.4756096152470475;0.5900007510572585
trajectory_range__box_2.0,30,ok,true,-0.004998267224797293,2,0.0;0.0;0.0;0.0,0.19992385077091074;0.39500173277520273;0.2700876121864211;0.27586380945868305,0.4;0.4;0.4;0.4,true,-0.13256115058884355,2,2.440017973796689;1.2124269723837324,0.08316084759781243;0.08315961446989603,-5.0;-1.428147737442472|5.0;1.428147737442472,12009,0,0,0,0,0,0,0.7159287014352553,0.6671836304156803,0.3987471362721246,0.0,0.0,0.0,2.440018763688454;1.2124266327610205
trajectory_range__box_2.0,31,ok,true,-0.03383235488241282,2,0.0;0.0;0.0;0.0,0.2668955467031697;0.3661676451175872;0.32335659049365767;0.32606692441408636,0.4;0.4;0.4;0.4,true,-1.3016625003160245,2,1.7856729323455078;-0.04593674167261863,0.08054887537053576;0.08054849545382885,-5.0;-1.428147737442472|5.0;1.428147737442472,12009,0,0,0,0,0,0,0.7453765516284854,0.7088158062757512,0.4476890048229109,0.0,0.0,0.0,1.7856729203682673;-0.045936724927492456
trajectory_range__box_2.0,32,ok,true,-0.024006460986441325,2,0.0;0.0;0.0;0.0,0.3360199703374261;0.3759935390135587;0.3742324921278648;0.3751756567828848,0.4;0.4;0.4;0.4,true,-1.273946308357587,2,2.202672258242866;-0.09217456316241124,0.06202708609234252;0.06202686592247383,-5.0;-1.428147737442472|5.0;1.428147737442472,12009,0,0,0,0,0,0,0.6927906369244115,0.6546176999266273,0.41224634258907195,0.0,0.0,0.0,2.20267224055281;-0.09217452534245128
trajectory_range__box_3.0,1,ok,true,-0.5123199917854238,1,0.0;0.0;0.0;0.0,0.08768000821457629;0.08066682014185868;0.0503217515652172;0.05757587594072764,0.6000000000000001;0.6000000000000001;0.6000000000000001;0.6000000000000001,true,-1.3091513314426668,2,-2.1691956939107966;-0.0787352442774669,0.040261206186793706;0.040261161722338325,-5.0;-1.428147737442472|5.0;1.428147737442472,12009,0,0,0,0,0,0,0.8626676675255003,0.846499428165505,0.5670737498980577,0.0,0.0,0.0,-2.1691956255913296;-0.0787353833676841
trajectory_range__box_3.0,2,ok,true,-0.5094849077428627,1,0.0;0.0;0.0;0.0,0.0905150922571374;0.08887636137710761;0.048060919201505924;0.06234242697381519,0.6000000000000001;0.6000000000000001;0.6000000000000001;0.6000000000000001,true,-1.0439090171622956,2,-2.3333241064018617;-0.3382909575187967,0.045947467863179124;0.045947762761379754,-5.0;-1.428147737442472|5.0;1.428147737442472,12009,0,0,0,0,0,0,0.8509689243920748,0.8331068900822799,0.5531646128683771,0.0,0.0,0.0,-2.3333239612373;-0.3382905645385101
trajectory_range__box_3.0,3,ok,true,-0.49546016679411287,2,0.0;0.0;0.0;0.0,0.09488988095113973;0.10453983320588722;0.04474337215638636;0.07406008601949818,0.6000000000000001;0.6000000000000001;0.6000000000000001;0.6000000000000001,true,-0.6672715469441447,2,1.555070153198212;0.6985653867339967,0.06231088295081696;0.062310803764330576,-5.0;-1.428147737442472|5.0;1.428147737442472,12009,0,0,0,0,0,0,0.8436483667507064,0.8273806176278501,0.5512195816917573,0.0,0.0,0.0,1.5550701205736817;0.6985655131171977
trajectory_range__box_3.0,4,ok,true,-0.4904368182650163,2,0.0;0.0;0.0;0.0,0.0969479265637621;0.10956318173498383;0.041670485226364844;0.06899609486681905,0.6000000000000001;0.6000000000000001;0.6000000000000001;0.6000000000000001,true,-0.1508273170457448,2,3.6668529382377884;1.2265431468996582,0.050795926885657275;0.05077727349706904,-5.0;-1.428147737442472|5.0;1.428147737442472,12009,0,0,0,0,0,0,0.7377708052985854,0.7082106981622388,0.4511076912307573,0.0,0.0,0.0,3.6668878262588556;1.226597905888407
trajectory_range__box_3.0,5,ok,true,-0.48460158360820155,2,0.0;0.0;0.0;0.0,0.10302118944615414;0.11539841639179854;0.04632265658064045;0.07064637255018202,0.6000000000000001;0.6000000000000001;0.6000000000000001;0.6000000000000001,true,-0.35092601809648305,2,0.2272297908926047;1.019503926811081,0.05771794905448668;0.057717792534907914,-5.0;-1.428147737442472|5.0;1.428147737442472,12009,0,0,0,0,0,0,0.9077666394364965,0.892870436101997,0.6112021598146217,0.0,0.0,0.0,0.22722979991983816;1.01950393557726
trajectory_range__box_3.0,6,ok,true,-0.48028738484014577,2,0.0;0.0;0.0;0.0,0.10452957302212697;0.11971261515985435;0.04575709587908112;0.07277503266011626,0.6000000000000001;0.6000000000000001;0.6000000000000001;0.6000000000000001,true,-1.0899224278296742,2,2.0895843529505402;-0.2742299576461291,0.06399541607244476;0.0639953519666687,-5.0;-1.428147737442472|5.0;1.428147737442472,12009,0,0,0,0,0,0,0.8055730208502355,0.7832444535447449,0.5069766887646597,0.0,0.0,0.0,2.0895841826429686;-0.2742299106819919
trajectory_range__box_3.0,7,ok,true,-0.4732186492219834,2,0.0;0.0;0.0;0.0,0.10655309979244941;0.1267813507780167;0.04515511767579953;0.072583117164214,0.6000000000000001;0.6000000000000001;0.6000000000000001;0.6000000000000001,true,-0.9476617305168515,2,3.317810669291692;0.420651651417153,0.0598342220727098;0.05983435550846746,-5.0;-1.428147737442472|5.0;1.428147737442472,12009,0,0,0,0,0,0,0.7421632047503577,0.714243809172107,0.4446867043452557,0.0,0.0,0.0,3.3178107109399346;0.42065175973315816
trajectory_range__box_3.0,8,ok,true,-0.4633502027571227,2,0.0;0.0;0.0;0.0,0.10883806943416578;0.1366497972428774;0.04929411329800691;0.07531690715603197,0.6000000000000001;0.6000000000000001;0.6000000000000001;0.6000000000000001,true,-1.324339041004261,2,1.9869041809050734;0.03838984089392139,0.06541877321604621;0.06541885554428972,-5.0;-1.428147737442472|5.0;1.428147737442472,12009,0,0,0,0,0,0,0.7933243345445998,0.7690433477078794,0.49419669506785574,0.0,0.0,0.0,1.9869041417708413;0.03838985710586171
trajectory_range__box_3.0,9,ok,true,-0.45288851140999364,2,0.0;0.0;0.0;0.0,0.10984802920731063;0.14711148859000645;0.05080070952970626;0.07619826992653965,0.6000000000000001;0.6000000000000001;0.6000000000000001;0.6000000000000001,true,-0.7081057144044723,2,1.7684515310468778;0.6566264975519944,0.06341580402117301;0.06341552548600524,-5.0;-1.428147737442472|5.0;1.428147737442472,12009,0,0,0,0,0,0,0.8049740261502979,0.7835274325320277,0.5074204600010125,0.0,0.0,0.0,1.7684516753272423;0.6566266767082278
trajectory_range__box_3.0,10,ok,true,-0.4424795398087116,2,0.0;0.0;0.0;0.0,0.11068797992127302;0.1575204601912885;0.051731534786663765;0.07601549512078087,0.6000000000000001;0.6000000000000001;0.6000000000000001;0.6000000000000001,true,-0.7925471439197287,2,1.6007853116921806;0.5708503823543357,0.06475016136235136;0.06475021116840762,-5.0;-1.428147737442472|5.0;1.428147737442472,12009,0,0,0,0,0,0,0.8156515482356731,0.7957058791773348,0.5174474170305255,0.0,0.0,0.0,1.60078512619346;0.5708503861559371
trajectory_range__box_3.0,11,ok,true,-0.4320839237731794,2,0.0;0.0;0.0;0.0,0.1109539675264154;0.1679160762268207;0.052454025738845896;0.07605955941523106,0.6000000000000001;0.6000000000000001;0.6000000000000001;0.6000000000000001,true,-0.4637166172776823,2,1.9540612803145416;0.9016580240234673,0.06277318062842055;0.06277309614132243,-5.0;-1.428147737442472|5.0;1.428147737442472,12009,0,0,0,0,0,0,0.8007681402131847,0.7775675061277095,0.5035084970849517,0.0,0.0,0.0,1.954061113851151;0.9016584007899446
trajectory_range__box_3.0,12,ok,true,-0.42009629212356214,2,0.0;0.0;0.0;0.0,0.10976547070871051;0.17990370787643792;0.053697989679257534;0.07593175295397486,0.6000000000000001;0.6000000000000001;0.6000000000000001;0.6000000000000001,true,-0.9655226230757634,2,2.0884229897672872;0.39884047778511256,0.0637846822492958;0.0637846365815961,-5.0;-1.428147737442472|5.0;1.428147737442472,12009,0,0,0,0,0,0,0.7978941477806898,0.7766082573052967,0.49847366473449056,0.0,0.0,0.0,2.0884229763957363;0.39884044034980737
trajectory_range__box_3.0,13,ok,true,-0.4068896574491434,2,0.0;0.0;0.0;0.0,0.10631266079589408;0.19311034255085668;0.05549942433845172;0.07669083115508223,0.6000000000000001;0.6000000000000001;0.6000000000000001;0.6000000000000001,true,-0.28567721921251277,2,0.813194847387011;1.0766737667457478,0.06579666350236966;0.06579675148421145,-5.0;-1.428147737442472|5.0;1.428147737442472,12009,0,0,0,0,0,0,0.8681558963620746,0.853028620256001,0.5715338788028631,0.0,0.0,0.0,0.813194782497467;1.076673736508856
trajectory_range__box_3.0,14,ok,true,-0.397961422632334,2,0.0;0.0;0.0;0.0,0.10766401171177668;0.20203857736766606;0.0556006929877053;0.07721362213793304,0.6000000000000001;0.6000000000000001;0.6000000000000001;0.6000000000000001,true,-1.0856321008179044,2,1.8916129884199506;-0.2758576159430015,0.06665687295871693;0.06665802068156616,-5.0;-1.428147737442472|5.0;1.428147737442472,12009,0,0,0,0,0,0,0.8101847676404965,0.7912924046568738,0.5102000061588212,0.0,0.0,0.0,1.8916197032267186;-0.2758340147088606
trajectory_range__box_3.0,15,ok,true,-0.3840626506084332,2,0.0;0.0;0.0;0.0,0.10382383919620355;0.2159373493915669;0.057198258788631814;0.07866373316403279,0.6000000000000001;0.6000000000000001;0.6000000000000001;0.6000000000000001,true,-1.050089994102856,2,2.9619818585519804;-0.3177098787720891,0.06034734352053753;0.06034786456752681,-5.0;-1.428147737442472|5.0;1.428147737442472,12009,0,0,0,0,0,0,0.7657954302752787,0.7336895760380554,0.4612841275539944,0.0,0.0,0.0,2.9619815795105464;-0.3177103554809877
trajectory_range__box_3.0,16,ok,true,-0.36606458263096964,2,0.0;0.0;0.0;0.0,0.09364627210882824;0.23393541736903045;0.06130565819785121;0.08345461696949935,0.6000000000000001;0.6000000000000001;0.6000000000000001;0.6000000000000001,true,-0.8499191680714974,2,1.1436652895042627;-0.507785333383489,0.07044334510500128;0.07044323598748574,-5.0;-1.428147737442472|5.0;1.428147737442472,12009,0,0,0,0,0,0,0.8391615216308607,0.824777481608845,0.5381292187165243,0.0,0.0,0.0,1.1436652618505772;-0.5077852118827879
trajectory_range__box_3.0,17,ok,true,-0.3522734412615551,2,0.0;0.0;0.0;0.0,0.09184138202657338;0.247726558738445;0.06353310909139734;0.08398415354368624,0.6000000000000001;0.6000000000000001;0.6000000000000001;0.6000000000000001,true,-0.9175472493379861,2,2.7185192981005413;-0.45013077419679925,0.06046956889454971;0.06046971390768657,-5.0;-1.428147737442472|5.0;1.428147737442472,12009,0,0,0,0,0,0,0.7658477572814055,0.7359119309112646,0.46000117671635155,0.0,0.0,0.0,2.71851967995719;-0.4501319391719308
trajectory_range__box_3.0,18,ok,true,-0.3344589520405618,2,0.0;0.0;0.0;0.0,0.0816422046933263;0.2655410479594383;0.0684303011609163;0.08872257268899417,0.6000000000000001;0.6000000000000001;0.6000000000000001;0.6000000000000001,true,-1.3227883262558022,2,0.8986182085730441;0.03366884876608944,0.07169051000587791;0.07169056242058046,-5.0;-1.428147737442472|5.0;1.428147737442472,12009,0,0,0,0,0,0,0.8498660199078178,0.835859564730408,0.5494667101517055,0.0,0.0,0.0,0.8986182334380229;0.03366910225027739
trajectory_range__box_3.0,19,ok,true,-0.31975462713087777,2,0.0;0.0;0.0;0.0,0.07980694810036278;0.2802453728691223;0.07139034813638037;0.08940413282276359,0.6000000000000001;0.6000000000000001;0.6000000000000001;0.6000000000000001,true,-0.611348426741433,2,1.7315322993673492;-0.750325461893099,0.06647396130917416;0.06647384880794005,-5.0;-1.428147737442472|5.0;1.428147737442472,12009,0,0,0,0,0,0,0.8073743410815714,0.7845725908541933,0.502674108571568,0.0,0.0,0.0,1.7315322790373502;-0.7503251619042461
trajectory_range__box_3.0,20,ok,true,-0.3025110474743563,2,0.0;0.0;0.0;0.0,0.07368892319819521;0.2974889525256438;0.0749165817242369;0.09020768166714221,0.6000000000000001;0.6000000000000001;0.6000000000000001;0.6000000000000001,true,-0.9390599932977199,2,2.1871742573024155;-0.4226923854225437,0.06639495233792844;0.06639535872220832,-5.0;-1.428147737442472|5.0;1.428147737442472,12009,0,0,0,0,0,0,0.7938948494737998,0.767731982706327,0.48619234723696364,0.0,0.0,0.0,2.1871740616737303;-0.42269337362931925
trajectory_range__box_3.0,21,ok,true,-0.2869766217413127,2,0.0;0.0;0.0;0.0,0.0656830620769156;0.31302337825868737;0.0789300883537209;0.09136391531945268,0.6000000000000001;0.6000000000000001;0.6000000000000001;0.6000000000000001,true,-1.1510053287458981,2,3.1799371380337007;-0.21253698374671037,0.064605619219758;0.06460542494986343,-5.0;-1.428147737442472|5.0;1.428147737442472,12009,0,0,0,0,0,0,0.7462877890339605,0.7013159936094265,0.4205272766259572,0.0,0.0,0.0,3.179937052876044;-0.21253665460156673
trajectory_range__box_3.0,22,ok,true,-0.273612157676204,2,0.0;0.0;0.0;0.0,0.05813962840059515;0.3263878423237961;0.08514138396183432;0.1022715114170058,0.6000000000000001;0.6000000000000001;0.6000000000000001;0.6000000000000001,true,-0.7577313053310251,2,2.1241025013148382;-0.597488851289735,0.0729277783050104;0.07292758082171208,-5.0;-1.428147737442472|5.0;1.428147737442472,12009,0,0,0,0,0,0,0.7841360541405492,0.7507165038777035,0.47182514406124937,0.0,0.0,0.0,2.1241018254489425;-0.5974895466099511
trajectory_range__box_3.0,23,ok,true,-0.2587241032363186,2,0.0;0.0;0.0;0.0,0.057244573717560296;0.3412758967636815;0.09088470064482725;0.10614279726228261,0.6000000000000001;0.6000000000000001;0.6000000000000001;0.6000000000000001,true,-0.587958373576918,2,2.2488967658954095;-0.7627333849783193,0.07745594023168971;0.0774559788872346,-5.0;-1.428147737442472|5.0;1.428147737442472,12009,0,0,0,0,0,0,0.7716443006321062,0.7348447559168015,0.45603129933132813,0.0,0.0,0.0,2.2488966481795063;-0.7627330325600711
trajectory_range__box_3.0,24,ok,true,-0.24599225032023259,2,0.0;0.0;0.0;0.0,0.059984443688713654;0.3540077496797675;0.09762456919554899;0.11166312367410208,0.6000000000000001;0.6000000000000001;0.6000000000000001;0.6000000000000001,true,-0.8992783338897037,2,2.9292779634926074;-0.4477029026392456,0.08116644707986768;0.08116650091352275,-5.0;-1.428147737442472|5.0;1.428147737442472,12009,0,0,0,0,0,0,0.7181652693002741,0.6825463783074062,0.4068710578185689,0.0,0.0,0.0,2.9292779265451667;-0.44770345915018306
trajectory_range__box_3.0,25,ok,true,-0.23608774783992015,2,0.0;0.0;0.0;0.0,0.07063517784340782;0.36391225216007994;0.10806514670930388;0.12201248108718511,0.6000000000000001;0.6000000000000001;0.6000000000000001;0.6000000000000001,true,-0.5629159161005024,2,2.564013649020704;-0.7747232818850733,0.09050762189896418;0.09050853945689628,-5.0;-1.428147737442472|5.0;1.428147737442472,12009,0,0,0,0,0,0,0.7253904194523049,0.6849964321788016,0.408332774516083,0.0,0.0,0.0,2.564013864368455;-0.7747234997712361
trajectory_range__box_3.0,26,ok,true,-0.22726438056774556,2,0.0;0.0;0.0;0.0,0.08088759871559645;0.37273561943225453;0.12050423414931628;0.1341266305032187,0.6000000000000001;0.6000000000000001;0.6000000000000001;0.6000000000000001,true,-0.7610440787971104,2,4.108794972354474;-0.5764155028888727,0.09068915040638777;0.09068815575648892,-5.0;-1.428147737442472|5.0;1.428147737442472,12009,0,0,0,0,0,0,0.5805697034352099,0.5324670644301565,0.28769026601029274,0.0,0.0,0.0,4.108795031161176;-0.576418224885079
trajectory_range__box_3.0,27,ok,true,-0.2210062762223693,2,0.0;0.0;0.0;0.0,0.10660346514042499;0.3789937237776308;0.15378672819234682;0.1651486472287775,0.6000000000000001;0.6000000000000001;0.6000000000000001;0.6000000000000001,true,-0.7952175079989278,2,1.8303844179164699;-0.5374026595481505,0.0955274892154159;0.09552756989539375,-5.0;-1.428147737442472|5.0;1.428147737442472,12009,0,0,0,0,0,0,0.7297600246524453,0.6905239495469208,0.4172465089040144,0.0,0.0,0.0,1.830384419896577;-0.5374026955505695
trajectory_range__box_3.0,28,ok,true,-0.21251749142139237,2,0.0;0.0;0.0;0.0,0.12008993366346436;0.3874825085786077;0.1769780161777531;0.18719919000459376,0.6000000000000001;0.6000000000000001;0.6000000000000001;0.6000000000000001,true,-1.0032408564997748,2,2.2681588438062166;-0.3338226159825952,0.09108431997251677;0.09108426496010202,-5.0;-1.428147737442472|5.0;1.428147737442472,12009,0,0,0,0,0,0,0.6891623922266709,0.6452523586500009,0.38573721054540094,0.0,0.0,0.0,2.268158806536457;-0.33382251743429125
trajectory_range__box_3.0,29,ok,true,-0.2127051561786471,2,0.0;0.0;0.0;0.0,0.14734128824933473;0.387294843821353;0.21028196341983346;0.2185207535283563,0.6000000000000001;0.6000000000000001;0.6000000000000001;0.6000000000000001,true,-0.7571985843745461,2,2.4756108303681534;0.5900003994106138,0.08094818742235195;0.08094875365731213,-5.0;-1.428147737442472|5.0;1.428147737442472,12009,0,0,0,0,0,0,0.682671001965657,0.6376361698782946,0.3815581670214549,0.0,0.0,0.0,2.4756096152470475;0.5900007510572585
trajectory_range__box_3.0,30,ok,true,-0.22702609537999002,2,0.0;0.0;0.0;0.0,0.19383329275983435;0.37297390462001007;0.25562583268583927;0.26115513081634,0.6000000000000001;0.6000000000000001;0.6000000000000001;0.6000000000000001,true,-0.1399190689675831,2,2.440021180215588;1.2124277956872507,0.07580239128451012;0.07580087278763818,-5.0;-1.428147737442472|5.0;1.428147737442472,12009,0,0,0,0,0,0,0.6897940383981883,0.6500116303588149,0.38836316706985075,0.0,0.0,0.0,2.440018763688454;1.2124266327610205
trajectory_range__box_3.0,31,ok,true,-0.24841924216720956,2,0.0;0.0;0.0;0.0,0.2605924567291994;0.3515807578327905;0.31183517172553143;0.31448388671835265,0.6000000000000001;0.6000000000000001;0.6000000000000001;0.6000000000000001,true,-1.3094517261478456,2,1.7856729202718977;-0.045936731097788064,0.07275944110583;0.07275928019683833,-5.0;-1.428147737442472|5.0;1.428147737442472,12009,0,0,0,0,0,0,0.7345226776909658,0.6928148957521078,0.43649709648641105,0.0,0.0,0.0,1.7856729203682673;-0.045936724927492456
trajectory_range__box_3.0,32,ok,true,-0.23393142631660369,2,0.0;0.0;0.0;0.0,0.3317597453615981;0.3660685736833964;0.36494574898701837;0.36586845960587644,0.6000000000000001;0.6000000000000001;0.6000000000000001;0.6000000000000001,true,-1.2800477151183962,2,2.2026722210183696;-0.09217451057102988,0.05592552090737986;0.05592551175304604,-5.0;-1.428147737442472|5.0;1.428147737442472,12009,0,0,0,0,0,0,0.6679179760645957,0.6343315394897909,0.3954995275390102,0.0,0.0,0.0,2.20267224055281;-0.09217452534245128
